Time(s),HeartRate(1/min),OxygenSaturation,MeanArterialPressure(mmHg),CardiacOutput(mL/min)
0.00,72.000000,0.974125,95.323418,5785.895505
0.02,72.000000,0.974125,95.323418,5785.895505
0.04,72.000000,0.974125,95.323418,5785.895505
0.06,72.000000,0.974125,95.323418,5785.895505
0.08,72.000000,0.974125,95.323418,5785.895505
0.10,72.000000,0.974125,95.323418,5785.895505
0.12,72.000000,0.974125,95.323418,5785.895505
0.14,72.000000,0.974125,95.323418,5785.895505
0.16,72.000000,0.974125,95.323418,5785.895505
0.18,72.000000,0.974125,95.323418,5785.895505
0.20,72.000000,0.974125,95.323418,5785.895505
0.22,72.000000,0.974125,95.323418,5785.895505
0.24,72.000000,0.974125,95.323418,5785.895505
0.26,72.000000,0.974125,95.323418,5785.895505
0.28,72.000000,0.974125,95.323418,5785.895505
0.30,72.000000,0.974125,95.323418,5785.895505
0.32,72.000000,0.974125,95.323418,5785.895505
0.34,72.000000,0.974125,95.323418,5785.895505
0.36,72.000000,0.974125,95.323418,5785.895505
0.38,72.000000,0.974125,95.323418,5785.895505
0.40,72.002284,0.974125,95.325413,5785.965975
0.42,72.002284,0.974125,95.325413,5785.965975
0.44,72.002284,0.974125,95.325413,5785.965975
0.46,72.002284,0.974125,95.325413,5785.965975
0.48,72.002284,0.974125,95.325413,5785.965975
0.50,72.002284,0.974121,95.325413,5785.965975
0.52,72.002284,0.974114,95.325413,5785.965975
0.54,72.002284,0.974106,95.325413,5785.965975
0.56,72.002284,0.974099,95.325413,5785.965975
0.58,72.002284,0.974092,95.325413,5785.965975
0.60,72.002284,0.974086,95.325413,5785.965975
0.62,72.002284,0.974081,95.325413,5785.965975
0.64,72.002284,0.974077,95.325413,5785.965975
0.66,72.002284,0.974074,95.325413,5785.965975
0.68,72.002284,0.974071,95.325413,5785.965975
0.70,72.002284,0.974069,95.325413,5785.965975
0.72,72.002284,0.974067,95.325413,5785.965975
0.74,72.002284,0.974065,95.325413,5785.965975
0.76,72.002284,0.974063,95.325413,5785.965975
0.78,72.002284,0.974062,95.325413,5785.965975
0.80,72.002284,0.974062,95.325413,5785.965975
0.82,72.002284,0.974062,95.325413,5785.965975
0.84,72.002284,0.974062,95.325413,5785.965975
0.86,72.002284,0.974062,95.325413,5785.965975
0.88,72.002284,0.974062,95.325413,5785.965975
0.90,72.002284,0.974062,95.325413,5785.965975
0.92,72.002284,0.974062,95.325413,5785.965975
0.94,72.002284,0.974062,95.325413,5785.965975
0.96,72.002284,0.974062,95.325413,5785.965975
0.98,72.002284,0.974062,95.325413,5785.965975
1.00,72.002284,0.974062,95.325413,5785.965975
1.02,72.002284,0.974062,95.325413,5785.965975
1.04,72.002284,0.974062,95.325413,5785.965975
1.06,72.002284,0.974062,95.325413,5785.965975
1.08,72.002284,0.974062,95.325413,5785.965975
1.10,72.002284,0.974062,95.325413,5785.965975
1.12,72.002284,0.974062,95.325413,5785.965975
1.14,72.002284,0.974062,95.325413,5785.965975
1.16,72.002284,0.974062,95.325413,5785.965975
1.18,72.002284,0.974062,95.325413,5785.965975
1.20,72.002284,0.974062,95.325413,5785.965975
1.22,72.002284,0.974062,95.325413,5785.965975
1.24,72.004456,0.974062,95.330539,5786.797873
1.26,72.004456,0.974062,95.330539,5786.797873
1.28,72.004456,0.974062,95.330539,5786.797873
1.30,72.004456,0.974062,95.330539,5786.797873
1.32,72.004456,0.974062,95.330539,5786.797873
1.34,72.004456,0.974057,95.330539,5786.797873
1.36,72.004456,0.974050,95.330539,5786.797873
1.38,72.004456,0.974042,95.330539,5786.797873
1.40,72.004456,0.974034,95.330539,5786.797873
1.42,72.004456,0.974026,95.330539,5786.797873
1.44,72.004456,0.974020,95.330539,5786.797873
1.46,72.004456,0.974015,95.330539,5786.797873
1.48,72.004456,0.974010,95.330539,5786.797873
1.50,72.004456,0.974007,95.330539,5786.797873
1.52,72.004456,0.974004,95.330539,5786.797873
1.54,72.004456,0.974001,95.330539,5786.797873
1.56,72.004456,0.973999,95.330539,5786.797873
1.58,72.004456,0.973997,95.330539,5786.797873
1.60,72.004456,0.973996,95.330539,5786.797873
1.62,72.004456,0.973994,95.330539,5786.797873
1.64,72.004456,0.973994,95.330539,5786.797873
1.66,72.004456,0.973994,95.330539,5786.797873
1.68,72.004456,0.973994,95.330539,5786.797873
1.70,72.004456,0.973994,95.330539,5786.797873
1.72,72.004456,0.973994,95.330539,5786.797873
1.74,72.004456,0.973994,95.330539,5786.797873
1.76,72.004456,0.973994,95.330539,5786.797873
1.78,72.004456,0.973994,95.330539,5786.797873
1.80,72.004456,0.973994,95.330539,5786.797873
1.82,72.004456,0.973994,95.330539,5786.797873
1.84,72.004456,0.973994,95.330539,5786.797873
1.86,72.004456,0.973994,95.330539,5786.797873
1.88,72.004456,0.973994,95.330539,5786.797873
1.90,72.004456,0.973994,95.330539,5786.797873
1.92,72.004456,0.973994,95.330539,5786.797873
1.94,72.004456,0.973994,95.330539,5786.797873
1.96,72.004456,0.973994,95.330539,5786.797873
1.98,72.004456,0.973994,95.330539,5786.797873
2.00,72.004456,0.973994,95.330539,5786.797873
2.02,72.004456,0.973994,95.330539,5786.797873
2.04,72.004456,0.973994,95.330539,5786.797873
2.06,72.004456,0.973994,95.330539,5786.797873
2.08,72.006378,0.973994,95.332234,5786.864585
2.10,72.006378,0.973994,95.332234,5786.864585
2.12,72.006378,0.973994,95.332234,5786.864585
2.14,72.006378,0.973994,95.332234,5786.864585
2.16,72.006378,0.973994,95.332234,5786.864585
2.18,72.006378,0.973994,95.332234,5786.864585
2.20,72.006378,0.973995,95.332234,5786.864585
2.22,72.006378,0.973995,95.332234,5786.864585
2.24,72.006378,0.973996,95.332234,5786.864585
2.26,72.006378,0.973997,95.332234,5786.864585
2.28,72.006378,0.973997,95.332234,5786.864585
2.30,72.006378,0.973997,95.332234,5786.864585
2.32,72.006378,0.973998,95.332234,5786.864585
2.34,72.006378,0.973998,95.332234,5786.864585
2.36,72.006378,0.973998,95.332234,5786.864585
2.38,72.006378,0.973999,95.332234,5786.864585
2.40,72.006378,0.973999,95.332234,5786.864585
2.42,72.006378,0.973999,95.332234,5786.864585
2.44,72.006378,0.973999,95.332234,5786.864585
2.46,72.006378,0.973999,95.332234,5786.864585
2.48,72.006378,0.973999,95.332234,5786.864585
2.50,72.006378,0.973999,95.332234,5786.864585
2.52,72.006378,0.973999,95.332234,5786.864585
2.54,72.006378,0.973999,95.332234,5786.864585
2.56,72.006378,0.973999,95.332234,5786.864585
2.58,72.006378,0.973999,95.332234,5786.864585
2.60,72.006378,0.973999,95.332234,5786.864585
2.62,72.006378,0.973999,95.332234,5786.864585
2.64,72.006378,0.973999,95.332234,5786.864585
2.66,72.006378,0.973999,95.332234,5786.864585
2.68,72.006378,0.973999,95.332234,5786.864585
2.70,72.006378,0.973999,95.332234,5786.864585
2.72,72.006378,0.973999,95.332234,5786.864585
2.74,72.006378,0.973999,95.332234,5786.864585
2.76,72.006378,0.973999,95.332234,5786.864585
2.78,72.006378,0.973999,95.332234,5786.864585
2.80,72.006378,0.973999,95.332234,5786.864585
2.82,72.006378,0.973999,95.332234,5786.864585
2.84,72.006378,0.973999,95.332234,5786.864585
2.86,72.006378,0.973999,95.332234,5786.864585
2.88,72.006378,0.973999,95.332234,5786.864585
2.90,72.006378,0.973999,95.332234,5786.864585
2.92,72.007969,0.973999,95.331767,5786.972176
2.94,72.007969,0.973999,95.331767,5786.972176
2.96,72.007969,0.973999,95.331767,5786.972176
2.98,72.007969,0.973999,95.331767,5786.972176
3.00,72.007969,0.973999,95.331767,5786.972176
3.02,72.007969,0.974003,95.331767,5786.972176
3.04,72.007969,0.974009,95.331767,5786.972176
3.06,72.007969,0.974016,95.331767,5786.972176
3.08,72.007969,0.974023,95.331767,5786.972176
3.10,72.007969,0.974029,95.331767,5786.972176
3.12,72.007969,0.974034,95.331767,5786.972176
3.14,72.007969,0.974039,95.331767,5786.972176
3.16,72.007969,0.974042,95.331767,5786.972176
3.18,72.007969,0.974045,95.331767,5786.972176
3.20,72.007969,0.974048,95.331767,5786.972176
3.22,72.007969,0.974050,95.331767,5786.972176
3.24,72.007969,0.974052,95.331767,5786.972176
3.26,72.007969,0.974054,95.331767,5786.972176
3.28,72.007969,0.974055,95.331767,5786.972176
3.30,72.007969,0.974056,95.331767,5786.972176
3.32,72.007969,0.974057,95.331767,5786.972176
3.34,72.007969,0.974057,95.331767,5786.972176
3.36,72.007969,0.974057,95.331767,5786.972176
3.38,72.007969,0.974057,95.331767,5786.972176
3.40,72.007969,0.974057,95.331767,5786.972176
3.42,72.007969,0.974057,95.331767,5786.972176
3.44,72.007969,0.974057,95.331767,5786.972176
3.46,72.007969,0.974057,95.331767,5786.972176
3.48,72.007969,0.974057,95.331767,5786.972176
3.50,72.007969,0.974057,95.331767,5786.972176
3.52,72.007969,0.974056,95.331767,5786.972176
3.54,72.007969,0.974056,95.331767,5786.972176
3.56,72.007969,0.974056,95.331767,5786.972176
3.58,72.007969,0.974056,95.331767,5786.972176
3.60,72.007969,0.974056,95.331767,5786.972176
3.62,72.007969,0.974056,95.331767,5786.972176
3.64,72.007969,0.974056,95.331767,5786.972176
3.66,72.007969,0.974056,95.331767,5786.972176
3.68,72.007969,0.974056,95.331767,5786.972176
3.70,72.007969,0.974056,95.331767,5786.972176
3.72,72.007969,0.974056,95.331767,5786.972176
3.74,72.007969,0.974056,95.331767,5786.972176
3.76,72.009232,0.974056,95.318213,5785.234494
3.78,72.009232,0.974056,95.318213,5785.234494
3.80,72.009232,0.974056,95.318213,5785.234494
3.82,72.009232,0.974056,95.318213,5785.234494
3.84,72.009232,0.974057,95.318213,5785.234494
3.86,72.009232,0.974060,95.318213,5785.234494
3.88,72.009232,0.974066,95.318213,5785.234494
3.90,72.009232,0.974073,95.318213,5785.234494
3.92,72.009232,0.974080,95.318213,5785.234494
3.94,72.009232,0.974086,95.318213,5785.234494
3.96,72.009232,0.974091,95.318213,5785.234494
3.98,72.009232,0.974096,95.318213,5785.234494
4.00,72.009232,0.974099,95.318213,5785.234494
4.02,72.009232,0.974102,95.318213,5785.234494
4.04,72.009232,0.974105,95.318213,5785.234494
4.06,72.009232,0.974107,95.318213,5785.234494
4.08,72.009232,0.974109,95.318213,5785.234494
4.10,72.009232,0.974111,95.318213,5785.234494
4.12,72.009232,0.974112,95.318213,5785.234494
4.14,72.009232,0.974113,95.318213,5785.234494
4.16,72.009232,0.974113,95.318213,5785.234494
4.18,72.009232,0.974113,95.318213,5785.234494
4.20,72.009232,0.974113,95.318213,5785.234494
4.22,72.009232,0.974113,95.318213,5785.234494
4.24,72.009232,0.974113,95.318213,5785.234494
4.26,72.009232,0.974113,95.318213,5785.234494
4.28,72.009232,0.974113,95.318213,5785.234494
4.30,72.009232,0.974113,95.318213,5785.234494
4.32,72.009232,0.974113,95.318213,5785.234494
4.34,72.009232,0.974113,95.318213,5785.234494
4.36,72.009232,0.974113,95.318213,5785.234494
4.38,72.009232,0.974113,95.318213,5785.234494
4.40,72.009232,0.974113,95.318213,5785.234494
4.42,72.009232,0.974113,95.318213,5785.234494
4.44,72.009232,0.974113,95.318213,5785.234494
4.46,72.009232,0.974113,95.318213,5785.234494
4.48,72.009232,0.974113,95.318213,5785.234494
4.50,72.009232,0.974113,95.318213,5785.234494
4.52,72.009232,0.974113,95.318213,5785.234494
4.54,72.009232,0.974113,95.318213,5785.234494
4.56,72.009232,0.974113,95.318213,5785.234494
4.58,72.009232,0.974113,95.318213,5785.234494
4.60,72.010588,0.974113,95.319756,5786.717805
4.62,72.010588,0.974113,95.319756,5786.717805
4.64,72.010588,0.974113,95.319756,5786.717805
4.66,72.010588,0.974113,95.319756,5786.717805
4.68,72.010588,0.974113,95.319756,5786.717805
4.70,72.010588,0.974114,95.319756,5786.717805
4.72,72.010588,0.974115,95.319756,5786.717805
4.74,72.010588,0.974116,95.319756,5786.717805
4.76,72.010588,0.974117,95.319756,5786.717805
4.78,72.010588,0.974118,95.319756,5786.717805
4.80,72.010588,0.974119,95.319756,5786.717805
4.82,72.010588,0.974119,95.319756,5786.717805
4.84,72.010588,0.974120,95.319756,5786.717805
4.86,72.010588,0.974120,95.319756,5786.717805
4.88,72.010588,0.974121,95.319756,5786.717805
4.90,72.010588,0.974121,95.319756,5786.717805
4.92,72.010588,0.974121,95.319756,5786.717805
4.94,72.010588,0.974122,95.319756,5786.717805
4.96,72.010588,0.974122,95.319756,5786.717805
4.98,72.010588,0.974122,95.319756,5786.717805
5.00,72.010588,0.974122,95.319756,5786.717805
5.02,72.010588,0.974122,95.319756,5786.717805
5.04,72.010588,0.974122,95.319756,5786.717805
5.06,72.010588,0.974122,95.319756,5786.717805
5.08,72.010588,0.974122,95.319756,5786.717805
5.10,72.010588,0.974122,95.319756,5786.717805
5.12,72.010588,0.974122,95.319756,5786.717805
5.14,72.010588,0.974122,95.319756,5786.717805
5.16,72.010588,0.974122,95.319756,5786.717805
5.18,72.010588,0.974122,95.319756,5786.717805
5.20,72.010588,0.974122,95.319756,5786.717805
5.22,72.010588,0.974122,95.319756,5786.717805
5.24,72.010588,0.974122,95.319756,5786.717805
5.26,72.010588,0.974122,95.319756,5786.717805
5.28,72.010588,0.974122,95.319756,5786.717805
5.30,72.010588,0.974122,95.319756,5786.717805
5.32,72.010588,0.974122,95.319756,5786.717805
5.34,72.010588,0.974122,95.319756,5786.717805
5.36,72.010588,0.974122,95.319756,5786.717805
5.38,72.010588,0.974122,95.319756,5786.717805
5.40,72.010588,0.974122,95.319756,5786.717805
5.42,72.010588,0.974122,95.319756,5786.717805
5.44,72.012012,0.974122,95.321705,5786.768481
5.46,72.012012,0.974122,95.321705,5786.768481
5.48,72.012012,0.974122,95.321705,5786.768481
5.50,72.012012,0.974122,95.321705,5786.768481
5.52,72.012012,0.974122,95.321705,5786.768481
5.54,72.012012,0.974117,95.321705,5786.768481
5.56,72.012012,0.974110,95.321705,5786.768481
5.58,72.012012,0.974102,95.321705,5786.768481
5.60,72.012012,0.974094,95.321705,5786.768481
5.62,72.012012,0.974087,95.321705,5786.768481
5.64,72.012012,0.974081,95.321705,5786.768481
5.66,72.012012,0.974075,95.321705,5786.768481
5.68,72.012012,0.974071,95.321705,5786.768481
5.70,72.012012,0.974067,95.321705,5786.768481
5.72,72.012012,0.974064,95.321705,5786.768481
5.74,72.012012,0.974062,95.321705,5786.768481
5.76,72.012012,0.974060,95.321705,5786.768481
5.78,72.012012,0.974058,95.321705,5786.768481
5.80,72.012012,0.974056,95.321705,5786.768481
5.82,72.012012,0.974055,95.321705,5786.768481
5.84,72.012012,0.974054,95.321705,5786.768481
5.86,72.012012,0.974054,95.321705,5786.768481
5.88,72.012012,0.974054,95.321705,5786.768481
5.90,72.012012,0.974054,95.321705,5786.768481
5.92,72.012012,0.974054,95.321705,5786.768481
5.94,72.012012,0.974054,95.321705,5786.768481
5.96,72.012012,0.974054,95.321705,5786.768481
5.98,72.012012,0.974054,95.321705,5786.768481
6.00,72.012012,0.974054,95.321705,5786.768481
6.02,72.012012,0.974054,95.321705,5786.768481
6.04,72.012012,0.974054,95.321705,5786.768481
6.06,72.012012,0.974054,95.321705,5786.768481
6.08,72.012012,0.974054,95.321705,5786.768481
6.10,72.012012,0.974054,95.321705,5786.768481
6.12,72.012012,0.974054,95.321705,5786.768481
6.14,72.012012,0.974054,95.321705,5786.768481
6.16,72.012012,0.974054,95.321705,5786.768481
6.18,72.012012,0.974054,95.321705,5786.768481
6.20,72.012012,0.974054,95.321705,5786.768481
6.22,72.012012,0.974054,95.321705,5786.768481
6.24,72.012012,0.974054,95.321705,5786.768481
6.26,72.012012,0.974054,95.321705,5786.768481
6.28,72.013489,0.974054,95.327621,5787.546939
6.30,72.013489,0.974054,95.327621,5787.546939
6.32,72.013489,0.974054,95.327621,5787.546939
6.34,72.013489,0.974054,95.327621,5787.546939
6.36,72.013489,0.974054,95.327621,5787.546939
6.38,72.013489,0.974050,95.327621,5787.546939
6.40,72.013489,0.974043,95.327621,5787.546939
6.42,72.013489,0.974035,95.327621,5787.546939
6.44,72.013489,0.974027,95.327621,5787.546939
6.46,72.013489,0.974020,95.327621,5787.546939
6.48,72.013489,0.974014,95.327621,5787.546939
6.50,72.013489,0.974009,95.327621,5787.546939
6.52,72.013489,0.974004,95.327621,5787.546939
6.54,72.013489,0.974001,95.327621,5787.546939
6.56,72.013489,0.973998,95.327621,5787.546939
6.58,72.013489,0.973995,95.327621,5787.546939
6.60,72.013489,0.973993,95.327621,5787.546939
6.62,72.013489,0.973991,95.327621,5787.546939
6.64,72.013489,0.973990,95.327621,5787.546939
6.66,72.013489,0.973989,95.327621,5787.546939
6.68,72.013489,0.973988,95.327621,5787.546939
6.70,72.013489,0.973988,95.327621,5787.546939
6.72,72.013489,0.973988,95.327621,5787.546939
6.74,72.013489,0.973988,95.327621,5787.546939
6.76,72.013489,0.973988,95.327621,5787.546939
6.78,72.013489,0.973988,95.327621,5787.546939
6.80,72.013489,0.973988,95.327621,5787.546939
6.82,72.013489,0.973988,95.327621,5787.546939
6.84,72.013489,0.973988,95.327621,5787.546939
6.86,72.013489,0.973988,95.327621,5787.546939
6.88,72.013489,0.973988,95.327621,5787.546939
6.90,72.013489,0.973988,95.327621,5787.546939
6.92,72.013489,0.973988,95.327621,5787.546939
6.94,72.013489,0.973988,95.327621,5787.546939
6.96,72.013489,0.973988,95.327621,5787.546939
6.98,72.013489,0.973988,95.327621,5787.546939
7.00,72.013489,0.973988,95.327621,5787.546939
7.02,72.013489,0.973988,95.327621,5787.546939
7.04,72.013489,0.973988,95.327621,5787.546939
7.06,72.013489,0.973988,95.327621,5787.546939
7.08,72.013489,0.973988,95.327621,5787.546939
7.10,72.013489,0.973988,95.327621,5787.546939
7.12,72.014841,0.973988,95.330217,5787.565034
7.14,72.014841,0.973988,95.330217,5787.565034
7.16,72.014841,0.973988,95.330217,5787.565034
7.18,72.014841,0.973988,95.330217,5787.565034
7.20,72.014841,0.973988,95.330217,5787.565034
7.22,72.014841,0.973989,95.330217,5787.565034
7.24,72.014841,0.973989,95.330217,5787.565034
7.26,72.014841,0.973990,95.330217,5787.565034
7.28,72.014841,0.973991,95.330217,5787.565034
7.30,72.014841,0.973992,95.330217,5787.565034
7.32,72.014841,0.973993,95.330217,5787.565034
7.34,72.014841,0.973994,95.330217,5787.565034
7.36,72.014841,0.973994,95.330217,5787.565034
7.38,72.014841,0.973995,95.330217,5787.565034
7.40,72.014841,0.973995,95.330217,5787.565034
7.42,72.014841,0.973995,95.330217,5787.565034
7.44,72.014841,0.973995,95.330217,5787.565034
7.46,72.014841,0.973996,95.330217,5787.565034
7.48,72.014841,0.973996,95.330217,5787.565034
7.50,72.014841,0.973996,95.330217,5787.565034
7.52,72.014841,0.973996,95.330217,5787.565034
7.54,72.014841,0.973996,95.330217,5787.565034
7.56,72.014841,0.973996,95.330217,5787.565034
7.58,72.014841,0.973996,95.330217,5787.565034
7.60,72.014841,0.973996,95.330217,5787.565034
7.62,72.014841,0.973996,95.330217,5787.565034
7.64,72.014841,0.973996,95.330217,5787.565034
7.66,72.014841,0.973996,95.330217,5787.565034
7.68,72.014841,0.973996,95.330217,5787.565034
7.70,72.014841,0.973996,95.330217,5787.565034
7.72,72.014841,0.973996,95.330217,5787.565034
7.74,72.014841,0.973996,95.330217,5787.565034
7.76,72.014841,0.973996,95.330217,5787.565034
7.78,72.014841,0.973996,95.330217,5787.565034
7.80,72.014841,0.973996,95.330217,5787.565034
7.82,72.014841,0.973996,95.330217,5787.565034
7.84,72.014841,0.973996,95.330217,5787.565034
7.86,72.014841,0.973996,95.330217,5787.565034
7.88,72.014841,0.973996,95.330217,5787.565034
7.90,72.014841,0.973996,95.330217,5787.565034
7.92,72.014841,0.973996,95.330217,5787.565034
7.94,72.014841,0.973996,95.330217,5787.565034
7.96,72.015951,0.973996,95.330571,5787.631885
7.98,72.015951,0.973996,95.330571,5787.631885
8.00,72.015951,0.973996,95.330571,5787.631885
8.02,72.015951,0.973996,95.330571,5787.631885
8.04,72.015951,0.973996,95.330571,5787.631885
8.06,72.015951,0.974000,95.330571,5787.631885
8.08,72.015951,0.974006,95.330571,5787.631885
8.10,72.015951,0.974013,95.330571,5787.631885
8.12,72.015951,0.974020,95.330571,5787.631885
8.14,72.015951,0.974026,95.330571,5787.631885
8.16,72.015951,0.974031,95.330571,5787.631885
8.18,72.015951,0.974036,95.330571,5787.631885
8.20,72.015951,0.974039,95.330571,5787.631885
8.22,72.015951,0.974043,95.330571,5787.631885
8.24,72.015951,0.974045,95.330571,5787.631885
8.26,72.015951,0.974047,95.330571,5787.631885
8.28,72.015951,0.974049,95.330571,5787.631885
8.30,72.015951,0.974051,95.330571,5787.631885
8.32,72.015951,0.974052,95.330571,5787.631885
8.34,72.015951,0.974053,95.330571,5787.631885
8.36,72.015951,0.974054,95.330571,5787.631885
8.38,72.015951,0.974054,95.330571,5787.631885
8.40,72.015951,0.974054,95.330571,5787.631885
8.42,72.015951,0.974054,95.330571,5787.631885
8.44,72.015951,0.974054,95.330571,5787.631885
8.46,72.015951,0.974054,95.330571,5787.631885
8.48,72.015951,0.974054,95.330571,5787.631885
8.50,72.015951,0.974054,95.330571,5787.631885
8.52,72.015951,0.974054,95.330571,5787.631885
8.54,72.015951,0.974054,95.330571,5787.631885
8.56,72.015951,0.974054,95.330571,5787.631885
8.58,72.015951,0.974054,95.330571,5787.631885
8.60,72.015951,0.974054,95.330571,5787.631885
8.62,72.015951,0.974054,95.330571,5787.631885
8.64,72.015951,0.974054,95.330571,5787.631885
8.66,72.015951,0.974054,95.330571,5787.631885
8.68,72.015951,0.974054,95.330571,5787.631885
8.70,72.015951,0.974054,95.330571,5787.631885
8.72,72.015951,0.974054,95.330571,5787.631885
8.74,72.015951,0.974054,95.330571,5787.631885
8.76,72.015951,0.974054,95.330571,5787.631885
8.78,72.015951,0.974054,95.330571,5787.631885
8.80,72.016793,0.974054,95.318684,5786.014560
8.82,72.016793,0.974054,95.318684,5786.014560
8.84,72.016793,0.974054,95.318684,5786.014560
8.86,72.016793,0.974054,95.318684,5786.014560
8.88,72.016793,0.974054,95.318684,5786.014560
8.90,72.016793,0.974058,95.318684,5786.014560
8.92,72.016793,0.974063,95.318684,5786.014560
8.94,72.016793,0.974070,95.318684,5786.014560
8.96,72.016793,0.974076,95.318684,5786.014560
8.98,72.016793,0.974082,95.318684,5786.014560
9.00,72.016793,0.974087,95.318684,5786.014560
9.02,72.016793,0.974091,95.318684,5786.014560
9.04,72.016793,0.974095,95.318684,5786.014560
9.06,72.016793,0.974098,95.318684,5786.014560
9.08,72.016793,0.974100,95.318684,5786.014560
9.10,72.016793,0.974103,95.318684,5786.014560
9.12,72.016793,0.974104,95.318684,5786.014560
9.14,72.016793,0.974106,95.318684,5786.014560
9.16,72.016793,0.974107,95.318684,5786.014560
9.18,72.016793,0.974108,95.318684,5786.014560
9.20,72.016793,0.974109,95.318684,5786.014560
9.22,72.016793,0.974109,95.318684,5786.014560
9.24,72.016793,0.974109,95.318684,5786.014560
9.26,72.016793,0.974109,95.318684,5786.014560
9.28,72.016793,0.974109,95.318684,5786.014560
9.30,72.016793,0.974109,95.318684,5786.014560
9.32,72.016793,0.974109,95.318684,5786.014560
9.34,72.016793,0.974109,95.318684,5786.014560
9.36,72.016793,0.974109,95.318684,5786.014560
9.38,72.016793,0.974109,95.318684,5786.014560
9.40,72.016793,0.974109,95.318684,5786.014560
9.42,72.016793,0.974109,95.318684,5786.014560
9.44,72.016793,0.974109,95.318684,5786.014560
9.46,72.016793,0.974109,95.318684,5786.014560
9.48,72.016793,0.974109,95.318684,5786.014560
9.50,72.016793,0.974109,95.318684,5786.014560
9.52,72.016793,0.974109,95.318684,5786.014560
9.54,72.016793,0.974109,95.318684,5786.014560
9.56,72.016793,0.974109,95.318684,5786.014560
9.58,72.016793,0.974109,95.318684,5786.014560
9.60,72.016793,0.974109,95.318684,5786.014560
9.62,72.016793,0.974109,95.318684,5786.014560
9.64,72.017737,0.974109,95.319785,5787.256893
9.66,72.017737,0.974109,95.319785,5787.256893
9.68,72.017737,0.974109,95.319785,5787.256893
9.70,72.017737,0.974109,95.319785,5787.256893
9.72,72.017737,0.974109,95.319785,5787.256893
9.74,72.017737,0.974109,95.319785,5787.256893
9.76,72.017737,0.974109,95.319785,5787.256893
9.78,72.017737,0.974110,95.319785,5787.256893
9.80,72.017737,0.974110,95.319785,5787.256893
9.82,72.017737,0.974111,95.319785,5787.256893
9.84,72.017737,0.974111,95.319785,5787.256893
9.86,72.017737,0.974112,95.319785,5787.256893
9.88,72.017737,0.974112,95.319785,5787.256893
9.90,72.017737,0.974112,95.319785,5787.256893
9.92,72.017737,0.974112,95.319785,5787.256893
9.94,72.017737,0.974113,95.319785,5787.256893
9.96,72.017737,0.974113,95.319785,5787.256893
9.98,72.017737,0.974113,95.319785,5787.256893
10.00,72.017737,0.974113,95.319785,5787.256893
10.02,72.017737,0.974113,95.319785,5787.256893
10.04,72.017737,0.974113,95.319785,5787.256893
10.06,72.017737,0.974113,95.319785,5787.256893
10.08,72.017737,0.974113,95.319785,5787.256893
10.10,72.017737,0.974113,95.319785,5787.256893
10.12,72.017737,0.974113,95.319785,5787.256893
10.14,72.017737,0.974113,95.319785,5787.256893
10.16,72.017737,0.974113,95.319785,5787.256893
10.18,72.017737,0.974113,95.319785,5787.256893
10.20,72.017737,0.974113,95.319785,5787.256893
10.22,72.017737,0.974113,95.319785,5787.256893
10.24,72.017737,0.974113,95.319785,5787.256893
10.26,72.017737,0.974113,95.319785,5787.256893
10.28,72.017737,0.974113,95.319785,5787.256893
10.30,72.017737,0.974113,95.319785,5787.256893
10.32,72.017737,0.974113,95.319785,5787.256893
10.34,72.017737,0.974113,95.319785,5787.256893
10.36,72.017737,0.974113,95.319785,5787.256893
10.38,72.017737,0.974113,95.319785,5787.256893
10.40,72.017737,0.974113,95.319785,5787.256893
10.42,72.017737,0.974113,95.319785,5787.256893
10.44,72.017737,0.974113,95.319785,5787.256893
10.46,72.017737,0.974113,95.319785,5787.256893
10.48,72.018771,0.974113,95.321722,5787.331190
10.50,72.018771,0.974113,95.321722,5787.331190
10.52,72.018771,0.974113,95.321722,5787.331190
10.54,72.018771,0.974113,95.321722,5787.331190
10.56,72.018771,0.974113,95.321722,5787.331190
10.58,72.018771,0.974108,95.321722,5787.331190
10.60,72.018771,0.974101,95.321722,5787.331190
10.62,72.018771,0.974092,95.321722,5787.331190
10.64,72.018771,0.974084,95.321722,5787.331190
10.66,72.018771,0.974076,95.321722,5787.331190
10.68,72.018771,0.974070,95.321722,5787.331190
10.70,72.018771,0.974064,95.321722,5787.331190
10.72,72.018771,0.974059,95.321722,5787.331190
10.74,72.018771,0.974056,95.321722,5787.331190
10.76,72.018771,0.974052,95.321722,5787.331190
10.78,72.018771,0.974050,95.321722,5787.331190
10.80,72.018771,0.974047,95.321722,5787.331190
10.82,72.018771,0.974045,95.321722,5787.331190
10.84,72.018771,0.974044,95.321722,5787.331190
10.86,72.018771,0.974043,95.321722,5787.331190
10.88,72.018771,0.974042,95.321722,5787.331190
10.90,72.018771,0.974042,95.321722,5787.331190
10.92,72.018771,0.974042,95.321722,5787.331190
10.94,72.018771,0.974042,95.321722,5787.331190
10.96,72.018771,0.974042,95.321722,5787.331190
10.98,72.018771,0.974042,95.321722,5787.331190
11.00,72.018771,0.974042,95.321722,5787.331190
11.02,72.018771,0.974042,95.321722,5787.331190
11.04,72.018771,0.974042,95.321722,5787.331190
11.06,72.018771,0.974042,95.321722,5787.331190
11.08,72.018771,0.974042,95.321722,5787.331190
11.10,72.018771,0.974042,95.321722,5787.331190
11.12,72.018771,0.974042,95.321722,5787.331190
11.14,72.018771,0.974042,95.321722,5787.331190
11.16,72.018771,0.974042,95.321722,5787.331190
11.18,72.018771,0.974042,95.321722,5787.331190
11.20,72.018771,0.974042,95.321722,5787.331190
11.22,72.018771,0.974042,95.321722,5787.331190
11.24,72.018771,0.974042,95.321722,5787.331190
11.26,72.018771,0.974042,95.321722,5787.331190
11.28,72.018771,0.974042,95.321722,5787.331190
11.30,72.018771,0.974042,95.321722,5787.331190
11.32,72.019881,0.974042,95.327843,5788.110760
11.34,72.019881,0.974042,95.327843,5788.110760
11.36,72.019881,0.974042,95.327843,5788.110760
11.38,72.019881,0.974042,95.327843,5788.110760
11.40,72.019881,0.974042,95.327843,5788.110760
11.42,72.019881,0.974037,95.327843,5788.110760
11.44,72.019881,0.974031,95.327843,5788.110760
11.46,72.019881,0.974023,95.327843,5788.110760
11.48,72.019881,0.974015,95.327843,5788.110760
11.50,72.019881,0.974009,95.327843,5788.110760
11.52,72.019881,0.974003,95.327843,5788.110760
11.54,72.019881,0.973998,95.327843,5788.110760
11.56,72.019881,0.973994,95.327843,5788.110760
11.58,72.019881,0.973990,95.327843,5788.110760
11.60,72.019881,0.973987,95.327843,5788.110760
11.62,72.019881,0.973985,95.327843,5788.110760
11.64,72.019881,0.973983,95.327843,5788.110760
11.66,72.019881,0.973981,95.327843,5788.110760
11.68,72.019881,0.973980,95.327843,5788.110760
11.70,72.019881,0.973979,95.327843,5788.110760
11.72,72.019881,0.973978,95.327843,5788.110760
11.74,72.019881,0.973978,95.327843,5788.110760
11.76,72.019881,0.973978,95.327843,5788.110760
11.78,72.019881,0.973978,95.327843,5788.110760
11.80,72.019881,0.973978,95.327843,5788.110760
11.82,72.019881,0.973978,95.327843,5788.110760
11.84,72.019881,0.973978,95.327843,5788.110760
11.86,72.019881,0.973978,95.327843,5788.110760
11.88,72.019881,0.973978,95.327843,5788.110760
11.90,72.019881,0.973978,95.327843,5788.110760
11.92,72.019881,0.973978,95.327843,5788.110760
11.94,72.019881,0.973978,95.327843,5788.110760
11.96,72.019881,0.973978,95.327843,5788.110760
11.98,72.019881,0.973978,95.327843,5788.110760
12.00,72.019881,0.973978,95.327843,5788.110760
12.02,72.019881,0.973978,95.327843,5788.110760
12.04,72.019881,0.973978,95.327843,5788.110760
12.06,72.019881,0.973978,95.327843,5788.110760
12.08,72.019881,0.973978,95.327843,5788.110760
12.10,72.019881,0.973978,95.327843,5788.110760
12.12,72.019881,0.973978,95.327843,5788.110760
12.14,72.019881,0.973978,95.327843,5788.110760
12.16,72.020875,0.973978,95.330656,5788.120690
12.18,72.020875,0.973978,95.330656,5788.120690
12.20,72.020875,0.973978,95.330656,5788.120690
12.22,72.020875,0.973978,95.330656,5788.120690
12.24,72.020875,0.973978,95.330656,5788.120690
12.26,72.020875,0.973979,95.330656,5788.120690
12.28,72.020875,0.973980,95.330656,5788.120690
12.30,72.020875,0.973981,95.330656,5788.120690
12.32,72.020875,0.973982,95.330656,5788.120690
12.34,72.020875,0.973984,95.330656,5788.120690
12.36,72.020875,0.973985,95.330656,5788.120690
12.38,72.020875,0.973985,95.330656,5788.120690
12.40,72.020875,0.973986,95.330656,5788.120690
12.42,72.020875,0.973987,95.330656,5788.120690
12.44,72.020875,0.973987,95.330656,5788.120690
12.46,72.020875,0.973988,95.330656,5788.120690
12.48,72.020875,0.973988,95.330656,5788.120690
12.50,72.020875,0.973988,95.330656,5788.120690
12.52,72.020875,0.973989,95.330656,5788.120690
12.54,72.020875,0.973989,95.330656,5788.120690
12.56,72.020875,0.973989,95.330656,5788.120690
12.58,72.020875,0.973989,95.330656,5788.120690
12.60,72.020875,0.973989,95.330656,5788.120690
12.62,72.020875,0.973989,95.330656,5788.120690
12.64,72.020875,0.973989,95.330656,5788.120690
12.66,72.020875,0.973989,95.330656,5788.120690
12.68,72.020875,0.973989,95.330656,5788.120690
12.70,72.020875,0.973989,95.330656,5788.120690
12.72,72.020875,0.973989,95.330656,5788.120690
12.74,72.020875,0.973989,95.330656,5788.120690
12.76,72.020875,0.973989,95.330656,5788.120690
12.78,72.020875,0.973989,95.330656,5788.120690
12.80,72.020875,0.973989,95.330656,5788.120690
12.82,72.020875,0.973989,95.330656,5788.120690
12.84,72.020875,0.973989,95.330656,5788.120690
12.86,72.020875,0.973989,95.330656,5788.120690
12.88,72.020875,0.973989,95.330656,5788.120690
12.90,72.020875,0.973989,95.330656,5788.120690
12.92,72.020875,0.973989,95.330656,5788.120690
12.94,72.020875,0.973989,95.330656,5788.120690
12.96,72.020875,0.973989,95.330656,5788.120690
12.98,72.020875,0.973989,95.330656,5788.120690
13.00,72.021631,0.973989,95.331168,5788.174731
13.02,72.021631,0.973989,95.331168,5788.174731
13.04,72.021631,0.973989,95.331168,5788.174731
13.06,72.021631,0.973989,95.331168,5788.174731
13.08,72.021631,0.973989,95.331168,5788.174731
13.10,72.021631,0.973993,95.331168,5788.174731
13.12,72.021631,0.973999,95.331168,5788.174731
13.14,72.021631,0.974006,95.331168,5788.174731
13.16,72.021631,0.974013,95.331168,5788.174731
13.18,72.021631,0.974019,95.331168,5788.174731
13.20,72.021631,0.974025,95.331168,5788.174731
13.22,72.021631,0.974029,95.331168,5788.174731
13.24,72.021631,0.974033,95.331168,5788.174731
13.26,72.021631,0.974036,95.331168,5788.174731
13.28,72.021631,0.974039,95.331168,5788.174731
13.30,72.021631,0.974041,95.331168,5788.174731
13.32,72.021631,0.974043,95.331168,5788.174731
13.34,72.021631,0.974044,95.331168,5788.174731
13.36,72.021631,0.974046,95.331168,5788.174731
13.38,72.021631,0.974047,95.331168,5788.174731
13.40,72.021631,0.974047,95.331168,5788.174731
13.42,72.021631,0.974047,95.331168,5788.174731
13.44,72.021631,0.974047,95.331168,5788.174731
13.46,72.021631,0.974047,95.331168,5788.174731
13.48,72.021631,0.974047,95.331168,5788.174731
13.50,72.021631,0.974047,95.331168,5788.174731
13.52,72.021631,0.974047,95.331168,5788.174731
13.54,72.021631,0.974047,95.331168,5788.174731
13.56,72.021631,0.974047,95.331168,5788.174731
13.58,72.021631,0.974047,95.331168,5788.174731
13.60,72.021631,0.974047,95.331168,5788.174731
13.62,72.021631,0.974047,95.331168,5788.174731
13.64,72.021631,0.974047,95.331168,5788.174731
13.66,72.021631,0.974047,95.331168,5788.174731
13.68,72.021631,0.974047,95.331168,5788.174731
13.70,72.021631,0.974047,95.331168,5788.174731
13.72,72.021631,0.974047,95.331168,5788.174731
13.74,72.021631,0.974047,95.331168,5788.174731
13.76,72.021631,0.974047,95.331168,5788.174731
13.78,72.021631,0.974047,95.331168,5788.174731
13.80,72.021631,0.974047,95.331168,5788.174731
13.82,72.021631,0.974047,95.331168,5788.174731
13.84,72.022120,0.974047,95.320109,5786.655472
13.86,72.022120,0.974047,95.320109,5786.655472
13.88,72.022120,0.974047,95.320109,5786.655472
13.90,72.022120,0.974047,95.320109,5786.655472
13.92,72.022120,0.974047,95.320109,5786.655472
13.94,72.022120,0.974051,95.320109,5786.655472
13.96,72.022120,0.974057,95.320109,5786.655472
13.98,72.022120,0.974063,95.320109,5786.655472
14.00,72.022120,0.974069,95.320109,5786.655472
14.02,72.022120,0.974075,95.320109,5786.655472
14.04,72.022120,0.974080,95.320109,5786.655472
14.06,72.022120,0.974084,95.320109,5786.655472
14.08,72.022120,0.974087,95.320109,5786.655472
14.10,72.022120,0.974090,95.320109,5786.655472
14.12,72.022120,0.974093,95.320109,5786.655472
14.14,72.022120,0.974095,95.320109,5786.655472
14.16,72.022120,0.974096,95.320109,5786.655472
14.18,72.022120,0.974098,95.320109,5786.655472
14.20,72.022120,0.974099,95.320109,5786.655472
14.22,72.022120,0.974100,95.320109,5786.655472
14.24,72.022120,0.974101,95.320109,5786.655472
14.26,72.022120,0.974101,95.320109,5786.655472
14.28,72.022120,0.974101,95.320109,5786.655472
14.30,72.022120,0.974101,95.320109,5786.655472
14.32,72.022120,0.974101,95.320109,5786.655472
14.34,72.022120,0.974101,95.320109,5786.655472
14.36,72.022120,0.974101,95.320109,5786.655472
14.38,72.022120,0.974101,95.320109,5786.655472
14.40,72.022120,0.974101,95.320109,5786.655472
14.42,72.022120,0.974101,95.320109,5786.655472
14.44,72.022120,0.974101,95.320109,5786.655472
14.46,72.022120,0.974101,95.320109,5786.655472
14.48,72.022120,0.974101,95.320109,5786.655472
14.50,72.022120,0.974101,95.320109,5786.655472
14.52,72.022120,0.974101,95.320109,5786.655472
14.54,72.022120,0.974101,95.320109,5786.655472
14.56,72.022120,0.974101,95.320109,5786.655472
14.58,72.022120,0.974101,95.320109,5786.655472
14.60,72.022120,0.974101,95.320109,5786.655472
14.62,72.022120,0.974101,95.320109,5786.655472
14.64,72.022120,0.974101,95.320109,5786.655472
14.66,72.022120,0.974101,95.320109,5786.655472
14.68,72.022689,0.974101,95.320564,5787.724929
14.70,72.022689,0.974101,95.320564,5787.724929
14.72,72.022689,0.974101,95.320564,5787.724929
14.74,72.022689,0.974100,95.320564,5787.724929
14.76,72.022689,0.974100,95.320564,5787.724929
14.78,72.022689,0.974101,95.320564,5787.724929
14.80,72.022689,0.974101,95.320564,5787.724929
14.82,72.022689,0.974101,95.320564,5787.724929
14.84,72.022689,0.974101,95.320564,5787.724929
14.86,72.022689,0.974101,95.320564,5787.724929
14.88,72.022689,0.974101,95.320564,5787.724929
14.90,72.022689,0.974101,95.320564,5787.724929
14.92,72.022689,0.974101,95.320564,5787.724929
14.94,72.022689,0.974101,95.320564,5787.724929
14.96,72.022689,0.974101,95.320564,5787.724929
14.98,72.022689,0.974101,95.320564,5787.724929
15.00,72.022689,0.974101,95.320564,5787.724929
15.02,72.022689,0.974101,95.320564,5787.724929
15.04,72.022689,0.974102,95.320564,5787.724929
15.06,72.022689,0.974102,95.320564,5787.724929
15.08,72.022689,0.974102,95.320564,5787.724929
15.10,72.022689,0.974102,95.320564,5787.724929
15.12,72.022689,0.974102,95.320564,5787.724929
15.14,72.022689,0.974102,95.320564,5787.724929
15.16,72.022689,0.974102,95.320564,5787.724929
15.18,72.022689,0.974102,95.320564,5787.724929
15.20,72.022689,0.974102,95.320564,5787.724929
15.22,72.022689,0.974102,95.320564,5787.724929
15.24,72.022689,0.974102,95.320564,5787.724929
15.26,72.022689,0.974102,95.320564,5787.724929
15.28,72.022689,0.974102,95.320564,5787.724929
15.30,72.022689,0.974102,95.320564,5787.724929
15.32,72.022689,0.974102,95.320564,5787.724929
15.34,72.022689,0.974102,95.320564,5787.724929
15.36,72.022689,0.974102,95.320564,5787.724929
15.38,72.022689,0.974102,95.320564,5787.724929
15.40,72.022689,0.974102,95.320564,5787.724929
15.42,72.022689,0.974102,95.320564,5787.724929
15.44,72.022689,0.974101,95.320564,5787.724929
15.46,72.022689,0.974101,95.320564,5787.724929
15.48,72.022689,0.974101,95.320564,5787.724929
15.50,72.022689,0.974101,95.320564,5787.724929
15.52,72.023350,0.974101,95.322238,5787.813963
15.54,72.023350,0.974101,95.322238,5787.813963
15.56,72.023350,0.974101,95.322238,5787.813963
15.58,72.023350,0.974101,95.322238,5787.813963
15.60,72.023350,0.974101,95.322238,5787.813963
15.62,72.023350,0.974096,95.322238,5787.813963
15.64,72.023350,0.974088,95.322238,5787.813963
15.66,72.023350,0.974080,95.322238,5787.813963
15.68,72.023350,0.974071,95.322238,5787.813963
15.70,72.023350,0.974063,95.322238,5787.813963
15.72,72.023350,0.974056,95.322238,5787.813963
15.74,72.023350,0.974050,95.322238,5787.813963
15.76,72.023350,0.974046,95.322238,5787.813963
15.78,72.023350,0.974042,95.322238,5787.813963
15.80,72.023350,0.974038,95.322238,5787.813963
15.82,72.023350,0.974035,95.322238,5787.813963
15.84,72.023350,0.974033,95.322238,5787.813963
15.86,72.023350,0.974031,95.322238,5787.813963
15.88,72.023350,0.974029,95.322238,5787.813963
15.90,72.023350,0.974028,95.322238,5787.813963
15.92,72.023350,0.974027,95.322238,5787.813963
15.94,72.023350,0.974027,95.322238,5787.813963
15.96,72.023350,0.974027,95.322238,5787.813963
15.98,72.023350,0.974027,95.322238,5787.813963
16.00,72.023350,0.974027,95.322238,5787.813963
16.02,72.023350,0.974027,95.322238,5787.813963
16.04,72.023350,0.974027,95.322238,5787.813963
16.06,72.023350,0.974027,95.322238,5787.813963
16.08,72.023350,0.974027,95.322238,5787.813963
16.10,72.023350,0.974027,95.322238,5787.813963
16.12,72.023350,0.974027,95.322238,5787.813963
16.14,72.023350,0.974027,95.322238,5787.813963
16.16,72.023350,0.974027,95.322238,5787.813963
16.18,72.023350,0.974027,95.322238,5787.813963
16.20,72.023350,0.974027,95.322238,5787.813963
16.22,72.023350,0.974027,95.322238,5787.813963
16.24,72.023350,0.974027,95.322238,5787.813963
16.26,72.023350,0.974027,95.322238,5787.813963
16.28,72.023350,0.974027,95.322238,5787.813963
16.30,72.023350,0.974027,95.322238,5787.813963
16.32,72.023350,0.974027,95.322238,5787.813963
16.34,72.023350,0.974027,95.322238,5787.813963
16.36,72.024094,0.974027,95.328324,5788.590002
16.38,72.024094,0.974027,95.328324,5788.590002
16.40,72.024094,0.974027,95.328324,5788.590002
16.42,72.024094,0.974027,95.328324,5788.590002
16.44,72.024094,0.974027,95.328324,5788.590002
16.46,72.024094,0.974023,95.328324,5788.590002
16.48,72.024094,0.974017,95.328324,5788.590002
16.50,72.024094,0.974009,95.328324,5788.590002
16.52,72.024094,0.974002,95.328324,5788.590002
16.54,72.024094,0.973996,95.328324,5788.590002
16.56,72.024094,0.973990,95.328324,5788.590002
16.58,72.024094,0.973985,95.328324,5788.590002
16.60,72.024094,0.973982,95.328324,5788.590002
16.62,72.024094,0.973978,95.328324,5788.590002
16.64,72.024094,0.973975,95.328324,5788.590002
16.66,72.024094,0.973973,95.328324,5788.590002
16.68,72.024094,0.973971,95.328324,5788.590002
16.70,72.024094,0.973970,95.328324,5788.590002
16.72,72.024094,0.973968,95.328324,5788.590002
16.74,72.024094,0.973967,95.328324,5788.590002
16.76,72.024094,0.973967,95.328324,5788.590002
16.78,72.024094,0.973967,95.328324,5788.590002
16.80,72.024094,0.973967,95.328324,5788.590002
16.82,72.024094,0.973967,95.328324,5788.590002
16.84,72.024094,0.973967,95.328324,5788.590002
16.86,72.024094,0.973967,95.328324,5788.590002
16.88,72.024094,0.973967,95.328324,5788.590002
16.90,72.024094,0.973967,95.328324,5788.590002
16.92,72.024094,0.973967,95.328324,5788.590002
16.94,72.024094,0.973967,95.328324,5788.590002
16.96,72.024094,0.973967,95.328324,5788.590002
16.98,72.024094,0.973967,95.328324,5788.590002
17.00,72.024094,0.973967,95.328324,5788.590002
17.02,72.024094,0.973967,95.328324,5788.590002
17.04,72.024094,0.973967,95.328324,5788.590002
17.06,72.024094,0.973967,95.328324,5788.590002
17.08,72.024094,0.973967,95.328324,5788.590002
17.10,72.024094,0.973967,95.328324,5788.590002
17.12,72.024094,0.973967,95.328324,5788.590002
17.14,72.024094,0.973967,95.328324,5788.590002
17.16,72.024094,0.973967,95.328324,5788.590002
17.18,72.024094,0.973967,95.328324,5788.590002
17.20,72.024729,0.973967,95.331173,5788.587421
17.22,72.024729,0.973967,95.331173,5788.587421
17.24,72.024729,0.973967,95.331173,5788.587421
17.26,72.024729,0.973967,95.331173,5788.587421
17.28,72.024729,0.973967,95.331173,5788.587421
17.30,72.024729,0.973967,95.331173,5788.587421
17.32,72.024729,0.973969,95.331173,5788.587421
17.34,72.024729,0.973971,95.331173,5788.587421
17.36,72.024729,0.973972,95.331173,5788.587421
17.38,72.024729,0.973974,95.331173,5788.587421
17.40,72.024729,0.973975,95.331173,5788.587421
17.42,72.024729,0.973976,95.331173,5788.587421
17.44,72.024729,0.973977,95.331173,5788.587421
17.46,72.024729,0.973978,95.331173,5788.587421
17.48,72.024729,0.973978,95.331173,5788.587421
17.50,72.024729,0.973979,95.331173,5788.587421
17.52,72.024729,0.973979,95.331173,5788.587421
17.54,72.024729,0.973980,95.331173,5788.587421
17.56,72.024729,0.973980,95.331173,5788.587421
17.58,72.024729,0.973980,95.331173,5788.587421
17.60,72.024729,0.973981,95.331173,5788.587421
17.62,72.024729,0.973981,95.331173,5788.587421
17.64,72.024729,0.973981,95.331173,5788.587421
17.66,72.024729,0.973981,95.331173,5788.587421
17.68,72.024729,0.973981,95.331173,5788.587421
17.70,72.024729,0.973981,95.331173,5788.587421
17.72,72.024729,0.973981,95.331173,5788.587421
17.74,72.024729,0.973981,95.331173,5788.587421
17.76,72.024729,0.973981,95.331173,5788.587421
17.78,72.024729,0.973981,95.331173,5788.587421
17.80,72.024729,0.973981,95.331173,5788.587421
17.82,72.024729,0.973981,95.331173,5788.587421
17.84,72.024729,0.973981,95.331173,5788.587421
17.86,72.024729,0.973981,95.331173,5788.587421
17.88,72.024729,0.973981,95.331173,5788.587421
17.90,72.024729,0.973981,95.331173,5788.587421
17.92,72.024729,0.973981,95.331173,5788.587421
17.94,72.024729,0.973981,95.331173,5788.587421
17.96,72.024729,0.973981,95.331173,5788.587421
17.98,72.024729,0.973981,95.331173,5788.587421
18.00,72.024729,0.973981,95.331173,5788.587421
18.02,72.024729,0.973981,95.331173,5788.587421
18.04,72.025131,0.973981,95.331720,5788.624184
18.06,72.025131,0.973981,95.331720,5788.624184
18.08,72.025131,0.973981,95.331720,5788.624184
18.10,72.025131,0.973981,95.331720,5788.624184
18.12,72.025131,0.973981,95.331720,5788.624184
18.14,72.025131,0.973985,95.331720,5788.624184
18.16,72.025131,0.973991,95.331720,5788.624184
18.18,72.025131,0.973998,95.331720,5788.624184
18.20,72.025131,0.974005,95.331720,5788.624184
18.22,72.025131,0.974011,95.331720,5788.624184
18.24,72.025131,0.974017,95.331720,5788.624184
18.26,72.025131,0.974021,95.331720,5788.624184
18.28,72.025131,0.974025,95.331720,5788.624184
18.30,72.025131,0.974028,95.331720,5788.624184
18.32,72.025131,0.974031,95.331720,5788.624184
18.34,72.025131,0.974033,95.331720,5788.624184
18.36,72.025131,0.974035,95.331720,5788.624184
18.38,72.025131,0.974037,95.331720,5788.624184
18.40,72.025131,0.974038,95.331720,5788.624184
18.42,72.025131,0.974039,95.331720,5788.624184
18.44,72.025131,0.974040,95.331720,5788.624184
18.46,72.025131,0.974040,95.331720,5788.624184
18.48,72.025131,0.974040,95.331720,5788.624184
18.50,72.025131,0.974040,95.331720,5788.624184
18.52,72.025131,0.974040,95.331720,5788.624184
18.54,72.025131,0.974040,95.331720,5788.624184
18.56,72.025131,0.974040,95.331720,5788.624184
18.58,72.025131,0.974040,95.331720,5788.624184
18.60,72.025131,0.974040,95.331720,5788.624184
18.62,72.025131,0.974040,95.331720,5788.624184
18.64,72.025131,0.974040,95.331720,5788.624184
18.66,72.025131,0.974040,95.331720,5788.624184
18.68,72.025131,0.974040,95.331720,5788.624184
18.70,72.025131,0.974040,95.331720,5788.624184
18.72,72.025131,0.974040,95.331720,5788.624184
18.74,72.025131,0.974040,95.331720,5788.624184
18.76,72.025131,0.974040,95.331720,5788.624184
18.78,72.025131,0.974040,95.331720,5788.624184
18.80,72.025131,0.974040,95.331720,5788.624184
18.82,72.025131,0.974040,95.331720,5788.624184
18.84,72.025131,0.974040,95.331720,5788.624184
18.86,72.025131,0.974040,95.331720,5788.624184
18.88,72.025272,0.974040,95.321573,5787.222234
18.90,72.025272,0.974040,95.321573,5787.222234
18.92,72.025272,0.974040,95.321573,5787.222234
18.94,72.025272,0.974040,95.321573,5787.222234
18.96,72.025272,0.974040,95.321573,5787.222234
18.98,72.025272,0.974043,95.321573,5787.222234
19.00,72.025272,0.974049,95.321573,5787.222234
19.02,72.025272,0.974055,95.321573,5787.222234
19.04,72.025272,0.974061,95.321573,5787.222234
19.06,72.025272,0.974067,95.321573,5787.222234
19.08,72.025272,0.974071,95.321573,5787.222234
19.10,72.025272,0.974075,95.321573,5787.222234
19.12,72.025272,0.974079,95.321573,5787.222234
19.14,72.025272,0.974082,95.321573,5787.222234
19.16,72.025272,0.974084,95.321573,5787.222234
19.18,72.025272,0.974086,95.321573,5787.222234
19.20,72.025272,0.974088,95.321573,5787.222234
19.22,72.025272,0.974089,95.321573,5787.222234
19.24,72.025272,0.974090,95.321573,5787.222234
19.26,72.025272,0.974091,95.321573,5787.222234
19.28,72.025272,0.974092,95.321573,5787.222234
19.30,72.025272,0.974092,95.321573,5787.222234
19.32,72.025272,0.974092,95.321573,5787.222234
19.34,72.025272,0.974092,95.321573,5787.222234
19.36,72.025272,0.974092,95.321573,5787.222234
19.38,72.025272,0.974092,95.321573,5787.222234
19.40,72.025272,0.974092,95.321573,5787.222234
19.42,72.025272,0.974092,95.321573,5787.222234
19.44,72.025272,0.974092,95.321573,5787.222234
19.46,72.025272,0.974092,95.321573,5787.222234
19.48,72.025272,0.974091,95.321573,5787.222234
19.50,72.025272,0.974091,95.321573,5787.222234
19.52,72.025272,0.974091,95.321573,5787.222234
19.54,72.025272,0.974091,95.321573,5787.222234
19.56,72.025272,0.974091,95.321573,5787.222234
19.58,72.025272,0.974091,95.321573,5787.222234
19.60,72.025272,0.974091,95.321573,5787.222234
19.62,72.025272,0.974091,95.321573,5787.222234
19.64,72.025272,0.974091,95.321573,5787.222234
19.66,72.025272,0.974091,95.321573,5787.222234
19.68,72.025272,0.974091,95.321573,5787.222234
19.70,72.025272,0.974091,95.321573,5787.222234
19.72,72.025473,0.974091,95.321387,5788.108255
19.74,72.025473,0.974091,95.321387,5788.108255
19.76,72.025473,0.974091,95.321387,5788.108255
19.78,72.025473,0.974091,95.321387,5788.108255
19.80,72.025473,0.974091,95.321387,5788.108255
19.82,72.025473,0.974091,95.321387,5788.108255
19.84,72.025473,0.974091,95.321387,5788.108255
19.86,72.025473,0.974091,95.321387,5788.108255
19.88,72.025473,0.974090,95.321387,5788.108255
19.90,72.025473,0.974090,95.321387,5788.108255
19.92,72.025473,0.974090,95.321387,5788.108255
19.94,72.025473,0.974090,95.321387,5788.108255
19.96,72.025473,0.974090,95.321387,5788.108255
19.98,72.025473,0.974089,95.321387,5788.108255
20.00,72.025473,0.974089,95.321387,5788.108255
20.02,72.025473,0.974089,95.321387,5788.108255
20.04,72.025473,0.974089,95.321387,5788.108255
20.06,72.025473,0.974089,95.321387,5788.108255
20.08,72.025473,0.974089,95.321387,5788.108255
20.10,72.025473,0.974089,95.321387,5788.108255
20.12,72.025473,0.974089,95.321387,5788.108255
20.14,72.025473,0.974089,95.321387,5788.108255
20.16,72.025473,0.974089,95.321387,5788.108255
20.18,72.025473,0.974089,95.321387,5788.108255
20.20,72.025473,0.974089,95.321387,5788.108255
20.22,72.025473,0.974089,95.321387,5788.108255
20.24,72.025473,0.974089,95.321387,5788.108255
20.26,72.025473,0.974089,95.321387,5788.108255
20.28,72.025473,0.974089,95.321387,5788.108255
20.30,72.025473,0.974089,95.321387,5788.108255
20.32,72.025473,0.974089,95.321387,5788.108255
20.34,72.025473,0.974089,95.321387,5788.108255
20.36,72.025473,0.974089,95.321387,5788.108255
20.38,72.025473,0.974089,95.321387,5788.108255
20.40,72.025473,0.974089,95.321387,5788.108255
20.42,72.025473,0.974089,95.321387,5788.108255
20.44,72.025473,0.974089,95.321387,5788.108255
20.46,72.025473,0.974089,95.321387,5788.108255
20.48,72.025473,0.974089,95.321387,5788.108255
20.50,72.025473,0.974089,95.321387,5788.108255
20.52,72.025473,0.974089,95.321387,5788.108255
20.54,72.025473,0.974089,95.321387,5788.108255
20.56,72.025768,0.974089,95.326266,5788.737911
20.58,72.025768,0.974089,95.326266,5788.737911
20.60,72.025768,0.974089,95.326266,5788.737911
20.62,72.025768,0.974089,95.326266,5788.737911
20.64,72.025768,0.974089,95.326266,5788.737911
20.66,72.025768,0.974084,95.326266,5788.737911
20.68,72.025768,0.974075,95.326266,5788.737911
20.70,72.025768,0.974066,95.326266,5788.737911
20.72,72.025768,0.974057,95.326266,5788.737911
20.74,72.025768,0.974049,95.326266,5788.737911
20.76,72.025768,0.974042,95.326266,5788.737911
20.78,72.025768,0.974036,95.326266,5788.737911
20.80,72.025768,0.974031,95.326266,5788.737911
20.82,72.025768,0.974027,95.326266,5788.737911
20.84,72.025768,0.974024,95.326266,5788.737911
20.86,72.025768,0.974021,95.326266,5788.737911
20.88,72.025768,0.974018,95.326266,5788.737911
20.90,72.025768,0.974016,95.326266,5788.737911
20.92,72.025768,0.974014,95.326266,5788.737911
20.94,72.025768,0.974013,95.326266,5788.737911
20.96,72.025768,0.974012,95.326266,5788.737911
20.98,72.025768,0.974012,95.326266,5788.737911
21.00,72.025768,0.974012,95.326266,5788.737911
21.02,72.025768,0.974012,95.326266,5788.737911
21.04,72.025768,0.974012,95.326266,5788.737911
21.06,72.025768,0.974012,95.326266,5788.737911
21.08,72.025768,0.974012,95.326266,5788.737911
21.10,72.025768,0.974012,95.326266,5788.737911
21.12,72.025768,0.974012,95.326266,5788.737911
21.14,72.025768,0.974012,95.326266,5788.737911
21.16,72.025768,0.974012,95.326266,5788.737911
21.18,72.025768,0.974012,95.326266,5788.737911
21.20,72.025768,0.974012,95.326266,5788.737911
21.22,72.025768,0.974012,95.326266,5788.737911
21.24,72.025768,0.974012,95.326266,5788.737911
21.26,72.025768,0.974012,95.326266,5788.737911
21.28,72.025768,0.974012,95.326266,5788.737911
21.30,72.025768,0.974012,95.326266,5788.737911
21.32,72.025768,0.974012,95.326266,5788.737911
21.34,72.025768,0.974012,95.326266,5788.737911
21.36,72.025768,0.974012,95.326266,5788.737911
21.38,72.025768,0.974012,95.326266,5788.737911
21.40,72.026054,0.974012,95.329531,5788.826244
21.42,72.026054,0.974012,95.329531,5788.826244
21.44,72.026054,0.974012,95.329531,5788.826244
21.46,72.026054,0.974012,95.329531,5788.826244
21.48,72.026054,0.974012,95.329531,5788.826244
21.50,72.026054,0.974008,95.329531,5788.826244
21.52,72.026054,0.974002,95.329531,5788.826244
21.54,72.026054,0.973995,95.329531,5788.826244
21.56,72.026054,0.973989,95.329531,5788.826244
21.58,72.026054,0.973982,95.329531,5788.826244
21.60,72.026054,0.973977,95.329531,5788.826244
21.62,72.026054,0.973973,95.329531,5788.826244
21.64,72.026054,0.973969,95.329531,5788.826244
21.66,72.026054,0.973966,95.329531,5788.826244
21.68,72.026054,0.973963,95.329531,5788.826244
21.70,72.026054,0.973961,95.329531,5788.826244
21.72,72.026054,0.973959,95.329531,5788.826244
21.74,72.026054,0.973958,95.329531,5788.826244
21.76,72.026054,0.973956,95.329531,5788.826244
21.78,72.026054,0.973955,95.329531,5788.826244
21.80,72.026054,0.973955,95.329531,5788.826244
21.82,72.026054,0.973955,95.329531,5788.826244
21.84,72.026054,0.973955,95.329531,5788.826244
21.86,72.026054,0.973955,95.329531,5788.826244
21.88,72.026054,0.973955,95.329531,5788.826244
21.90,72.026054,0.973955,95.329531,5788.826244
21.92,72.026054,0.973955,95.329531,5788.826244
21.94,72.026054,0.973955,95.329531,5788.826244
21.96,72.026054,0.973955,95.329531,5788.826244
21.98,72.026054,0.973955,95.329531,5788.826244
22.00,72.026054,0.973955,95.329531,5788.826244
22.02,72.026054,0.973955,95.329531,5788.826244
22.04,72.026054,0.973955,95.329531,5788.826244
22.06,72.026054,0.973955,95.329531,5788.826244
22.08,72.026054,0.973955,95.329531,5788.826244
22.10,72.026054,0.973955,95.329531,5788.826244
22.12,72.026054,0.973955,95.329531,5788.826244
22.14,72.026054,0.973955,95.329531,5788.826244
22.16,72.026054,0.973955,95.329531,5788.826244
22.18,72.026054,0.973955,95.329531,5788.826244
22.20,72.026054,0.973955,95.329531,5788.826244
22.22,72.026054,0.973955,95.329531,5788.826244
22.24,72.026226,0.973955,95.330837,5788.867373
22.26,72.026226,0.973955,95.330837,5788.867373
22.28,72.026226,0.973955,95.330837,5788.867373
22.30,72.026226,0.973955,95.330837,5788.867373
22.32,72.026226,0.973955,95.330837,5788.867373
22.34,72.026226,0.973956,95.330837,5788.867373
22.36,72.026226,0.973958,95.330837,5788.867373
22.38,72.026226,0.973960,95.330837,5788.867373
22.40,72.026226,0.973962,95.330837,5788.867373
22.42,72.026226,0.973964,95.330837,5788.867373
22.44,72.026226,0.973965,95.330837,5788.867373
22.46,72.026226,0.973966,95.330837,5788.867373
22.48,72.026226,0.973968,95.330837,5788.867373
22.50,72.026226,0.973969,95.330837,5788.867373
22.52,72.026226,0.973969,95.330837,5788.867373
22.54,72.026226,0.973970,95.330837,5788.867373
22.56,72.026226,0.973971,95.330837,5788.867373
22.58,72.026226,0.973971,95.330837,5788.867373
22.60,72.026226,0.973971,95.330837,5788.867373
22.62,72.026226,0.973972,95.330837,5788.867373
22.64,72.026226,0.973972,95.330837,5788.867373
22.66,72.026226,0.973972,95.330837,5788.867373
22.68,72.026226,0.973972,95.330837,5788.867373
22.70,72.026226,0.973972,95.330837,5788.867373
22.72,72.026226,0.973972,95.330837,5788.867373
22.74,72.026226,0.973972,95.330837,5788.867373
22.76,72.026226,0.973972,95.330837,5788.867373
22.78,72.026226,0.973972,95.330837,5788.867373
22.80,72.026226,0.973972,95.330837,5788.867373
22.82,72.026226,0.973972,95.330837,5788.867373
22.84,72.026226,0.973972,95.330837,5788.867373
22.86,72.026226,0.973972,95.330837,5788.867373
22.88,72.026226,0.973972,95.330837,5788.867373
22.90,72.026226,0.973972,95.330837,5788.867373
22.92,72.026226,0.973972,95.330837,5788.867373
22.94,72.026226,0.973972,95.330837,5788.867373
22.96,72.026226,0.973972,95.330837,5788.867373
22.98,72.026226,0.973972,95.330837,5788.867373
23.00,72.026226,0.973972,95.330837,5788.867373
23.02,72.026226,0.973972,95.330837,5788.867373
23.04,72.026226,0.973972,95.330837,5788.867373
23.06,72.026226,0.973972,95.330837,5788.867373
23.08,72.026209,0.973972,95.330878,5788.904698
23.10,72.026209,0.973972,95.330878,5788.904698
23.12,72.026209,0.973972,95.330878,5788.904698
23.14,72.026209,0.973972,95.330878,5788.904698
23.16,72.026209,0.973972,95.330878,5788.904698
23.18,72.026209,0.973976,95.330878,5788.904698
23.20,72.026209,0.973982,95.330878,5788.904698
23.22,72.026209,0.973990,95.330878,5788.904698
23.24,72.026209,0.973997,95.330878,5788.904698
23.26,72.026209,0.974003,95.330878,5788.904698
23.28,72.026209,0.974009,95.330878,5788.904698
23.30,72.026209,0.974013,95.330878,5788.904698
23.32,72.026209,0.974017,95.330878,5788.904698
23.34,72.026209,0.974020,95.330878,5788.904698
23.36,72.026209,0.974023,95.330878,5788.904698
23.38,72.026209,0.974026,95.330878,5788.904698
23.40,72.026209,0.974027,95.330878,5788.904698
23.42,72.026209,0.974029,95.330878,5788.904698
23.44,72.026209,0.974030,95.330878,5788.904698
23.46,72.026209,0.974032,95.330878,5788.904698
23.48,72.026209,0.974032,95.330878,5788.904698
23.50,72.026209,0.974032,95.330878,5788.904698
23.52,72.026209,0.974032,95.330878,5788.904698
23.54,72.026209,0.974032,95.330878,5788.904698
23.56,72.026209,0.974032,95.330878,5788.904698
23.58,72.026209,0.974032,95.330878,5788.904698
23.60,72.026209,0.974032,95.330878,5788.904698
23.62,72.026209,0.974032,95.330878,5788.904698
23.64,72.026209,0.974032,95.330878,5788.904698
23.66,72.026209,0.974032,95.330878,5788.904698
23.68,72.026209,0.974032,95.330878,5788.904698
23.70,72.026209,0.974032,95.330878,5788.904698
23.72,72.026209,0.974032,95.330878,5788.904698
23.74,72.026209,0.974032,95.330878,5788.904698
23.76,72.026209,0.974032,95.330878,5788.904698
23.78,72.026209,0.974032,95.330878,5788.904698
23.80,72.026209,0.974032,95.330878,5788.904698
23.82,72.026209,0.974032,95.330878,5788.904698
23.84,72.026209,0.974032,95.330878,5788.904698
23.86,72.026209,0.974032,95.330878,5788.904698
23.88,72.026209,0.974032,95.330878,5788.904698
23.90,72.026209,0.974032,95.330878,5788.904698
23.92,72.025985,0.974032,95.321974,5787.674340
23.94,72.025985,0.974032,95.321974,5787.674340
23.96,72.025985,0.974032,95.321974,5787.674340
23.98,72.025985,0.974032,95.321974,5787.674340
24.00,72.025985,0.974032,95.321974,5787.674340
24.02,72.025985,0.974036,95.321974,5787.674340
24.04,72.025985,0.974041,95.321974,5787.674340
24.06,72.025985,0.974047,95.321974,5787.674340
24.08,72.025985,0.974053,95.321974,5787.674340
24.10,72.025985,0.974058,95.321974,5787.674340
24.12,72.025985,0.974063,95.321974,5787.674340
24.14,72.025985,0.974066,95.321974,5787.674340
24.16,72.025985,0.974070,95.321974,5787.674340
24.18,72.025985,0.974072,95.321974,5787.674340
24.20,72.025985,0.974075,95.321974,5787.674340
24.22,72.025985,0.974077,95.321974,5787.674340
24.24,72.025985,0.974078,95.321974,5787.674340
24.26,72.025985,0.974080,95.321974,5787.674340
24.28,72.025985,0.974081,95.321974,5787.674340
24.30,72.025985,0.974082,95.321974,5787.674340
24.32,72.025985,0.974082,95.321974,5787.674340
24.34,72.025985,0.974082,95.321974,5787.674340
24.36,72.025985,0.974082,95.321974,5787.674340
24.38,72.025985,0.974082,95.321974,5787.674340
24.40,72.025985,0.974082,95.321974,5787.674340
24.42,72.025985,0.974082,95.321974,5787.674340
24.44,72.025985,0.974082,95.321974,5787.674340
24.46,72.025985,0.974082,95.321974,5787.674340
24.48,72.025985,0.974082,95.321974,5787.674340
24.50,72.025985,0.974082,95.321974,5787.674340
24.52,72.025985,0.974082,95.321974,5787.674340
24.54,72.025985,0.974082,95.321974,5787.674340
24.56,72.025985,0.974082,95.321974,5787.674340
24.58,72.025985,0.974082,95.321974,5787.674340
24.60,72.025985,0.974082,95.321974,5787.674340
24.62,72.025985,0.974082,95.321974,5787.674340
24.64,72.025985,0.974082,95.321974,5787.674340
24.66,72.025985,0.974082,95.321974,5787.674340
24.68,72.025985,0.974082,95.321974,5787.674340
24.70,72.025985,0.974082,95.321974,5787.674340
24.72,72.025985,0.974082,95.321974,5787.674340
24.74,72.025985,0.974082,95.321974,5787.674340
24.76,72.025839,0.974082,95.321324,5788.341540
24.78,72.025839,0.974082,95.321324,5788.341540
24.80,72.025839,0.974082,95.321324,5788.341540
24.82,72.025839,0.974082,95.321324,5788.341540
24.84,72.025839,0.974082,95.321324,5788.341540
24.86,72.025839,0.974082,95.321324,5788.341540
24.88,72.025839,0.974081,95.321324,5788.341540
24.90,72.025839,0.974080,95.321324,5788.341540
24.92,72.025839,0.974079,95.321324,5788.341540
24.94,72.025839,0.974079,95.321324,5788.341540
24.96,72.025839,0.974078,95.321324,5788.341540
24.98,72.025839,0.974078,95.321324,5788.341540
25.00,72.025839,0.974077,95.321324,5788.341540
25.02,72.025839,0.974077,95.321324,5788.341540
25.04,72.025839,0.974077,95.321324,5788.341540
25.06,72.025839,0.974077,95.321324,5788.341540
25.08,72.025839,0.974076,95.321324,5788.341540
25.10,72.025839,0.974076,95.321324,5788.341540
25.12,72.025839,0.974076,95.321324,5788.341540
25.14,72.025839,0.974076,95.321324,5788.341540
25.16,72.025839,0.974076,95.321324,5788.341540
25.18,72.025839,0.974076,95.321324,5788.341540
25.20,72.025839,0.974076,95.321324,5788.341540
25.22,72.025839,0.974076,95.321324,5788.341540
25.24,72.025839,0.974076,95.321324,5788.341540
25.26,72.025839,0.974076,95.321324,5788.341540
25.28,72.025839,0.974076,95.321324,5788.341540
25.30,72.025839,0.974076,95.321324,5788.341540
25.32,72.025839,0.974076,95.321324,5788.341540
25.34,72.025839,0.974076,95.321324,5788.341540
25.36,72.025839,0.974076,95.321324,5788.341540
25.38,72.025839,0.974076,95.321324,5788.341540
25.40,72.025839,0.974076,95.321324,5788.341540
25.42,72.025839,0.974076,95.321324,5788.341540
25.44,72.025839,0.974076,95.321324,5788.341540
25.46,72.025839,0.974076,95.321324,5788.341540
25.48,72.025839,0.974076,95.321324,5788.341540
25.50,72.025839,0.974076,95.321324,5788.341540
25.52,72.025839,0.974076,95.321324,5788.341540
25.54,72.025839,0.974076,95.321324,5788.341540
25.56,72.025839,0.974076,95.321324,5788.341540
25.58,72.025839,0.974076,95.321324,5788.341540
25.60,72.025818,0.974076,95.326200,5788.989616
25.62,72.025818,0.974076,95.326200,5788.989616
25.64,72.025818,0.974076,95.326200,5788.989616
25.66,72.025818,0.974076,95.326200,5788.989616
25.68,72.025818,0.974076,95.326200,5788.989616
25.70,72.025818,0.974070,95.326200,5788.989616
25.72,72.025818,0.974062,95.326200,5788.989616
25.74,72.025818,0.974053,95.326200,5788.989616
25.76,72.025818,0.974043,95.326200,5788.989616
25.78,72.025818,0.974035,95.326200,5788.989616
25.80,72.025818,0.974028,95.326200,5788.989616
25.82,72.025818,0.974022,95.326200,5788.989616
25.84,72.025818,0.974017,95.326200,5788.989616
25.86,72.025818,0.974012,95.326200,5788.989616
25.88,72.025818,0.974009,95.326200,5788.989616
25.90,72.025818,0.974006,95.326200,5788.989616
25.92,72.025818,0.974003,95.326200,5788.989616
25.94,72.025818,0.974001,95.326200,5788.989616
25.96,72.025818,0.973999,95.326200,5788.989616
25.98,72.025818,0.973998,95.326200,5788.989616
26.00,72.025818,0.973997,95.326200,5788.989616
26.02,72.025818,0.973997,95.326200,5788.989616
26.04,72.025818,0.973997,95.326200,5788.989616
26.06,72.025818,0.973997,95.326200,5788.989616
26.08,72.025818,0.973997,95.326200,5788.989616
26.10,72.025818,0.973997,95.326200,5788.989616
26.12,72.025818,0.973997,95.326200,5788.989616
26.14,72.025818,0.973997,95.326200,5788.989616
26.16,72.025818,0.973997,95.326200,5788.989616
26.18,72.025818,0.973997,95.326200,5788.989616
26.20,72.025818,0.973997,95.326200,5788.989616
26.22,72.025818,0.973997,95.326200,5788.989616
26.24,72.025818,0.973997,95.326200,5788.989616
26.26,72.025818,0.973997,95.326200,5788.989616
26.28,72.025818,0.973997,95.326200,5788.989616
26.30,72.025818,0.973997,95.326200,5788.989616
26.32,72.025818,0.973997,95.326200,5788.989616
26.34,72.025818,0.973997,95.326200,5788.989616
26.36,72.025818,0.973997,95.326200,5788.989616
26.38,72.025818,0.973997,95.326200,5788.989616
26.40,72.025818,0.973997,95.326200,5788.989616
26.42,72.025818,0.973997,95.326200,5788.989616
26.44,72.025817,0.973997,95.329350,5789.024581
26.46,72.025817,0.973997,95.329350,5789.024581
26.48,72.025817,0.973997,95.329350,5789.024581
26.50,72.025817,0.973997,95.329350,5789.024581
26.52,72.025817,0.973997,95.329350,5789.024581
26.54,72.025817,0.973993,95.329350,5789.024581
26.56,72.025817,0.973988,95.329350,5789.024581
26.58,72.025817,0.973981,95.329350,5789.024581
26.60,72.025817,0.973975,95.329350,5789.024581
26.62,72.025817,0.973969,95.329350,5789.024581
26.64,72.025817,0.973964,95.329350,5789.024581
26.66,72.025817,0.973960,95.329350,5789.024581
26.68,72.025817,0.973956,95.329350,5789.024581
26.70,72.025817,0.973953,95.329350,5789.024581
26.72,72.025817,0.973951,95.329350,5789.024581
26.74,72.025817,0.973949,95.329350,5789.024581
26.76,72.025817,0.973947,95.329350,5789.024581
26.78,72.025817,0.973945,95.329350,5789.024581
26.80,72.025817,0.973944,95.329350,5789.024581
26.82,72.025817,0.973943,95.329350,5789.024581
26.84,72.025817,0.973943,95.329350,5789.024581
26.86,72.025817,0.973943,95.329350,5789.024581
26.88,72.025817,0.973943,95.329350,5789.024581
26.90,72.025817,0.973943,95.329350,5789.024581
26.92,72.025817,0.973943,95.329350,5789.024581
26.94,72.025817,0.973943,95.329350,5789.024581
26.96,72.025817,0.973943,95.329350,5789.024581
26.98,72.025817,0.973943,95.329350,5789.024581
27.00,72.025817,0.973943,95.329350,5789.024581
27.02,72.025817,0.973943,95.329350,5789.024581
27.04,72.025817,0.973943,95.329350,5789.024581
27.06,72.025817,0.973943,95.329350,5789.024581
27.08,72.025817,0.973943,95.329350,5789.024581
27.10,72.025817,0.973943,95.329350,5789.024581
27.12,72.025817,0.973943,95.329350,5789.024581
27.14,72.025817,0.973943,95.329350,5789.024581
27.16,72.025817,0.973943,95.329350,5789.024581
27.18,72.025817,0.973943,95.329350,5789.024581
27.20,72.025817,0.973943,95.329350,5789.024581
27.22,72.025817,0.973943,95.329350,5789.024581
27.24,72.025817,0.973943,95.329350,5789.024581
27.26,72.025817,0.973943,95.329350,5789.024581
27.28,72.025728,0.973943,95.330739,5789.057277
27.30,72.025728,0.973943,95.330739,5789.057277
27.32,72.025728,0.973943,95.330739,5789.057277
27.34,72.025728,0.973943,95.330739,5789.057277
27.36,72.025728,0.973943,95.330739,5789.057277
27.38,72.025728,0.973944,95.330739,5789.057277
27.40,72.025728,0.973946,95.330739,5789.057277
27.42,72.025728,0.973949,95.330739,5789.057277
27.44,72.025728,0.973951,95.330739,5789.057277
27.46,72.025728,0.973953,95.330739,5789.057277
27.48,72.025728,0.973955,95.330739,5789.057277
27.50,72.025728,0.973957,95.330739,5789.057277
27.52,72.025728,0.973958,95.330739,5789.057277
27.54,72.025728,0.973959,95.330739,5789.057277
27.56,72.025728,0.973960,95.330739,5789.057277
27.58,72.025728,0.973961,95.330739,5789.057277
27.60,72.025728,0.973961,95.330739,5789.057277
27.62,72.025728,0.973962,95.330739,5789.057277
27.64,72.025728,0.973962,95.330739,5789.057277
27.66,72.025728,0.973963,95.330739,5789.057277
27.68,72.025728,0.973963,95.330739,5789.057277
27.70,72.025728,0.973963,95.330739,5789.057277
27.72,72.025728,0.973963,95.330739,5789.057277
27.74,72.025728,0.973963,95.330739,5789.057277
27.76,72.025728,0.973963,95.330739,5789.057277
27.78,72.025728,0.973963,95.330739,5789.057277
27.80,72.025728,0.973963,95.330739,5789.057277
27.82,72.025728,0.973963,95.330739,5789.057277
27.84,72.025728,0.973963,95.330739,5789.057277
27.86,72.025728,0.973963,95.330739,5789.057277
27.88,72.025728,0.973963,95.330739,5789.057277
27.90,72.025728,0.973963,95.330739,5789.057277
27.92,72.025728,0.973963,95.330739,5789.057277
27.94,72.025728,0.973963,95.330739,5789.057277
27.96,72.025728,0.973963,95.330739,5789.057277
27.98,72.025728,0.973963,95.330739,5789.057277
28.00,72.025728,0.973963,95.330739,5789.057277
28.02,72.025728,0.973963,95.330739,5789.057277
28.04,72.025728,0.973963,95.330739,5789.057277
28.06,72.025728,0.973963,95.330739,5789.057277
28.08,72.025728,0.973963,95.330739,5789.057277
28.10,72.025728,0.973963,95.330739,5789.057277
28.12,72.025472,0.973963,95.330948,5789.082893
28.14,72.025472,0.973963,95.330948,5789.082893
28.16,72.025472,0.973963,95.330948,5789.082893
28.18,72.025472,0.973963,95.330948,5789.082893
28.20,72.025472,0.973963,95.330948,5789.082893
28.22,72.025472,0.973967,95.330948,5789.082893
28.24,72.025472,0.973974,95.330948,5789.082893
28.26,72.025472,0.973981,95.330948,5789.082893
28.28,72.025472,0.973988,95.330948,5789.082893
28.30,72.025472,0.973995,95.330948,5789.082893
28.32,72.025472,0.974000,95.330948,5789.082893
28.34,72.025472,0.974005,95.330948,5789.082893
28.36,72.025472,0.974009,95.330948,5789.082893
28.38,72.025472,0.974012,95.330948,5789.082893
28.40,72.025472,0.974015,95.330948,5789.082893
28.42,72.025472,0.974017,95.330948,5789.082893
28.44,72.025472,0.974019,95.330948,5789.082893
28.46,72.025472,0.974021,95.330948,5789.082893
28.48,72.025472,0.974022,95.330948,5789.082893
28.50,72.025472,0.974023,95.330948,5789.082893
28.52,72.025472,0.974024,95.330948,5789.082893
28.54,72.025472,0.974024,95.330948,5789.082893
28.56,72.025472,0.974024,95.330948,5789.082893
28.58,72.025472,0.974024,95.330948,5789.082893
28.60,72.025472,0.974024,95.330948,5789.082893
28.62,72.025472,0.974024,95.330948,5789.082893
28.64,72.025472,0.974024,95.330948,5789.082893
28.66,72.025472,0.974024,95.330948,5789.082893
28.68,72.025472,0.974024,95.330948,5789.082893
28.70,72.025472,0.974024,95.330948,5789.082893
28.72,72.025472,0.974024,95.330948,5789.082893
28.74,72.025472,0.974024,95.330948,5789.082893
28.76,72.025472,0.974024,95.330948,5789.082893
28.78,72.025472,0.974024,95.330948,5789.082893
28.80,72.025472,0.974024,95.330948,5789.082893
28.82,72.025472,0.974024,95.330948,5789.082893
28.84,72.025472,0.974024,95.330948,5789.082893
28.86,72.025472,0.974024,95.330948,5789.082893
28.88,72.025472,0.974024,95.330948,5789.082893
28.90,72.025472,0.974024,95.330948,5789.082893
28.92,72.025472,0.974024,95.330948,5789.082893
28.94,72.025472,0.974024,95.330948,5789.082893
28.96,72.025028,0.974024,95.323241,5787.996075
28.98,72.025028,0.974024,95.323241,5787.996075
29.00,72.025028,0.974024,95.323241,5787.996075
29.02,72.025028,0.974024,95.323241,5787.996075
29.04,72.025028,0.974024,95.323241,5787.996075
29.06,72.025028,0.974027,95.323241,5787.996075
29.08,72.025028,0.974032,95.323241,5787.996075
29.10,72.025028,0.974038,95.323241,5787.996075
29.12,72.025028,0.974044,95.323241,5787.996075
29.14,72.025028,0.974049,95.323241,5787.996075
29.16,72.025028,0.974053,95.323241,5787.996075
29.18,72.025028,0.974057,95.323241,5787.996075
29.20,72.025028,0.974060,95.323241,5787.996075
29.22,72.025028,0.974063,95.323241,5787.996075
29.24,72.025028,0.974065,95.323241,5787.996075
29.26,72.025028,0.974067,95.323241,5787.996075
29.28,72.025028,0.974068,95.323241,5787.996075
29.30,72.025028,0.974070,95.323241,5787.996075
29.32,72.025028,0.974071,95.323241,5787.996075
29.34,72.025028,0.974072,95.323241,5787.996075
29.36,72.025028,0.974072,95.323241,5787.996075
29.38,72.025028,0.974072,95.323241,5787.996075
29.40,72.025028,0.974072,95.323241,5787.996075
29.42,72.025028,0.974072,95.323241,5787.996075
29.44,72.025028,0.974072,95.323241,5787.996075
29.46,72.025028,0.974072,95.323241,5787.996075
29.48,72.025028,0.974072,95.323241,5787.996075
29.50,72.025028,0.974072,95.323241,5787.996075
29.52,72.025028,0.974072,95.323241,5787.996075
29.54,72.025028,0.974072,95.323241,5787.996075
29.56,72.025028,0.974072,95.323241,5787.996075
29.58,72.025028,0.974072,95.323241,5787.996075
29.60,72.025028,0.974072,95.323241,5787.996075
29.62,72.025028,0.974072,95.323241,5787.996075
29.64,72.025028,0.974072,95.323241,5787.996075
29.66,72.025028,0.974072,95.323241,5787.996075
29.68,72.025028,0.974072,95.323241,5787.996075
29.70,72.025028,0.974072,95.323241,5787.996075
29.72,72.025028,0.974072,95.323241,5787.996075
29.74,72.025028,0.974072,95.323241,5787.996075
29.76,72.025028,0.974072,95.323241,5787.996075
29.78,72.025028,0.974072,95.323241,5787.996075
29.80,72.024643,0.974072,95.322170,5788.489729
29.82,72.024643,0.974072,95.322170,5788.489729
29.84,72.024643,0.974072,95.322170,5788.489729
29.86,72.024643,0.974072,95.322170,5788.489729
29.88,72.024643,0.974072,95.322170,5788.489729
29.90,72.024643,0.974071,95.322170,5788.489729
29.92,72.024643,0.974070,95.322170,5788.489729
29.94,72.024643,0.974069,95.322170,5788.489729
29.96,72.024643,0.974068,95.322170,5788.489729
29.98,72.024643,0.974067,95.322170,5788.489729
30.00,72.024643,0.974066,95.322170,5788.489729
30.02,72.024643,0.974065,95.322170,5788.489729
30.04,72.024643,0.974065,95.322170,5788.489729
30.06,72.024643,0.974064,95.322170,5788.489729
30.08,72.024643,0.974064,95.322170,5788.489729
30.10,72.024643,0.974063,95.322170,5788.489729
30.12,72.024643,0.974063,95.322170,5788.489729
30.14,72.024643,0.974063,95.322170,5788.489729
30.16,72.024643,0.974063,95.322170,5788.489729
30.18,72.024643,0.974062,95.322170,5788.489729
30.20,72.024643,0.974062,95.322170,5788.489729
30.22,72.024643,0.974062,95.322170,5788.489729
30.24,72.024643,0.974062,95.322170,5788.489729
30.26,72.024643,0.974062,95.322170,5788.489729
30.28,72.024643,0.974062,95.322170,5788.489729
30.30,72.024643,0.974062,95.322170,5788.489729
30.32,72.024643,0.974062,95.322170,5788.489729
30.34,72.024643,0.974062,95.322170,5788.489729
30.36,72.024643,0.974062,95.322170,5788.489729
30.38,72.024643,0.974062,95.322170,5788.489729
30.40,72.024643,0.974062,95.322170,5788.489729
30.42,72.024643,0.974062,95.322170,5788.489729
30.44,72.024643,0.974062,95.322170,5788.489729
30.46,72.024643,0.974062,95.322170,5788.489729
30.48,72.024643,0.974062,95.322170,5788.489729
30.50,72.024643,0.974062,95.322170,5788.489729
30.52,72.024643,0.974062,95.322170,5788.489729
30.54,72.024643,0.974062,95.322170,5788.489729
30.56,72.024643,0.974062,95.322170,5788.489729
30.58,72.024643,0.974062,95.322170,5788.489729
30.60,72.024643,0.974062,95.322170,5788.489729
30.62,72.024643,0.974062,95.322170,5788.489729
30.64,72.024383,0.974062,95.326721,5789.130891
30.66,72.024383,0.974062,95.326721,5789.130891
30.68,72.024383,0.974062,95.326721,5789.130891
30.70,72.024383,0.974062,95.326721,5789.130891
30.72,72.024383,0.974062,95.326721,5789.130891
30.74,72.024383,0.974057,95.326721,5789.130891
30.76,72.024383,0.974048,95.326721,5789.130891
30.78,72.024383,0.974038,95.326721,5789.130891
30.80,72.024383,0.974029,95.326721,5789.130891
30.82,72.024383,0.974020,95.326721,5789.130891
30.84,72.024383,0.974013,95.326721,5789.130891
30.86,72.024383,0.974007,95.326721,5789.130891
30.88,72.024383,0.974001,95.326721,5789.130891
30.90,72.024383,0.973997,95.326721,5789.130891
30.92,72.024383,0.973993,95.326721,5789.130891
30.94,72.024383,0.973990,95.326721,5789.130891
30.96,72.024383,0.973988,95.326721,5789.130891
30.98,72.024383,0.973986,95.326721,5789.130891
31.00,72.024383,0.973984,95.326721,5789.130891
31.02,72.024383,0.973982,95.326721,5789.130891
31.04,72.024383,0.973982,95.326721,5789.130891
31.06,72.024383,0.973982,95.326721,5789.130891
31.08,72.024383,0.973982,95.326721,5789.130891
31.10,72.024383,0.973982,95.326721,5789.130891
31.12,72.024383,0.973982,95.326721,5789.130891
31.14,72.024383,0.973982,95.326721,5789.130891
31.16,72.024383,0.973982,95.326721,5789.130891
31.18,72.024383,0.973982,95.326721,5789.130891
31.20,72.024383,0.973982,95.326721,5789.130891
31.22,72.024383,0.973982,95.326721,5789.130891
31.24,72.024383,0.973982,95.326721,5789.130891
31.26,72.024383,0.973982,95.326721,5789.130891
31.28,72.024383,0.973982,95.326721,5789.130891
31.30,72.024383,0.973982,95.326721,5789.130891
31.32,72.024383,0.973982,95.326721,5789.130891
31.34,72.024383,0.973982,95.326721,5789.130891
31.36,72.024383,0.973982,95.326721,5789.130891
31.38,72.024383,0.973982,95.326721,5789.130891
31.40,72.024383,0.973982,95.326721,5789.130891
31.42,72.024383,0.973982,95.326721,5789.130891
31.44,72.024383,0.973982,95.326721,5789.130891
31.46,72.024383,0.973982,95.326721,5789.130891
31.48,72.024149,0.973982,95.329704,5789.154533
31.50,72.024149,0.973982,95.329704,5789.154533
31.52,72.024149,0.973982,95.329704,5789.154533
31.54,72.024149,0.973982,95.329704,5789.154533
31.56,72.024149,0.973982,95.329704,5789.154533
31.58,72.024149,0.973978,95.329704,5789.154533
31.60,72.024149,0.973973,95.329704,5789.154533
31.62,72.024149,0.973966,95.329704,5789.154533
31.64,72.024149,0.973961,95.329704,5789.154533
31.66,72.024149,0.973955,95.329704,5789.154533
31.68,72.024149,0.973950,95.329704,5789.154533
31.70,72.024149,0.973946,95.329704,5789.154533
31.72,72.024149,0.973943,95.329704,5789.154533
31.74,72.024149,0.973940,95.329704,5789.154533
31.76,72.024149,0.973938,95.329704,5789.154533
31.78,72.024149,0.973936,95.329704,5789.154533
31.80,72.024149,0.973935,95.329704,5789.154533
31.82,72.024149,0.973933,95.329704,5789.154533
31.84,72.024149,0.973932,95.329704,5789.154533
31.86,72.024149,0.973931,95.329704,5789.154533
31.88,72.024149,0.973931,95.329704,5789.154533
31.90,72.024149,0.973931,95.329704,5789.154533
31.92,72.024149,0.973931,95.329704,5789.154533
31.94,72.024149,0.973931,95.329704,5789.154533
31.96,72.024149,0.973931,95.329704,5789.154533
31.98,72.024149,0.973931,95.329704,5789.154533
32.00,72.024149,0.973931,95.329704,5789.154533
32.02,72.024149,0.973931,95.329704,5789.154533
32.04,72.024149,0.973931,95.329704,5789.154533
32.06,72.024149,0.973931,95.329704,5789.154533
32.08,72.024149,0.973931,95.329704,5789.154533
32.10,72.024149,0.973931,95.329704,5789.154533
32.12,72.024149,0.973931,95.329704,5789.154533
32.14,72.024149,0.973931,95.329704,5789.154533
32.16,72.024149,0.973931,95.329704,5789.154533
32.18,72.024149,0.973931,95.329704,5789.154533
32.20,72.024149,0.973931,95.329704,5789.154533
32.22,72.024149,0.973931,95.329704,5789.154533
32.24,72.024149,0.973931,95.329704,5789.154533
32.26,72.024149,0.973931,95.329704,5789.154533
32.28,72.024149,0.973931,95.329704,5789.154533
32.30,72.024149,0.973931,95.329704,5789.154533
32.32,72.023837,0.973931,95.331050,5789.177680
32.34,72.023837,0.973931,95.331050,5789.177680
32.36,72.023837,0.973931,95.331050,5789.177680
32.38,72.023837,0.973931,95.331050,5789.177680
32.40,72.023837,0.973931,95.331050,5789.177680
32.42,72.023837,0.973932,95.331050,5789.177680
32.44,72.023837,0.973935,95.331050,5789.177680
32.46,72.023837,0.973937,95.331050,5789.177680
32.48,72.023837,0.973940,95.331050,5789.177680
32.50,72.023837,0.973943,95.331050,5789.177680
32.52,72.023837,0.973945,95.331050,5789.177680
32.54,72.023837,0.973947,95.331050,5789.177680
32.56,72.023837,0.973948,95.331050,5789.177680
32.58,72.023837,0.973949,95.331050,5789.177680
32.60,72.023837,0.973950,95.331050,5789.177680
32.62,72.023837,0.973951,95.331050,5789.177680
32.64,72.023837,0.973952,95.331050,5789.177680
32.66,72.023837,0.973953,95.331050,5789.177680
32.68,72.023837,0.973953,95.331050,5789.177680
32.70,72.023837,0.973954,95.331050,5789.177680
32.72,72.023837,0.973954,95.331050,5789.177680
32.74,72.023837,0.973954,95.331050,5789.177680
32.76,72.023837,0.973954,95.331050,5789.177680
32.78,72.023837,0.973954,95.331050,5789.177680
32.80,72.023837,0.973954,95.331050,5789.177680
32.82,72.023837,0.973954,95.331050,5789.177680
32.84,72.023837,0.973954,95.331050,5789.177680
32.86,72.023837,0.973954,95.331050,5789.177680
32.88,72.023837,0.973954,95.331050,5789.177680
32.90,72.023837,0.973954,95.331050,5789.177680
32.92,72.023837,0.973954,95.331050,5789.177680
32.94,72.023837,0.973954,95.331050,5789.177680
32.96,72.023837,0.973954,95.331050,5789.177680
32.98,72.023837,0.973954,95.331050,5789.177680
33.00,72.023837,0.973954,95.331050,5789.177680
33.02,72.023837,0.973954,95.331050,5789.177680
33.04,72.023837,0.973954,95.331050,5789.177680
33.06,72.023837,0.973954,95.331050,5789.177680
33.08,72.023837,0.973954,95.331050,5789.177680
33.10,72.023837,0.973954,95.331050,5789.177680
33.12,72.023837,0.973954,95.331050,5789.177680
33.14,72.023837,0.973954,95.331050,5789.177680
33.16,72.023367,0.973954,95.331271,5789.190915
33.18,72.023367,0.973954,95.331271,5789.190915
33.20,72.023367,0.973954,95.331271,5789.190915
33.22,72.023367,0.973954,95.331271,5789.190915
33.24,72.023367,0.973954,95.331271,5789.190915
33.26,72.023367,0.973958,95.331271,5789.190915
33.28,72.023367,0.973965,95.331271,5789.190915
33.30,72.023367,0.973972,95.331271,5789.190915
33.32,72.023367,0.973979,95.331271,5789.190915
33.34,72.023367,0.973986,95.331271,5789.190915
33.36,72.023367,0.973991,95.331271,5789.190915
33.38,72.023367,0.973996,95.331271,5789.190915
33.40,72.023367,0.974000,95.331271,5789.190915
33.42,72.023367,0.974003,95.331271,5789.190915
33.44,72.023367,0.974006,95.331271,5789.190915
33.46,72.023367,0.974009,95.331271,5789.190915
33.48,72.023367,0.974011,95.331271,5789.190915
33.50,72.023367,0.974012,95.331271,5789.190915
33.52,72.023367,0.974014,95.331271,5789.190915
33.54,72.023367,0.974015,95.331271,5789.190915
33.56,72.023367,0.974015,95.331271,5789.190915
33.58,72.023367,0.974015,95.331271,5789.190915
33.60,72.023367,0.974015,95.331271,5789.190915
33.62,72.023367,0.974015,95.331271,5789.190915
33.64,72.023367,0.974015,95.331271,5789.190915
33.66,72.023367,0.974015,95.331271,5789.190915
33.68,72.023367,0.974015,95.331271,5789.190915
33.70,72.023367,0.974015,95.331271,5789.190915
33.72,72.023367,0.974015,95.331271,5789.190915
33.74,72.023367,0.974015,95.331271,5789.190915
33.76,72.023367,0.974015,95.331271,5789.190915
33.78,72.023367,0.974015,95.331271,5789.190915
33.80,72.023367,0.974015,95.331271,5789.190915
33.82,72.023367,0.974015,95.331271,5789.190915
33.84,72.023367,0.974015,95.331271,5789.190915
33.86,72.023367,0.974015,95.331271,5789.190915
33.88,72.023367,0.974015,95.331271,5789.190915
33.90,72.023367,0.974015,95.331271,5789.190915
33.92,72.023367,0.974015,95.331271,5789.190915
33.94,72.023367,0.974015,95.331271,5789.190915
33.96,72.023367,0.974015,95.331271,5789.190915
33.98,72.023367,0.974015,95.331271,5789.190915
34.00,72.022719,0.974015,95.324339,5788.203768
34.02,72.022719,0.974015,95.324339,5788.203768
34.04,72.022719,0.974015,95.324339,5788.203768
34.06,72.022719,0.974015,95.324339,5788.203768
34.08,72.022719,0.974015,95.324339,5788.203768
34.10,72.022719,0.974018,95.324339,5788.203768
34.12,72.022719,0.974023,95.324339,5788.203768
34.14,72.022719,0.974029,95.324339,5788.203768
34.16,72.022719,0.974034,95.324339,5788.203768
34.18,72.022719,0.974039,95.324339,5788.203768
34.20,72.022719,0.974043,95.324339,5788.203768
34.22,72.022719,0.974047,95.324339,5788.203768
34.24,72.022719,0.974050,95.324339,5788.203768
34.26,72.022719,0.974053,95.324339,5788.203768
34.28,72.022719,0.974055,95.324339,5788.203768
34.30,72.022719,0.974056,95.324339,5788.203768
34.32,72.022719,0.974058,95.324339,5788.203768
34.34,72.022719,0.974059,95.324339,5788.203768
34.36,72.022719,0.974060,95.324339,5788.203768
34.38,72.022719,0.974061,95.324339,5788.203768
34.40,72.022719,0.974062,95.324339,5788.203768
34.42,72.022719,0.974062,95.324339,5788.203768
34.44,72.022719,0.974062,95.324339,5788.203768
34.46,72.022719,0.974062,95.324339,5788.203768
34.48,72.022719,0.974062,95.324339,5788.203768
34.50,72.022719,0.974062,95.324339,5788.203768
34.52,72.022719,0.974061,95.324339,5788.203768
34.54,72.022719,0.974061,95.324339,5788.203768
34.56,72.022719,0.974061,95.324339,5788.203768
34.58,72.022719,0.974061,95.324339,5788.203768
34.60,72.022719,0.974061,95.324339,5788.203768
34.62,72.022719,0.974061,95.324339,5788.203768
34.64,72.022719,0.974061,95.324339,5788.203768
34.66,72.022719,0.974061,95.324339,5788.203768
34.68,72.022719,0.974061,95.324339,5788.203768
34.70,72.022719,0.974061,95.324339,5788.203768
34.72,72.022719,0.974061,95.324339,5788.203768
34.74,72.022719,0.974061,95.324339,5788.203768
34.76,72.022719,0.974061,95.324339,5788.203768
34.78,72.022719,0.974061,95.324339,5788.203768
34.80,72.022719,0.974061,95.324339,5788.203768
34.82,72.022719,0.974061,95.324339,5788.203768
34.84,72.022120,0.974061,95.322898,5788.567978
34.86,72.022120,0.974061,95.322898,5788.567978
34.88,72.022120,0.974061,95.322898,5788.567978
34.90,72.022120,0.974061,95.322898,5788.567978
34.92,72.022120,0.974061,95.322898,5788.567978
34.94,72.022120,0.974061,95.322898,5788.567978
34.96,72.022120,0.974059,95.322898,5788.567978
34.98,72.022120,0.974057,95.322898,5788.567978
35.00,72.022120,0.974056,95.322898,5788.567978
35.02,72.022120,0.974054,95.322898,5788.567978
35.04,72.022120,0.974053,95.322898,5788.567978
35.06,72.022120,0.974052,95.322898,5788.567978
35.08,72.022120,0.974051,95.322898,5788.567978
35.10,72.022120,0.974051,95.322898,5788.567978
35.12,72.022120,0.974050,95.322898,5788.567978
35.14,72.022120,0.974050,95.322898,5788.567978
35.16,72.022120,0.974049,95.322898,5788.567978
35.18,72.022120,0.974049,95.322898,5788.567978
35.20,72.022120,0.974048,95.322898,5788.567978
35.22,72.022120,0.974048,95.322898,5788.567978
35.24,72.022120,0.974048,95.322898,5788.567978
35.26,72.022120,0.974048,95.322898,5788.567978
35.28,72.022120,0.974048,95.322898,5788.567978
35.30,72.022120,0.974048,95.322898,5788.567978
35.32,72.022120,0.974048,95.322898,5788.567978
35.34,72.022120,0.974048,95.322898,5788.567978
35.36,72.022120,0.974048,95.322898,5788.567978
35.38,72.022120,0.974048,95.322898,5788.567978
35.40,72.022120,0.974048,95.322898,5788.567978
35.42,72.022120,0.974048,95.322898,5788.567978
35.44,72.022120,0.974048,95.322898,5788.567978
35.46,72.022120,0.974048,95.322898,5788.567978
35.48,72.022120,0.974048,95.322898,5788.567978
35.50,72.022120,0.974048,95.322898,5788.567978
35.52,72.022120,0.974048,95.322898,5788.567978
35.54,72.022120,0.974048,95.322898,5788.567978
35.56,72.022120,0.974048,95.322898,5788.567978
35.58,72.022120,0.974048,95.322898,5788.567978
35.60,72.022120,0.974048,95.322898,5788.567978
35.62,72.022120,0.974048,95.322898,5788.567978
35.64,72.022120,0.974048,95.322898,5788.567978
35.66,72.022120,0.974048,95.322898,5788.567978
35.68,72.021647,0.974048,95.327182,5789.201336
35.70,72.021647,0.974048,95.327182,5789.201336
35.72,72.021647,0.974048,95.327182,5789.201336
35.74,72.021647,0.974048,95.327182,5789.201336
35.76,72.021647,0.974048,95.327182,5789.201336
35.78,72.021647,0.974042,95.327182,5789.201336
35.80,72.021647,0.974034,95.327182,5789.201336
35.82,72.021647,0.974024,95.327182,5789.201336
35.84,72.021647,0.974015,95.327182,5789.201336
35.86,72.021647,0.974006,95.327182,5789.201336
35.88,72.021647,0.973999,95.327182,5789.201336
35.90,72.021647,0.973993,95.327182,5789.201336
35.92,72.021647,0.973987,95.327182,5789.201336
35.94,72.021647,0.973983,95.327182,5789.201336
35.96,72.021647,0.973979,95.327182,5789.201336
35.98,72.021647,0.973976,95.327182,5789.201336
36.00,72.021647,0.973974,95.327182,5789.201336
36.02,72.021647,0.973972,95.327182,5789.201336
36.04,72.021647,0.973970,95.327182,5789.201336
36.06,72.021647,0.973968,95.327182,5789.201336
36.08,72.021647,0.973968,95.327182,5789.201336
36.10,72.021647,0.973968,95.327182,5789.201336
36.12,72.021647,0.973968,95.327182,5789.201336
36.14,72.021647,0.973968,95.327182,5789.201336
36.16,72.021647,0.973968,95.327182,5789.201336
36.18,72.021647,0.973968,95.327182,5789.201336
36.20,72.021647,0.973968,95.327182,5789.201336
36.22,72.021647,0.973968,95.327182,5789.201336
36.24,72.021647,0.973968,95.327182,5789.201336
36.26,72.021647,0.973968,95.327182,5789.201336
36.28,72.021647,0.973968,95.327182,5789.201336
36.30,72.021647,0.973968,95.327182,5789.201336
36.32,72.021647,0.973968,95.327182,5789.201336
36.34,72.021647,0.973968,95.327182,5789.201336
36.36,72.021647,0.973968,95.327182,5789.201336
36.38,72.021647,0.973968,95.327182,5789.201336
36.40,72.021647,0.973968,95.327182,5789.201336
36.42,72.021647,0.973968,95.327182,5789.201336
36.44,72.021647,0.973968,95.327182,5789.201336
36.46,72.021647,0.973968,95.327182,5789.201336
36.48,72.021647,0.973968,95.327182,5789.201336
36.50,72.021647,0.973968,95.327182,5789.201336
36.52,72.021209,0.973968,95.330026,5789.212649
36.54,72.021209,0.973968,95.330026,5789.212649
36.56,72.021209,0.973968,95.330026,5789.212649
36.58,72.021209,0.973968,95.330026,5789.212649
36.60,72.021209,0.973967,95.330026,5789.212649
36.62,72.021209,0.973964,95.330026,5789.212649
36.64,72.021209,0.973960,95.330026,5789.212649
36.66,72.021209,0.973955,95.330026,5789.212649
36.68,72.021209,0.973950,95.330026,5789.212649
36.70,72.021209,0.973945,95.330026,5789.212649
36.72,72.021209,0.973941,95.330026,5789.212649
36.74,72.021209,0.973938,95.330026,5789.212649
36.76,72.021209,0.973935,95.330026,5789.212649
36.78,72.021209,0.973933,95.330026,5789.212649
36.80,72.021209,0.973931,95.330026,5789.212649
36.82,72.021209,0.973929,95.330026,5789.212649
36.84,72.021209,0.973928,95.330026,5789.212649
36.86,72.021209,0.973926,95.330026,5789.212649
36.88,72.021209,0.973925,95.330026,5789.212649
36.90,72.021209,0.973925,95.330026,5789.212649
36.92,72.021209,0.973924,95.330026,5789.212649
36.94,72.021209,0.973924,95.330026,5789.212649
36.96,72.021209,0.973924,95.330026,5789.212649
36.98,72.021209,0.973924,95.330026,5789.212649
37.00,72.021209,0.973924,95.330026,5789.212649
37.02,72.021209,0.973924,95.330026,5789.212649
37.04,72.021209,0.973924,95.330026,5789.212649
37.06,72.021209,0.973924,95.330026,5789.212649
37.08,72.021209,0.973924,95.330026,5789.212649
37.10,72.021209,0.973924,95.330026,5789.212649
37.12,72.021209,0.973924,95.330026,5789.212649
37.14,72.021209,0.973924,95.330026,5789.212649
37.16,72.021209,0.973924,95.330026,5789.212649
37.18,72.021209,0.973924,95.330026,5789.212649
37.20,72.021209,0.973924,95.330026,5789.212649
37.22,72.021209,0.973924,95.330026,5789.212649
37.24,72.021209,0.973924,95.330026,5789.212649
37.26,72.021209,0.973924,95.330026,5789.212649
37.28,72.021209,0.973924,95.330026,5789.212649
37.30,72.021209,0.973924,95.330026,5789.212649
37.32,72.021209,0.973924,95.330026,5789.212649
37.34,72.021209,0.973924,95.330026,5789.212649
37.36,72.020698,0.973924,95.331325,5789.223477
37.38,72.020698,0.973924,95.331325,5789.223477
37.40,72.020698,0.973924,95.331325,5789.223477
37.42,72.020698,0.973924,95.331325,5789.223477
37.44,72.020698,0.973924,95.331325,5789.223477
37.46,72.020698,0.973926,95.331325,5789.223477
37.48,72.020698,0.973929,95.331325,5789.223477
37.50,72.020698,0.973933,95.331325,5789.223477
37.52,72.020698,0.973936,95.331325,5789.223477
37.54,72.020698,0.973939,95.331325,5789.223477
37.56,72.020698,0.973942,95.331325,5789.223477
37.58,72.020698,0.973944,95.331325,5789.223477
37.60,72.020698,0.973946,95.331325,5789.223477
37.62,72.020698,0.973948,95.331325,5789.223477
37.64,72.020698,0.973949,95.331325,5789.223477
37.66,72.020698,0.973950,95.331325,5789.223477
37.68,72.020698,0.973951,95.331325,5789.223477
37.70,72.020698,0.973952,95.331325,5789.223477
37.72,72.020698,0.973953,95.331325,5789.223477
37.74,72.020698,0.973953,95.331325,5789.223477
37.76,72.020698,0.973954,95.331325,5789.223477
37.78,72.020698,0.973954,95.331325,5789.223477
37.80,72.020698,0.973954,95.331325,5789.223477
37.82,72.020698,0.973954,95.331325,5789.223477
37.84,72.020698,0.973954,95.331325,5789.223477
37.86,72.020698,0.973954,95.331325,5789.223477
37.88,72.020698,0.973954,95.331325,5789.223477
37.90,72.020698,0.973954,95.331325,5789.223477
37.92,72.020698,0.973954,95.331325,5789.223477
37.94,72.020698,0.973954,95.331325,5789.223477
37.96,72.020698,0.973954,95.331325,5789.223477
37.98,72.020698,0.973954,95.331325,5789.223477
38.00,72.020698,0.973954,95.331325,5789.223477
38.02,72.020698,0.973954,95.331325,5789.223477
38.04,72.020698,0.973954,95.331325,5789.223477
38.06,72.020698,0.973954,95.331325,5789.223477
38.08,72.020698,0.973954,95.331325,5789.223477
38.10,72.020698,0.973954,95.331325,5789.223477
38.12,72.020698,0.973954,95.331325,5789.223477
38.14,72.020698,0.973954,95.331325,5789.223477
38.16,72.020698,0.973954,95.331325,5789.223477
38.18,72.020698,0.973954,95.331325,5789.223477
38.20,72.020039,0.973954,95.331537,5789.221452
38.22,72.020039,0.973954,95.331537,5789.221452
38.24,72.020039,0.973954,95.331537,5789.221452
38.26,72.020039,0.973954,95.331537,5789.221452
38.28,72.020039,0.973954,95.331537,5789.221452
38.30,72.020039,0.973958,95.331537,5789.221452
38.32,72.020039,0.973965,95.331537,5789.221452
38.34,72.020039,0.973973,95.331537,5789.221452
38.36,72.020039,0.973980,95.331537,5789.221452
38.38,72.020039,0.973987,95.331537,5789.221452
38.40,72.020039,0.973993,95.331537,5789.221452
38.42,72.020039,0.973998,95.331537,5789.221452
38.44,72.020039,0.974002,95.331537,5789.221452
38.46,72.020039,0.974005,95.331537,5789.221452
38.48,72.020039,0.974008,95.331537,5789.221452
38.50,72.020039,0.974011,95.331537,5789.221452
38.52,72.020039,0.974013,95.331537,5789.221452
38.54,72.020039,0.974014,95.331537,5789.221452
38.56,72.020039,0.974016,95.331537,5789.221452
38.58,72.020039,0.974017,95.331537,5789.221452
38.60,72.020039,0.974018,95.331537,5789.221452
38.62,72.020039,0.974018,95.331537,5789.221452
38.64,72.020039,0.974018,95.331537,5789.221452
38.66,72.020039,0.974018,95.331537,5789.221452
38.68,72.020039,0.974018,95.331537,5789.221452
38.70,72.020039,0.974018,95.331537,5789.221452
38.72,72.020039,0.974018,95.331537,5789.221452
38.74,72.020039,0.974018,95.331537,5789.221452
38.76,72.020039,0.974018,95.331537,5789.221452
38.78,72.020039,0.974018,95.331537,5789.221452
38.80,72.020039,0.974018,95.331537,5789.221452
38.82,72.020039,0.974018,95.331537,5789.221452
38.84,72.020039,0.974018,95.331537,5789.221452
38.86,72.020039,0.974018,95.331537,5789.221452
38.88,72.020039,0.974018,95.331537,5789.221452
38.90,72.020039,0.974018,95.331537,5789.221452
38.92,72.020039,0.974018,95.331537,5789.221452
38.94,72.020039,0.974018,95.331537,5789.221452
38.96,72.020039,0.974018,95.331537,5789.221452
38.98,72.020039,0.974018,95.331537,5789.221452
39.00,72.020039,0.974018,95.331537,5789.221452
39.02,72.020039,0.974018,95.331537,5789.221452
39.04,72.019213,0.974018,95.325346,5788.330975
39.06,72.019213,0.974018,95.325346,5788.330975
39.08,72.019213,0.974018,95.325346,5788.330975
39.10,72.019213,0.974018,95.325346,5788.330975
39.12,72.019213,0.974018,95.325346,5788.330975
39.14,72.019213,0.974021,95.325346,5788.330975
39.16,72.019213,0.974025,95.325346,5788.330975
39.18,72.019213,0.974031,95.325346,5788.330975
39.20,72.019213,0.974036,95.325346,5788.330975
39.22,72.019213,0.974041,95.325346,5788.330975
39.24,72.019213,0.974045,95.325346,5788.330975
39.26,72.019213,0.974048,95.325346,5788.330975
39.28,72.019213,0.974051,95.325346,5788.330975
39.30,72.019213,0.974054,95.325346,5788.330975
39.32,72.019213,0.974056,95.325346,5788.330975
39.34,72.019213,0.974057,95.325346,5788.330975
39.36,72.019213,0.974059,95.325346,5788.330975
39.38,72.019213,0.974060,95.325346,5788.330975
39.40,72.019213,0.974061,95.325346,5788.330975
39.42,72.019213,0.974062,95.325346,5788.330975
39.44,72.019213,0.974062,95.325346,5788.330975
39.46,72.019213,0.974062,95.325346,5788.330975
39.48,72.019213,0.974062,95.325346,5788.330975
39.50,72.019213,0.974062,95.325346,5788.330975
39.52,72.019213,0.974062,95.325346,5788.330975
39.54,72.019213,0.974062,95.325346,5788.330975
39.56,72.019213,0.974062,95.325346,5788.330975
39.58,72.019213,0.974062,95.325346,5788.330975
39.60,72.019213,0.974062,95.325346,5788.330975
39.62,72.019213,0.974062,95.325346,5788.330975
39.64,72.019213,0.974062,95.325346,5788.330975
39.66,72.019213,0.974062,95.325346,5788.330975
39.68,72.019213,0.974062,95.325346,5788.330975
39.70,72.019213,0.974062,95.325346,5788.330975
39.72,72.019213,0.974062,95.325346,5788.330975
39.74,72.019213,0.974062,95.325346,5788.330975
39.76,72.019213,0.974062,95.325346,5788.330975
39.78,72.019213,0.974062,95.325346,5788.330975
39.80,72.019213,0.974062,95.325346,5788.330975
39.82,72.019213,0.974062,95.325346,5788.330975
39.84,72.019213,0.974062,95.325346,5788.330975
39.86,72.019213,0.974062,95.325346,5788.330975
39.88,72.018426,0.974062,95.323525,5788.566189
39.90,72.018426,0.974062,95.323525,5788.566189
39.92,72.018426,0.974062,95.323525,5788.566189
39.94,72.018426,0.974062,95.323525,5788.566189
39.96,72.018426,0.974062,95.323525,5788.566189
39.98,72.018426,0.974061,95.323525,5788.566189
40.00,72.018426,0.974059,95.323525,5788.566189
40.02,72.018426,0.974057,95.323525,5788.566189
40.04,72.018426,0.974055,95.323525,5788.566189
40.06,72.018426,0.974053,95.323525,5788.566189
40.08,72.018426,0.974051,95.323525,5788.566189
40.10,72.018426,0.974050,95.323525,5788.566189
40.12,72.018426,0.974049,95.323525,5788.566189
40.14,72.018426,0.974048,95.323525,5788.566189
40.16,72.018426,0.974047,95.323525,5788.566189
40.18,72.018426,0.974046,95.323525,5788.566189
40.20,72.018426,0.974046,95.323525,5788.566189
40.22,72.018426,0.974045,95.323525,5788.566189
40.24,72.018426,0.974045,95.323525,5788.566189
40.26,72.018426,0.974044,95.323525,5788.566189
40.28,72.018426,0.974044,95.323525,5788.566189
40.30,72.018426,0.974044,95.323525,5788.566189
40.32,72.018426,0.974044,95.323525,5788.566189
40.34,72.018426,0.974044,95.323525,5788.566189
40.36,72.018426,0.974044,95.323525,5788.566189
40.38,72.018426,0.974044,95.323525,5788.566189
40.40,72.018426,0.974044,95.323525,5788.566189
40.42,72.018426,0.974044,95.323525,5788.566189
40.44,72.018426,0.974044,95.323525,5788.566189
40.46,72.018426,0.974044,95.323525,5788.566189
40.48,72.018426,0.974044,95.323525,5788.566189
40.50,72.018426,0.974044,95.323525,5788.566189
40.52,72.018426,0.974044,95.323525,5788.566189
40.54,72.018426,0.974044,95.323525,5788.566189
40.56,72.018426,0.974044,95.323525,5788.566189
40.58,72.018426,0.974044,95.323525,5788.566189
40.60,72.018426,0.974044,95.323525,5788.566189
40.62,72.018426,0.974044,95.323525,5788.566189
40.64,72.018426,0.974044,95.323525,5788.566189
40.66,72.018426,0.974044,95.323525,5788.566189
40.68,72.018426,0.974044,95.323525,5788.566189
40.70,72.018426,0.974044,95.323525,5788.566189
40.72,72.017771,0.974044,95.327583,5789.197907
40.74,72.017771,0.974044,95.327583,5789.197907
40.76,72.017771,0.974044,95.327583,5789.197907
40.78,72.017771,0.974044,95.327583,5789.197907
40.80,72.017771,0.974044,95.327583,5789.197907
40.82,72.017771,0.974039,95.327583,5789.197907
40.84,72.017771,0.974030,95.327583,5789.197907
40.86,72.017771,0.974020,95.327583,5789.197907
40.88,72.017771,0.974011,95.327583,5789.197907
40.90,72.017771,0.974002,95.327583,5789.197907
40.92,72.017771,0.973995,95.327583,5789.197907
40.94,72.017771,0.973989,95.327583,5789.197907
40.96,72.017771,0.973983,95.327583,5789.197907
40.98,72.017771,0.973979,95.327583,5789.197907
41.00,72.017771,0.973975,95.327583,5789.197907
41.02,72.017771,0.973972,95.327583,5789.197907
41.04,72.017771,0.973970,95.327583,5789.197907
41.06,72.017771,0.973967,95.327583,5789.197907
41.08,72.017771,0.973966,95.327583,5789.197907
41.10,72.017771,0.973964,95.327583,5789.197907
41.12,72.017771,0.973963,95.327583,5789.197907
41.14,72.017771,0.973963,95.327583,5789.197907
41.16,72.017771,0.973963,95.327583,5789.197907
41.18,72.017771,0.973963,95.327583,5789.197907
41.20,72.017771,0.973963,95.327583,5789.197907
41.22,72.017771,0.973963,95.327583,5789.197907
41.24,72.017771,0.973963,95.327583,5789.197907
41.26,72.017771,0.973963,95.327583,5789.197907
41.28,72.017771,0.973963,95.327583,5789.197907
41.30,72.017771,0.973963,95.327583,5789.197907
41.32,72.017771,0.973963,95.327583,5789.197907
41.34,72.017771,0.973963,95.327583,5789.197907
41.36,72.017771,0.973963,95.327583,5789.197907
41.38,72.017771,0.973963,95.327583,5789.197907
41.40,72.017771,0.973963,95.327583,5789.197907
41.42,72.017771,0.973963,95.327583,5789.197907
41.44,72.017771,0.973963,95.327583,5789.197907
41.46,72.017771,0.973963,95.327583,5789.197907
41.48,72.017771,0.973963,95.327583,5789.197907
41.50,72.017771,0.973963,95.327583,5789.197907
41.52,72.017771,0.973963,95.327583,5789.197907
41.54,72.017771,0.973963,95.327583,5789.197907
41.56,72.017158,0.973963,95.330289,5789.193335
41.58,72.017158,0.973963,95.330289,5789.193335
41.60,72.017158,0.973963,95.330289,5789.193335
41.62,72.017158,0.973963,95.330289,5789.193335
41.64,72.017158,0.973963,95.330289,5789.193335
41.66,72.017158,0.973961,95.330289,5789.193335
41.68,72.017158,0.973957,95.330289,5789.193335
41.70,72.017158,0.973952,95.330289,5789.193335
41.72,72.017158,0.973948,95.330289,5789.193335
41.74,72.017158,0.973944,95.330289,5789.193335
41.76,72.017158,0.973941,95.330289,5789.193335
41.78,72.017158,0.973938,95.330289,5789.193335
41.80,72.017158,0.973935,95.330289,5789.193335
41.82,72.017158,0.973933,95.330289,5789.193335
41.84,72.017158,0.973932,95.330289,5789.193335
41.86,72.017158,0.973930,95.330289,5789.193335
41.88,72.017158,0.973929,95.330289,5789.193335
41.90,72.017158,0.973928,95.330289,5789.193335
41.92,72.017158,0.973927,95.330289,5789.193335
41.94,72.017158,0.973927,95.330289,5789.193335
41.96,72.017158,0.973926,95.330289,5789.193335
41.98,72.017158,0.973926,95.330289,5789.193335
42.00,72.017158,0.973926,95.330289,5789.193335
42.02,72.017158,0.973926,95.330289,5789.193335
42.04,72.017158,0.973926,95.330289,5789.193335
42.06,72.017158,0.973926,95.330289,5789.193335
42.08,72.017158,0.973926,95.330289,5789.193335
42.10,72.017158,0.973926,95.330289,5789.193335
42.12,72.017158,0.973926,95.330289,5789.193335
42.14,72.017158,0.973926,95.330289,5789.193335
42.16,72.017158,0.973926,95.330289,5789.193335
42.18,72.017158,0.973926,95.330289,5789.193335
42.20,72.017158,0.973926,95.330289,5789.193335
42.22,72.017158,0.973926,95.330289,5789.193335
42.24,72.017158,0.973926,95.330289,5789.193335
42.26,72.017158,0.973926,95.330289,5789.193335
42.28,72.017158,0.973926,95.330289,5789.193335
42.30,72.017158,0.973926,95.330289,5789.193335
42.32,72.017158,0.973926,95.330289,5789.193335
42.34,72.017158,0.973926,95.330289,5789.193335
42.36,72.017158,0.973926,95.330289,5789.193335
42.38,72.017158,0.973926,95.330289,5789.193335
42.40,72.016483,0.973926,95.331544,5789.193006
42.42,72.016483,0.973926,95.331544,5789.193006
42.44,72.016483,0.973926,95.331544,5789.193006
42.46,72.016483,0.973926,95.331544,5789.193006
42.48,72.016483,0.973926,95.331544,5789.193006
42.50,72.016483,0.973929,95.331544,5789.193006
42.52,72.016483,0.973932,95.331544,5789.193006
42.54,72.016483,0.973936,95.331544,5789.193006
42.56,72.016483,0.973940,95.331544,5789.193006
42.58,72.016483,0.973944,95.331544,5789.193006
42.60,72.016483,0.973947,95.331544,5789.193006
42.62,72.016483,0.973950,95.331544,5789.193006
42.64,72.016483,0.973952,95.331544,5789.193006
42.66,72.016483,0.973954,95.331544,5789.193006
42.68,72.016483,0.973955,95.331544,5789.193006
42.70,72.016483,0.973956,95.331544,5789.193006
42.72,72.016483,0.973958,95.331544,5789.193006
42.74,72.016483,0.973958,95.331544,5789.193006
42.76,72.016483,0.973959,95.331544,5789.193006
42.78,72.016483,0.973960,95.331544,5789.193006
42.80,72.016483,0.973960,95.331544,5789.193006
42.82,72.016483,0.973960,95.331544,5789.193006
42.84,72.016483,0.973960,95.331544,5789.193006
42.86,72.016483,0.973960,95.331544,5789.193006
42.88,72.016483,0.973960,95.331544,5789.193006
42.90,72.016483,0.973960,95.331544,5789.193006
42.92,72.016483,0.973960,95.331544,5789.193006
42.94,72.016483,0.973960,95.331544,5789.193006
42.96,72.016483,0.973960,95.331544,5789.193006
42.98,72.016483,0.973960,95.331544,5789.193006
43.00,72.016483,0.973960,95.331544,5789.193006
43.02,72.016483,0.973960,95.331544,5789.193006
43.04,72.016483,0.973960,95.331544,5789.193006
43.06,72.016483,0.973960,95.331544,5789.193006
43.08,72.016483,0.973960,95.331544,5789.193006
43.10,72.016483,0.973960,95.331544,5789.193006
43.12,72.016483,0.973960,95.331544,5789.193006
43.14,72.016483,0.973960,95.331544,5789.193006
43.16,72.016483,0.973960,95.331544,5789.193006
43.18,72.016483,0.973960,95.331544,5789.193006
43.20,72.016483,0.973960,95.331544,5789.193006
43.22,72.016483,0.973960,95.331544,5789.193006
43.24,72.015668,0.973960,95.331755,5789.177691
43.26,72.015668,0.973960,95.331755,5789.177691
43.28,72.015668,0.973960,95.331755,5789.177691
43.30,72.015668,0.973960,95.331755,5789.177691
43.32,72.015668,0.973960,95.331755,5789.177691
43.34,72.015668,0.973965,95.331755,5789.177691
43.36,72.015668,0.973971,95.331755,5789.177691
43.38,72.015668,0.973979,95.331755,5789.177691
43.40,72.015668,0.973987,95.331755,5789.177691
43.42,72.015668,0.973993,95.331755,5789.177691
43.44,72.015668,0.973999,95.331755,5789.177691
43.46,72.015668,0.974004,95.331755,5789.177691
43.48,72.015668,0.974009,95.331755,5789.177691
43.50,72.015668,0.974012,95.331755,5789.177691
43.52,72.015668,0.974015,95.331755,5789.177691
43.54,72.015668,0.974017,95.331755,5789.177691
43.56,72.015668,0.974020,95.331755,5789.177691
43.58,72.015668,0.974021,95.331755,5789.177691
43.60,72.015668,0.974023,95.331755,5789.177691
43.62,72.015668,0.974024,95.331755,5789.177691
43.64,72.015668,0.974025,95.331755,5789.177691
43.66,72.015668,0.974025,95.331755,5789.177691
43.68,72.015668,0.974025,95.331755,5789.177691
43.70,72.015668,0.974025,95.331755,5789.177691
43.72,72.015668,0.974025,95.331755,5789.177691
43.74,72.015668,0.974025,95.331755,5789.177691
43.76,72.015668,0.974025,95.331755,5789.177691
43.78,72.015668,0.974025,95.331755,5789.177691
43.80,72.015668,0.974025,95.331755,5789.177691
43.82,72.015668,0.974025,95.331755,5789.177691
43.84,72.015668,0.974025,95.331755,5789.177691
43.86,72.015668,0.974025,95.331755,5789.177691
43.88,72.015668,0.974025,95.331755,5789.177691
43.90,72.015668,0.974025,95.331755,5789.177691
43.92,72.015668,0.974025,95.331755,5789.177691
43.94,72.015668,0.974025,95.331755,5789.177691
43.96,72.015668,0.974025,95.331755,5789.177691
43.98,72.015668,0.974025,95.331755,5789.177691
44.00,72.015668,0.974025,95.331755,5789.177691
44.02,72.015668,0.974025,95.331755,5789.177691
44.04,72.015668,0.974025,95.331755,5789.177691
44.06,72.015668,0.974024,95.331755,5789.177691
44.08,72.014700,0.974024,95.326026,5788.341537
44.10,72.014700,0.974024,95.326026,5788.341537
44.12,72.014700,0.974024,95.326026,5788.341537
44.14,72.014700,0.974024,95.326026,5788.341537
44.16,72.014700,0.974025,95.326026,5788.341537
44.18,72.014700,0.974027,95.326026,5788.341537
44.20,72.014700,0.974032,95.326026,5788.341537
44.22,72.014700,0.974037,95.326026,5788.341537
44.24,72.014700,0.974042,95.326026,5788.341537
44.26,72.014700,0.974046,95.326026,5788.341537
44.28,72.014700,0.974050,95.326026,5788.341537
44.30,72.014700,0.974053,95.326026,5788.341537
44.32,72.014700,0.974056,95.326026,5788.341537
44.34,72.014700,0.974058,95.326026,5788.341537
44.36,72.014700,0.974060,95.326026,5788.341537
44.38,72.014700,0.974061,95.326026,5788.341537
44.40,72.014700,0.974063,95.326026,5788.341537
44.42,72.014700,0.974064,95.326026,5788.341537
44.44,72.014700,0.974065,95.326026,5788.341537
44.46,72.014700,0.974066,95.326026,5788.341537
44.48,72.014700,0.974066,95.326026,5788.341537
44.50,72.014700,0.974066,95.326026,5788.341537
44.52,72.014700,0.974066,95.326026,5788.341537
44.54,72.014700,0.974066,95.326026,5788.341537
44.56,72.014700,0.974066,95.326026,5788.341537
44.58,72.014700,0.974066,95.326026,5788.341537
44.60,72.014700,0.974066,95.326026,5788.341537
44.62,72.014700,0.974066,95.326026,5788.341537
44.64,72.014700,0.974066,95.326026,5788.341537
44.66,72.014700,0.974066,95.326026,5788.341537
44.68,72.014700,0.974066,95.326026,5788.341537
44.70,72.014700,0.974066,95.326026,5788.341537
44.72,72.014700,0.974066,95.326026,5788.341537
44.74,72.014700,0.974066,95.326026,5788.341537
44.76,72.014700,0.974066,95.326026,5788.341537
44.78,72.014700,0.974066,95.326026,5788.341537
44.80,72.014700,0.974066,95.326026,5788.341537
44.82,72.014700,0.974066,95.326026,5788.341537
44.84,72.014700,0.974066,95.326026,5788.341537
44.86,72.014700,0.974066,95.326026,5788.341537
44.88,72.014700,0.974066,95.326026,5788.341537
44.90,72.014700,0.974066,95.326026,5788.341537
44.92,72.013771,0.974066,95.324004,5788.497417
44.94,72.013771,0.974066,95.324004,5788.497417
44.96,72.013771,0.974066,95.324004,5788.497417
44.98,72.013771,0.974066,95.324004,5788.497417
45.00,72.013771,0.974066,95.324004,5788.497417
45.02,72.013771,0.974064,95.324004,5788.497417
45.04,72.013771,0.974062,95.324004,5788.497417
45.06,72.013771,0.974059,95.324004,5788.497417
45.08,72.013771,0.974056,95.324004,5788.497417
45.10,72.013771,0.974054,95.324004,5788.497417
45.12,72.013771,0.974052,95.324004,5788.497417
45.14,72.013771,0.974050,95.324004,5788.497417
45.16,72.013771,0.974048,95.324004,5788.497417
45.18,72.013771,0.974047,95.324004,5788.497417
45.20,72.013771,0.974046,95.324004,5788.497417
45.22,72.013771,0.974045,95.324004,5788.497417
45.24,72.013771,0.974044,95.324004,5788.497417
45.26,72.013771,0.974044,95.324004,5788.497417
45.28,72.013771,0.974043,95.324004,5788.497417
45.30,72.013771,0.974043,95.324004,5788.497417
45.32,72.013771,0.974042,95.324004,5788.497417
45.34,72.013771,0.974042,95.324004,5788.497417
45.36,72.013771,0.974042,95.324004,5788.497417
45.38,72.013771,0.974042,95.324004,5788.497417
45.40,72.013771,0.974042,95.324004,5788.497417
45.42,72.013771,0.974042,95.324004,5788.497417
45.44,72.013771,0.974042,95.324004,5788.497417
45.46,72.013771,0.974042,95.324004,5788.497417
45.48,72.013771,0.974042,95.324004,5788.497417
45.50,72.013771,0.974042,95.324004,5788.497417
45.52,72.013771,0.974042,95.324004,5788.497417
45.54,72.013771,0.974042,95.324004,5788.497417
45.56,72.013771,0.974042,95.324004,5788.497417
45.58,72.013771,0.974042,95.324004,5788.497417
45.60,72.013771,0.974042,95.324004,5788.497417
45.62,72.013771,0.974042,95.324004,5788.497417
45.64,72.013771,0.974042,95.324004,5788.497417
45.66,72.013771,0.974042,95.324004,5788.497417
45.68,72.013771,0.974042,95.324004,5788.497417
45.70,72.013771,0.974042,95.324004,5788.497417
45.72,72.013771,0.974042,95.324004,5788.497417
45.74,72.013771,0.974042,95.324004,5788.497417
45.76,72.012981,0.974042,95.328173,5789.159770
45.78,72.012981,0.974042,95.328173,5789.159770
45.80,72.012981,0.974042,95.328173,5789.159770
45.82,72.012981,0.974042,95.328173,5789.159770
45.84,72.012981,0.974042,95.328173,5789.159770
45.86,72.012981,0.974037,95.328173,5789.159770
45.88,72.012981,0.974028,95.328173,5789.159770
45.90,72.012981,0.974018,95.328173,5789.159770
45.92,72.012981,0.974009,95.328173,5789.159770
45.94,72.012981,0.974000,95.328173,5789.159770
45.96,72.012981,0.973993,95.328173,5789.159770
45.98,72.012981,0.973986,95.328173,5789.159770
46.00,72.012981,0.973981,95.328173,5789.159770
46.02,72.012981,0.973976,95.328173,5789.159770
46.04,72.012981,0.973973,95.328173,5789.159770
46.06,72.012981,0.973970,95.328173,5789.159770
46.08,72.012981,0.973967,95.328173,5789.159770
46.10,72.012981,0.973965,95.328173,5789.159770
46.12,72.012981,0.973963,95.328173,5789.159770
46.14,72.012981,0.973962,95.328173,5789.159770
46.16,72.012981,0.973961,95.328173,5789.159770
46.18,72.012981,0.973961,95.328173,5789.159770
46.20,72.012981,0.973961,95.328173,5789.159770
46.22,72.012981,0.973961,95.328173,5789.159770
46.24,72.012981,0.973961,95.328173,5789.159770
46.26,72.012981,0.973961,95.328173,5789.159770
46.28,72.012981,0.973961,95.328173,5789.159770
46.30,72.012981,0.973961,95.328173,5789.159770
46.32,72.012981,0.973961,95.328173,5789.159770
46.34,72.012981,0.973961,95.328173,5789.159770
46.36,72.012981,0.973961,95.328173,5789.159770
46.38,72.012981,0.973961,95.328173,5789.159770
46.40,72.012981,0.973961,95.328173,5789.159770
46.42,72.012981,0.973961,95.328173,5789.159770
46.44,72.012981,0.973961,95.328173,5789.159770
46.46,72.012981,0.973961,95.328173,5789.159770
46.48,72.012981,0.973961,95.328173,5789.159770
46.50,72.012981,0.973961,95.328173,5789.159770
46.52,72.012981,0.973961,95.328173,5789.159770
46.54,72.012981,0.973961,95.328173,5789.159770
46.56,72.012981,0.973961,95.328173,5789.159770
46.58,72.012981,0.973961,95.328173,5789.159770
46.60,72.012235,0.973961,95.330738,5789.115290
46.62,72.012235,0.973961,95.330738,5789.115290
46.64,72.012235,0.973961,95.330738,5789.115290
46.66,72.012235,0.973961,95.330738,5789.115290
46.68,72.012235,0.973961,95.330738,5789.115290
46.70,72.012235,0.973958,95.330738,5789.115290
46.72,72.012235,0.973955,95.330738,5789.115290
46.74,72.012235,0.973951,95.330738,5789.115290
46.76,72.012235,0.973948,95.330738,5789.115290
46.78,72.012235,0.973944,95.330738,5789.115290
46.80,72.012235,0.973941,95.330738,5789.115290
46.82,72.012235,0.973939,95.330738,5789.115290
46.84,72.012235,0.973937,95.330738,5789.115290
46.86,72.012235,0.973935,95.330738,5789.115290
46.88,72.012235,0.973934,95.330738,5789.115290
46.90,72.012235,0.973932,95.330738,5789.115290
46.92,72.012235,0.973931,95.330738,5789.115290
46.94,72.012235,0.973930,95.330738,5789.115290
46.96,72.012235,0.973930,95.330738,5789.115290
46.98,72.012235,0.973929,95.330738,5789.115290
47.00,72.012235,0.973929,95.330738,5789.115290
47.02,72.012235,0.973929,95.330738,5789.115290
47.04,72.012235,0.973929,95.330738,5789.115290
47.06,72.012235,0.973929,95.330738,5789.115290
47.08,72.012235,0.973929,95.330738,5789.115290
47.10,72.012235,0.973929,95.330738,5789.115290
47.12,72.012235,0.973929,95.330738,5789.115290
47.14,72.012235,0.973929,95.330738,5789.115290
47.16,72.012235,0.973929,95.330738,5789.115290
47.18,72.012235,0.973929,95.330738,5789.115290
47.20,72.012235,0.973929,95.330738,5789.115290
47.22,72.012235,0.973929,95.330738,5789.115290
47.24,72.012235,0.973929,95.330738,5789.115290
47.26,72.012235,0.973929,95.330738,5789.115290
47.28,72.012235,0.973929,95.330738,5789.115290
47.30,72.012235,0.973929,95.330738,5789.115290
47.32,72.012235,0.973929,95.330738,5789.115290
47.34,72.012235,0.973929,95.330738,5789.115290
47.36,72.012235,0.973929,95.330738,5789.115290
47.38,72.012235,0.973929,95.330738,5789.115290
47.40,72.012235,0.973929,95.330738,5789.115290
47.42,72.012235,0.973929,95.330738,5789.115290
47.44,72.011428,0.973929,95.331880,5789.102819
47.46,72.011428,0.973929,95.331880,5789.102819
47.48,72.011428,0.973929,95.331880,5789.102819
47.50,72.011428,0.973929,95.331880,5789.102819
47.52,72.011428,0.973929,95.331880,5789.102819
47.54,72.011428,0.973931,95.331880,5789.102819
47.56,72.011428,0.973935,95.331880,5789.102819
47.58,72.011428,0.973940,95.331880,5789.102819
47.60,72.011428,0.973944,95.331880,5789.102819
47.62,72.011428,0.973948,95.331880,5789.102819
47.64,72.011428,0.973952,95.331880,5789.102819
47.66,72.011428,0.973955,95.331880,5789.102819
47.68,72.011428,0.973957,95.331880,5789.102819
47.70,72.011428,0.973959,95.331880,5789.102819
47.72,72.011428,0.973961,95.331880,5789.102819
47.74,72.011428,0.973962,95.331880,5789.102819
47.76,72.011428,0.973963,95.331880,5789.102819
47.78,72.011428,0.973964,95.331880,5789.102819
47.80,72.011428,0.973965,95.331880,5789.102819
47.82,72.011428,0.973966,95.331880,5789.102819
47.84,72.011428,0.973966,95.331880,5789.102819
47.86,72.011428,0.973966,95.331880,5789.102819
47.88,72.011428,0.973966,95.331880,5789.102819
47.90,72.011428,0.973966,95.331880,5789.102819
47.92,72.011428,0.973966,95.331880,5789.102819
47.94,72.011428,0.973966,95.331880,5789.102819
47.96,72.011428,0.973966,95.331880,5789.102819
47.98,72.011428,0.973966,95.331880,5789.102819
48.00,72.011428,0.973966,95.331880,5789.102819
48.02,72.011428,0.973966,95.331880,5789.102819
48.04,72.011428,0.973966,95.331880,5789.102819
48.06,72.011428,0.973966,95.331880,5789.102819
48.08,72.011428,0.973966,95.331880,5789.102819
48.10,72.011428,0.973966,95.331880,5789.102819
48.12,72.011428,0.973966,95.331880,5789.102819
48.14,72.011428,0.973966,95.331880,5789.102819
48.16,72.011428,0.973966,95.331880,5789.102819
48.18,72.011428,0.973966,95.331880,5789.102819
48.20,72.011428,0.973966,95.331880,5789.102819
48.22,72.011428,0.973966,95.331880,5789.102819
48.24,72.011428,0.973966,95.331880,5789.102819
48.26,72.011428,0.973966,95.331880,5789.102819
48.28,72.010489,0.973966,95.332027,5789.075883
48.30,72.010489,0.973966,95.332027,5789.075883
48.32,72.010489,0.973966,95.332027,5789.075883
48.34,72.010489,0.973966,95.332027,5789.075883
48.36,72.010489,0.973966,95.332027,5789.075883
48.38,72.010489,0.973971,95.332027,5789.075883
48.40,72.010489,0.973978,95.332027,5789.075883
48.42,72.010489,0.973985,95.332027,5789.075883
48.44,72.010489,0.973993,95.332027,5789.075883
48.46,72.010489,0.974000,95.332027,5789.075883
48.48,72.010489,0.974005,95.332027,5789.075883
48.50,72.010489,0.974010,95.332027,5789.075883
48.52,72.010489,0.974015,95.332027,5789.075883
48.54,72.010489,0.974018,95.332027,5789.075883
48.56,72.010489,0.974021,95.332027,5789.075883
48.58,72.010489,0.974023,95.332027,5789.075883
48.60,72.010489,0.974025,95.332027,5789.075883
48.62,72.010489,0.974027,95.332027,5789.075883
48.64,72.010489,0.974029,95.332027,5789.075883
48.66,72.010489,0.974030,95.332027,5789.075883
48.68,72.010489,0.974030,95.332027,5789.075883
48.70,72.010489,0.974030,95.332027,5789.075883
48.72,72.010489,0.974030,95.332027,5789.075883
48.74,72.010489,0.974030,95.332027,5789.075883
48.76,72.010489,0.974030,95.332027,5789.075883
48.78,72.010489,0.974030,95.332027,5789.075883
48.80,72.010489,0.974030,95.332027,5789.075883
48.82,72.010489,0.974030,95.332027,5789.075883
48.84,72.010489,0.974030,95.332027,5789.075883
48.86,72.010489,0.974030,95.332027,5789.075883
48.88,72.010489,0.974030,95.332027,5789.075883
48.90,72.010489,0.974030,95.332027,5789.075883
48.92,72.010489,0.974030,95.332027,5789.075883
48.94,72.010489,0.974030,95.332027,5789.075883
48.96,72.010489,0.974030,95.332027,5789.075883
48.98,72.010489,0.974030,95.332027,5789.075883
49.00,72.010489,0.974030,95.332027,5789.075883
49.02,72.010489,0.974030,95.332027,5789.075883
49.04,72.010489,0.974030,95.332027,5789.075883
49.06,72.010489,0.974030,95.332027,5789.075883
49.08,72.010489,0.974030,95.332027,5789.075883
49.10,72.010489,0.974030,95.332027,5789.075883
49.12,72.009405,0.974030,95.326536,5788.269034
49.14,72.009405,0.974030,95.326536,5788.269034
49.16,72.009405,0.974030,95.326536,5788.269034
49.18,72.009405,0.974030,95.326536,5788.269034
49.20,72.009405,0.974030,95.326536,5788.269034
49.22,72.009405,0.974033,95.326536,5788.269034
49.24,72.009405,0.974037,95.326536,5788.269034
49.26,72.009405,0.974042,95.326536,5788.269034
49.28,72.009405,0.974046,95.326536,5788.269034
49.30,72.009405,0.974050,95.326536,5788.269034
49.32,72.009405,0.974053,95.326536,5788.269034
49.34,72.009405,0.974056,95.326536,5788.269034
49.36,72.009405,0.974059,95.326536,5788.269034
49.38,72.009405,0.974061,95.326536,5788.269034
49.40,72.009405,0.974063,95.326536,5788.269034
49.42,72.009405,0.974064,95.326536,5788.269034
49.44,72.009405,0.974065,95.326536,5788.269034
49.46,72.009405,0.974066,95.326536,5788.269034
49.48,72.009405,0.974067,95.326536,5788.269034
49.50,72.009405,0.974068,95.326536,5788.269034
49.52,72.009405,0.974068,95.326536,5788.269034
49.54,72.009405,0.974068,95.326536,5788.269034
49.56,72.009405,0.974068,95.326536,5788.269034
49.58,72.009405,0.974068,95.326536,5788.269034
49.60,72.009405,0.974068,95.326536,5788.269034
49.62,72.009405,0.974068,95.326536,5788.269034
49.64,72.009405,0.974068,95.326536,5788.269034
49.66,72.009405,0.974068,95.326536,5788.269034
49.68,72.009405,0.974068,95.326536,5788.269034
49.70,72.009405,0.974068,95.326536,5788.269034
49.72,72.009405,0.974068,95.326536,5788.269034
49.74,72.009405,0.974068,95.326536,5788.269034
49.76,72.009405,0.974068,95.326536,5788.269034
49.78,72.009405,0.974068,95.326536,5788.269034
49.80,72.009405,0.974068,95.326536,5788.269034
49.82,72.009405,0.974068,95.326536,5788.269034
49.84,72.009405,0.974068,95.326536,5788.269034
49.86,72.009405,0.974068,95.326536,5788.269034
49.88,72.009405,0.974068,95.326536,5788.269034
49.90,72.009405,0.974068,95.326536,5788.269034
49.92,72.009405,0.974068,95.326536,5788.269034
49.94,72.009405,0.974068,95.326536,5788.269034
49.96,72.008366,0.974068,95.324387,5788.376026
49.98,72.008366,0.974068,95.324387,5788.376026
50.00,72.008366,0.974068,95.324387,5788.376026
50.02,72.008366,0.974068,95.324387,5788.376026
50.04,72.008366,0.974068,95.324387,5788.376026
50.06,72.008366,0.974066,95.324387,5788.376026
50.08,72.008366,0.974063,95.324387,5788.376026
50.10,72.008366,0.974059,95.324387,5788.376026
50.12,72.008366,0.974056,95.324387,5788.376026
50.14,72.008366,0.974053,95.324387,5788.376026
50.16,72.008366,0.974050,95.324387,5788.376026
50.18,72.008366,0.974048,95.324387,5788.376026
50.20,72.008366,0.974046,95.324387,5788.376026
50.22,72.008366,0.974044,95.324387,5788.376026
50.24,72.008366,0.974043,95.324387,5788.376026
50.26,72.008366,0.974042,95.324387,5788.376026
50.28,72.008366,0.974041,95.324387,5788.376026
50.30,72.008366,0.974040,95.324387,5788.376026
50.32,72.008366,0.974039,95.324387,5788.376026
50.34,72.008366,0.974039,95.324387,5788.376026
50.36,72.008366,0.974038,95.324387,5788.376026
50.38,72.008366,0.974038,95.324387,5788.376026
50.40,72.008366,0.974038,95.324387,5788.376026
50.42,72.008366,0.974038,95.324387,5788.376026
50.44,72.008366,0.974038,95.324387,5788.376026
50.46,72.008366,0.974038,95.324387,5788.376026
50.48,72.008366,0.974038,95.324387,5788.376026
50.50,72.008366,0.974038,95.324387,5788.376026
50.52,72.008366,0.974038,95.324387,5788.376026
50.54,72.008366,0.974038,95.324387,5788.376026
50.56,72.008366,0.974038,95.324387,5788.376026
50.58,72.008366,0.974038,95.324387,5788.376026
50.60,72.008366,0.974038,95.324387,5788.376026
50.62,72.008366,0.974038,95.324387,5788.376026
50.64,72.008366,0.974038,95.324387,5788.376026
50.66,72.008366,0.974038,95.324387,5788.376026
50.68,72.008366,0.974038,95.324387,5788.376026
50.70,72.008366,0.974038,95.324387,5788.376026
50.72,72.008366,0.974038,95.324387,5788.376026
50.74,72.008366,0.974038,95.324387,5788.376026
50.76,72.008366,0.974038,95.324387,5788.376026
50.78,72.008366,0.974038,95.324387,5788.376026
50.80,72.007475,0.974038,95.328762,5789.074835
50.82,72.007475,0.974038,95.328762,5789.074835
50.84,72.007475,0.974038,95.328762,5789.074835
50.86,72.007475,0.974038,95.328762,5789.074835
50.88,72.007475,0.974038,95.328762,5789.074835
50.90,72.007475,0.974033,95.328762,5789.074835
50.92,72.007475,0.974024,95.328762,5789.074835
50.94,72.007475,0.974014,95.328762,5789.074835
50.96,72.007475,0.974005,95.328762,5789.074835
50.98,72.007475,0.973996,95.328762,5789.074835
51.00,72.007475,0.973988,95.328762,5789.074835
51.02,72.007475,0.973982,95.328762,5789.074835
51.04,72.007475,0.973977,95.328762,5789.074835
51.06,72.007475,0.973972,95.328762,5789.074835
51.08,72.007475,0.973969,95.328762,5789.074835
51.10,72.007475,0.973965,95.328762,5789.074835
51.12,72.007475,0.973963,95.328762,5789.074835
51.14,72.007475,0.973961,95.328762,5789.074835
51.16,72.007475,0.973959,95.328762,5789.074835
51.18,72.007475,0.973957,95.328762,5789.074835
51.20,72.007475,0.973957,95.328762,5789.074835
51.22,72.007475,0.973957,95.328762,5789.074835
51.24,72.007475,0.973957,95.328762,5789.074835
51.26,72.007475,0.973957,95.328762,5789.074835
51.28,72.007475,0.973957,95.328762,5789.074835
51.30,72.007475,0.973957,95.328762,5789.074835
51.32,72.007475,0.973957,95.328762,5789.074835
51.34,72.007475,0.973957,95.328762,5789.074835
51.36,72.007475,0.973957,95.328762,5789.074835
51.38,72.007475,0.973957,95.328762,5789.074835
51.40,72.007475,0.973957,95.328762,5789.074835
51.42,72.007475,0.973956,95.328762,5789.074835
51.44,72.007475,0.973956,95.328762,5789.074835
51.46,72.007475,0.973956,95.328762,5789.074835
51.48,72.007475,0.973956,95.328762,5789.074835
51.50,72.007475,0.973956,95.328762,5789.074835
51.52,72.007475,0.973956,95.328762,5789.074835
51.54,72.007475,0.973956,95.328762,5789.074835
51.56,72.007475,0.973956,95.328762,5789.074835
51.58,72.007475,0.973956,95.328762,5789.074835
51.60,72.007475,0.973956,95.328762,5789.074835
51.62,72.007475,0.973956,95.328762,5789.074835
51.64,72.006629,0.973956,95.331220,5788.989296
51.66,72.006629,0.973956,95.331220,5788.989296
51.68,72.006629,0.973956,95.331220,5788.989296
51.70,72.006629,0.973956,95.331220,5788.989296
51.72,72.006629,0.973956,95.331220,5788.989296
51.74,72.006629,0.973955,95.331220,5788.989296
51.76,72.006629,0.973952,95.331220,5788.989296
51.78,72.006629,0.973949,95.331220,5788.989296
51.80,72.006629,0.973945,95.331220,5788.989296
51.82,72.006629,0.973943,95.331220,5788.989296
51.84,72.006629,0.973940,95.331220,5788.989296
51.86,72.006629,0.973938,95.331220,5788.989296
51.88,72.006629,0.973936,95.331220,5788.989296
51.90,72.006629,0.973935,95.331220,5788.989296
51.92,72.006629,0.973934,95.331220,5788.989296
51.94,72.006629,0.973933,95.331220,5788.989296
51.96,72.006629,0.973932,95.331220,5788.989296
51.98,72.006629,0.973931,95.331220,5788.989296
52.00,72.006629,0.973931,95.331220,5788.989296
52.02,72.006629,0.973930,95.331220,5788.989296
52.04,72.006629,0.973930,95.331220,5788.989296
52.06,72.006629,0.973930,95.331220,5788.989296
52.08,72.006629,0.973930,95.331220,5788.989296
52.10,72.006629,0.973930,95.331220,5788.989296
52.12,72.006629,0.973930,95.331220,5788.989296
52.14,72.006629,0.973930,95.331220,5788.989296
52.16,72.006629,0.973930,95.331220,5788.989296
52.18,72.006629,0.973930,95.331220,5788.989296
52.20,72.006629,0.973930,95.331220,5788.989296
52.22,72.006629,0.973930,95.331220,5788.989296
52.24,72.006629,0.973930,95.331220,5788.989296
52.26,72.006629,0.973930,95.331220,5788.989296
52.28,72.006629,0.973930,95.331220,5788.989296
52.30,72.006629,0.973930,95.331220,5788.989296
52.32,72.006629,0.973930,95.331220,5788.989296
52.34,72.006629,0.973930,95.331220,5788.989296
52.36,72.006629,0.973930,95.331220,5788.989296
52.38,72.006629,0.973930,95.331220,5788.989296
52.40,72.006629,0.973930,95.331220,5788.989296
52.42,72.006629,0.973930,95.331220,5788.989296
52.44,72.006629,0.973930,95.331220,5788.989296
52.46,72.006629,0.973930,95.331220,5788.989296
52.48,72.005721,0.973930,95.332250,5788.965396
52.50,72.005721,0.973930,95.332250,5788.965396
52.52,72.005721,0.973930,95.332250,5788.965396
52.54,72.005721,0.973930,95.332250,5788.965396
52.56,72.005721,0.973930,95.332250,5788.965396
52.58,72.005721,0.973933,95.332250,5788.965396
52.60,72.005721,0.973937,95.332250,5788.965396
52.62,72.005721,0.973942,95.332250,5788.965396
52.64,72.005721,0.973947,95.332250,5788.965396
52.66,72.005721,0.973951,95.332250,5788.965396
52.68,72.005721,0.973955,95.332250,5788.965396
52.70,72.005721,0.973958,95.332250,5788.965396
52.72,72.005721,0.973960,95.332250,5788.965396
52.74,72.005721,0.973963,95.332250,5788.965396
52.76,72.005721,0.973964,95.332250,5788.965396
52.78,72.005721,0.973966,95.332250,5788.965396
52.80,72.005721,0.973967,95.332250,5788.965396
52.82,72.005721,0.973968,95.332250,5788.965396
52.84,72.005721,0.973969,95.332250,5788.965396
52.86,72.005721,0.973970,95.332250,5788.965396
52.88,72.005721,0.973971,95.332250,5788.965396
52.90,72.005721,0.973971,95.332250,5788.965396
52.92,72.005721,0.973971,95.332250,5788.965396
52.94,72.005721,0.973971,95.332250,5788.965396
52.96,72.005721,0.973971,95.332250,5788.965396
52.98,72.005721,0.973971,95.332250,5788.965396
53.00,72.005721,0.973971,95.332250,5788.965396
53.02,72.005721,0.973971,95.332250,5788.965396
53.04,72.005721,0.973971,95.332250,5788.965396
53.06,72.005721,0.973971,95.332250,5788.965396
53.08,72.005721,0.973971,95.332250,5788.965396
53.10,72.005721,0.973971,95.332250,5788.965396
53.12,72.005721,0.973971,95.332250,5788.965396
53.14,72.005721,0.973971,95.332250,5788.965396
53.16,72.005721,0.973971,95.332250,5788.965396
53.18,72.005721,0.973971,95.332250,5788.965396
53.20,72.005721,0.973971,95.332250,5788.965396
53.22,72.005721,0.973971,95.332250,5788.965396
53.24,72.005721,0.973971,95.332250,5788.965396
53.26,72.005721,0.973971,95.332250,5788.965396
53.28,72.005721,0.973971,95.332250,5788.965396
53.30,72.005721,0.973971,95.332250,5788.965396
53.32,72.004684,0.973971,95.327316,5788.167698
53.34,72.004684,0.973971,95.327316,5788.167698
53.36,72.004684,0.973971,95.327316,5788.167698
53.38,72.004684,0.973971,95.327316,5788.167698
53.40,72.004684,0.973971,95.327316,5788.167698
53.42,72.004684,0.973975,95.327316,5788.167698
53.44,72.004684,0.973982,95.327316,5788.167698
53.46,72.004684,0.973989,95.327316,5788.167698
53.48,72.004684,0.973997,95.327316,5788.167698
53.50,72.004684,0.974003,95.327316,5788.167698
53.52,72.004684,0.974009,95.327316,5788.167698
53.54,72.004684,0.974014,95.327316,5788.167698
53.56,72.004684,0.974018,95.327316,5788.167698
53.58,72.004684,0.974022,95.327316,5788.167698
53.60,72.004684,0.974025,95.327316,5788.167698
53.62,72.004684,0.974027,95.327316,5788.167698
53.64,72.004684,0.974029,95.327316,5788.167698
53.66,72.004684,0.974031,95.327316,5788.167698
53.68,72.004684,0.974032,95.327316,5788.167698
53.70,72.004684,0.974033,95.327316,5788.167698
53.72,72.004684,0.974034,95.327316,5788.167698
53.74,72.004684,0.974034,95.327316,5788.167698
53.76,72.004684,0.974034,95.327316,5788.167698
53.78,72.004684,0.974034,95.327316,5788.167698
53.80,72.004684,0.974034,95.327316,5788.167698
53.82,72.004684,0.974034,95.327316,5788.167698
53.84,72.004684,0.974034,95.327316,5788.167698
53.86,72.004684,0.974034,95.327316,5788.167698
53.88,72.004684,0.974034,95.327316,5788.167698
53.90,72.004684,0.974034,95.327316,5788.167698
53.92,72.004684,0.974034,95.327316,5788.167698
53.94,72.004684,0.974034,95.327316,5788.167698
53.96,72.004684,0.974034,95.327316,5788.167698
53.98,72.004684,0.974034,95.327316,5788.167698
54.00,72.004684,0.974034,95.327316,5788.167698
54.02,72.004684,0.974034,95.327316,5788.167698
54.04,72.004684,0.974034,95.327316,5788.167698
54.06,72.004684,0.974034,95.327316,5788.167698
54.08,72.004684,0.974034,95.327316,5788.167698
54.10,72.004684,0.974034,95.327316,5788.167698
54.12,72.004684,0.974034,95.327316,5788.167698
54.14,72.004684,0.974034,95.327316,5788.167698
54.16,72.003659,0.974034,95.325727,5788.324263
54.18,72.003659,0.974034,95.325727,5788.324263
54.20,72.003659,0.974034,95.325727,5788.324263
54.22,72.003659,0.974034,95.325727,5788.324263
54.24,72.003659,0.974034,95.325727,5788.324263
54.26,72.003659,0.974036,95.325727,5788.324263
54.28,72.003659,0.974040,95.325727,5788.324263
54.30,72.003659,0.974044,95.325727,5788.324263
54.32,72.003659,0.974048,95.325727,5788.324263
54.34,72.003659,0.974051,95.325727,5788.324263
54.36,72.003659,0.974055,95.325727,5788.324263
54.38,72.003659,0.974057,95.325727,5788.324263
54.40,72.003659,0.974059,95.325727,5788.324263
54.42,72.003659,0.974061,95.325727,5788.324263
54.44,72.003659,0.974063,95.325727,5788.324263
54.46,72.003659,0.974064,95.325727,5788.324263
54.48,72.003659,0.974065,95.325727,5788.324263
54.50,72.003659,0.974066,95.325727,5788.324263
54.52,72.003659,0.974067,95.325727,5788.324263
54.54,72.003659,0.974067,95.325727,5788.324263
54.56,72.003659,0.974068,95.325727,5788.324263
54.58,72.003659,0.974068,95.325727,5788.324263
54.60,72.003659,0.974068,95.325727,5788.324263
54.62,72.003659,0.974068,95.325727,5788.324263
54.64,72.003659,0.974068,95.325727,5788.324263
54.66,72.003659,0.974068,95.325727,5788.324263
54.68,72.003659,0.974068,95.325727,5788.324263
54.70,72.003659,0.974068,95.325727,5788.324263
54.72,72.003659,0.974068,95.325727,5788.324263
54.74,72.003659,0.974068,95.325727,5788.324263
54.76,72.003659,0.974068,95.325727,5788.324263
54.78,72.003659,0.974068,95.325727,5788.324263
54.80,72.003659,0.974068,95.325727,5788.324263
54.82,72.003659,0.974068,95.325727,5788.324263
54.84,72.003659,0.974068,95.325727,5788.324263
54.86,72.003659,0.974068,95.325727,5788.324263
54.88,72.003659,0.974068,95.325727,5788.324263
54.90,72.003659,0.974068,95.325727,5788.324263
54.92,72.003659,0.974068,95.325727,5788.324263
54.94,72.003659,0.974068,95.325727,5788.324263
54.96,72.003659,0.974068,95.325727,5788.324263
54.98,72.003659,0.974068,95.325727,5788.324263
55.00,72.002710,0.974068,95.325656,5788.317627
55.02,72.002710,0.974068,95.325656,5788.317627
55.04,72.002710,0.974068,95.325656,5788.317627
55.06,72.002710,0.974068,95.325656,5788.317627
55.08,72.002710,0.974068,95.325656,5788.317627
55.10,72.002710,0.974065,95.325656,5788.317627
55.12,72.002710,0.974061,95.325656,5788.317627
55.14,72.002710,0.974057,95.325656,5788.317627
55.16,72.002710,0.974053,95.325656,5788.317627
55.18,72.002710,0.974049,95.325656,5788.317627
55.20,72.002710,0.974046,95.325656,5788.317627
55.22,72.002710,0.974043,95.325656,5788.317627
55.24,72.002710,0.974041,95.325656,5788.317627
55.26,72.002710,0.974039,95.325656,5788.317627
55.28,72.002710,0.974037,95.325656,5788.317627
55.30,72.002710,0.974036,95.325656,5788.317627
55.32,72.002710,0.974035,95.325656,5788.317627
55.34,72.002710,0.974034,95.325656,5788.317627
55.36,72.002710,0.974033,95.325656,5788.317627
55.38,72.002710,0.974032,95.325656,5788.317627
55.40,72.002710,0.974032,95.325656,5788.317627
55.42,72.002710,0.974032,95.325656,5788.317627
55.44,72.002710,0.974032,95.325656,5788.317627
55.46,72.002710,0.974032,95.325656,5788.317627
55.48,72.002710,0.974032,95.325656,5788.317627
55.50,72.002710,0.974032,95.325656,5788.317627
55.52,72.002710,0.974032,95.325656,5788.317627
55.54,72.002710,0.974032,95.325656,5788.317627
55.56,72.002710,0.974032,95.325656,5788.317627
55.58,72.002710,0.974032,95.325656,5788.317627
55.60,72.002710,0.974032,95.325656,5788.317627
55.62,72.002710,0.974032,95.325656,5788.317627
55.64,72.002710,0.974032,95.325656,5788.317627
55.66,72.002710,0.974032,95.325656,5788.317627
55.68,72.002710,0.974032,95.325656,5788.317627
55.70,72.002710,0.974032,95.325656,5788.317627
55.72,72.002710,0.974032,95.325656,5788.317627
55.74,72.002710,0.974032,95.325656,5788.317627
55.76,72.002710,0.974032,95.325656,5788.317627
55.78,72.002710,0.974032,95.325656,5788.317627
55.80,72.002710,0.974032,95.325656,5788.317627
55.82,72.002710,0.974032,95.325656,5788.317627
55.84,72.001878,0.974032,95.330764,5788.986048
55.86,72.001878,0.974032,95.330764,5788.986048
55.88,72.001878,0.974032,95.330764,5788.986048
55.90,72.001878,0.974032,95.330764,5788.986048
55.92,72.001878,0.974032,95.330764,5788.986048
55.94,72.001878,0.974026,95.330764,5788.986048
55.96,72.001878,0.974017,95.330764,5788.986048
55.98,72.001878,0.974008,95.330764,5788.986048
56.00,72.001878,0.973998,95.330764,5788.986048
56.02,72.001878,0.973990,95.330764,5788.986048
56.04,72.001878,0.973982,95.330764,5788.986048
56.06,72.001878,0.973976,95.330764,5788.986048
56.08,72.001878,0.973971,95.330764,5788.986048
56.10,72.001878,0.973966,95.330764,5788.986048
56.12,72.001878,0.973962,95.330764,5788.986048
56.14,72.001878,0.973959,95.330764,5788.986048
56.16,72.001878,0.973957,95.330764,5788.986048
56.18,72.001878,0.973955,95.330764,5788.986048
56.20,72.001878,0.973953,95.330764,5788.986048
56.22,72.001878,0.973951,95.330764,5788.986048
56.24,72.001878,0.973951,95.330764,5788.986048
56.26,72.001878,0.973951,95.330764,5788.986048
56.28,72.001878,0.973951,95.330764,5788.986048
56.30,72.001878,0.973951,95.330764,5788.986048
56.32,72.001878,0.973951,95.330764,5788.986048
56.34,72.001878,0.973951,95.330764,5788.986048
56.36,72.001878,0.973951,95.330764,5788.986048
56.38,72.001878,0.973951,95.330764,5788.986048
56.40,72.001878,0.973951,95.330764,5788.986048
56.42,72.001878,0.973951,95.330764,5788.986048
56.44,72.001878,0.973951,95.330764,5788.986048
56.46,72.001878,0.973951,95.330764,5788.986048
56.48,72.001878,0.973951,95.330764,5788.986048
56.50,72.001878,0.973950,95.330764,5788.986048
56.52,72.001878,0.973950,95.330764,5788.986048
56.54,72.001878,0.973950,95.330764,5788.986048
56.56,72.001878,0.973950,95.330764,5788.986048
56.58,72.001878,0.973950,95.330764,5788.986048
56.60,72.001878,0.973950,95.330764,5788.986048
56.62,72.001878,0.973950,95.330764,5788.986048
56.64,72.001878,0.973950,95.330764,5788.986048
56.66,72.001878,0.973950,95.330764,5788.986048
56.68,72.001034,0.973950,95.333284,5788.892218
56.70,72.001034,0.973950,95.333284,5788.892218
56.72,72.001034,0.973950,95.333284,5788.892218
56.74,72.001034,0.973950,95.333284,5788.892218
56.76,72.001034,0.973950,95.333284,5788.892218
56.78,72.001034,0.973949,95.333284,5788.892218
56.80,72.001034,0.973947,95.333284,5788.892218
56.82,72.001034,0.973944,95.333284,5788.892218
56.84,72.001034,0.973942,95.333284,5788.892218
56.86,72.001034,0.973939,95.333284,5788.892218
56.88,72.001034,0.973937,95.333284,5788.892218
56.90,72.001034,0.973936,95.333284,5788.892218
56.92,72.001034,0.973934,95.333284,5788.892218
56.94,72.001034,0.973933,95.333284,5788.892218
56.96,72.001034,0.973932,95.333284,5788.892218
56.98,72.001034,0.973931,95.333284,5788.892218
57.00,72.001034,0.973931,95.333284,5788.892218
57.02,72.001034,0.973930,95.333284,5788.892218
57.04,72.001034,0.973930,95.333284,5788.892218
57.06,72.001034,0.973929,95.333284,5788.892218
57.08,72.001034,0.973929,95.333284,5788.892218
57.10,72.001034,0.973929,95.333284,5788.892218
57.12,72.001034,0.973929,95.333284,5788.892218
57.14,72.001034,0.973929,95.333284,5788.892218
57.16,72.001034,0.973929,95.333284,5788.892218
57.18,72.001034,0.973929,95.333284,5788.892218
57.20,72.001034,0.973929,95.333284,5788.892218
57.22,72.001034,0.973929,95.333284,5788.892218
57.24,72.001034,0.973929,95.333284,5788.892218
57.26,72.001034,0.973929,95.333284,5788.892218
57.28,72.001034,0.973929,95.333284,5788.892218
57.30,72.001034,0.973929,95.333284,5788.892218
57.32,72.001034,0.973929,95.333284,5788.892218
57.34,72.001034,0.973929,95.333284,5788.892218
57.36,72.001034,0.973929,95.333284,5788.892218
57.38,72.001034,0.973929,95.333284,5788.892218
57.40,72.001034,0.973929,95.333284,5788.892218
57.42,72.001034,0.973929,95.333284,5788.892218
57.44,72.001034,0.973929,95.333284,5788.892218
57.46,72.001034,0.973929,95.333284,5788.892218
57.48,72.001034,0.973929,95.333284,5788.892218
57.50,72.001034,0.973929,95.333284,5788.892218
57.52,72.000074,0.973929,95.334043,5788.862818
57.54,72.000074,0.973929,95.334043,5788.862818
57.56,72.000074,0.973929,95.334043,5788.862818
57.58,72.000074,0.973929,95.334043,5788.862818
57.60,72.000074,0.973929,95.334043,5788.862818
57.62,72.000074,0.973932,95.334043,5788.862818
57.64,72.000074,0.973937,95.334043,5788.862818
57.66,72.000074,0.973942,95.334043,5788.862818
57.68,72.000074,0.973947,95.334043,5788.862818
57.70,72.000074,0.973952,95.334043,5788.862818
57.72,72.000074,0.973956,95.334043,5788.862818
57.74,72.000074,0.973959,95.334043,5788.862818
57.76,72.000074,0.973962,95.334043,5788.862818
57.78,72.000074,0.973964,95.334043,5788.862818
57.80,72.000074,0.973966,95.334043,5788.862818
57.82,72.000074,0.973968,95.334043,5788.862818
57.84,72.000074,0.973970,95.334043,5788.862818
57.86,72.000074,0.973971,95.334043,5788.862818
57.88,72.000074,0.973972,95.334043,5788.862818
57.90,72.000074,0.973973,95.334043,5788.862818
57.92,72.000074,0.973973,95.334043,5788.862818
57.94,72.000074,0.973973,95.334043,5788.862818
57.96,72.000074,0.973973,95.334043,5788.862818
57.98,72.000074,0.973973,95.334043,5788.862818
58.00,72.000074,0.973973,95.334043,5788.862818
58.02,72.000074,0.973973,95.334043,5788.862818
58.04,72.000074,0.973973,95.334043,5788.862818
58.06,72.000074,0.973973,95.334043,5788.862818
58.08,72.000074,0.973973,95.334043,5788.862818
58.10,72.000074,0.973973,95.334043,5788.862818
58.12,72.000074,0.973973,95.334043,5788.862818
58.14,72.000074,0.973973,95.334043,5788.862818
58.16,72.000074,0.973973,95.334043,5788.862818
58.18,72.000074,0.973973,95.334043,5788.862818
58.20,72.000074,0.973973,95.334043,5788.862818
58.22,72.000074,0.973973,95.334043,5788.862818
58.24,72.000074,0.973973,95.334043,5788.862818
58.26,72.000074,0.973973,95.334043,5788.862818
58.28,72.000074,0.973973,95.334043,5788.862818
58.30,72.000074,0.973973,95.334043,5788.862818
58.32,72.000074,0.973973,95.334043,5788.862818
58.34,72.000074,0.973973,95.334043,5788.862818
58.36,71.998943,0.973973,95.321407,5786.948646
58.38,71.998943,0.973973,95.321407,5786.948646
58.40,71.998943,0.973973,95.321407,5786.948646
58.42,71.998943,0.973973,95.321407,5786.948646
58.44,71.998943,0.973973,95.321407,5786.948646
58.46,71.998943,0.973977,95.321407,5786.948646
58.48,71.998943,0.973984,95.321407,5786.948646
58.50,71.998943,0.973991,95.321407,5786.948646
58.52,71.998943,0.973999,95.321407,5786.948646
58.54,71.998943,0.974005,95.321407,5786.948646
58.56,71.998943,0.974011,95.321407,5786.948646
58.58,71.998943,0.974016,95.321407,5786.948646
58.60,71.998943,0.974020,95.321407,5786.948646
58.62,71.998943,0.974024,95.321407,5786.948646
58.64,71.998943,0.974026,95.321407,5786.948646
58.66,71.998943,0.974029,95.321407,5786.948646
58.68,71.998943,0.974031,95.321407,5786.948646
58.70,71.998943,0.974033,95.321407,5786.948646
58.72,71.998943,0.974034,95.321407,5786.948646
58.74,71.998943,0.974035,95.321407,5786.948646
58.76,71.998943,0.974036,95.321407,5786.948646
58.78,71.998943,0.974036,95.321407,5786.948646
58.80,71.998943,0.974036,95.321407,5786.948646
58.82,71.998943,0.974036,95.321407,5786.948646
58.84,71.998943,0.974036,95.321407,5786.948646
58.86,71.998943,0.974036,95.321407,5786.948646
58.88,71.998943,0.974036,95.321407,5786.948646
58.90,71.998943,0.974036,95.321407,5786.948646
58.92,71.998943,0.974036,95.321407,5786.948646
58.94,71.998943,0.974036,95.321407,5786.948646
58.96,71.998943,0.974036,95.321407,5786.948646
58.98,71.998943,0.974036,95.321407,5786.948646
59.00,71.998943,0.974036,95.321407,5786.948646
59.02,71.998943,0.974036,95.321407,5786.948646
59.04,71.998943,0.974036,95.321407,5786.948646
59.06,71.998943,0.974036,95.321407,5786.948646
59.08,71.998943,0.974036,95.321407,5786.948646
59.10,71.998943,0.974036,95.321407,5786.948646
59.12,71.998943,0.974036,95.321407,5786.948646
59.14,71.998943,0.974036,95.321407,5786.948646
59.16,71.998943,0.974036,95.321407,5786.948646
59.18,71.998943,0.974036,95.321407,5786.948646
59.20,71.998015,0.974036,95.325005,5788.489715
59.22,71.998015,0.974036,95.325005,5788.489715
59.24,71.998015,0.974036,95.325005,5788.489715
59.26,71.998015,0.974036,95.325005,5788.489715
59.28,71.998015,0.974036,95.325005,5788.489715
59.30,71.998015,0.974038,95.325005,5788.489715
59.32,71.998015,0.974041,95.325005,5788.489715
59.34,71.998015,0.974044,95.325005,5788.489715
59.36,71.998015,0.974048,95.325005,5788.489715
59.38,71.998015,0.974051,95.325005,5788.489715
59.40,71.998015,0.974054,95.325005,5788.489715
59.42,71.998015,0.974056,95.325005,5788.489715
59.44,71.998015,0.974058,95.325005,5788.489715
59.46,71.998015,0.974060,95.325005,5788.489715
59.48,71.998015,0.974061,95.325005,5788.489715
59.50,71.998015,0.974062,95.325005,5788.489715
59.52,71.998015,0.974063,95.325005,5788.489715
59.54,71.998015,0.974064,95.325005,5788.489715
59.56,71.998015,0.974065,95.325005,5788.489715
59.58,71.998015,0.974065,95.325005,5788.489715
59.60,71.998015,0.974065,95.325005,5788.489715
59.62,71.998015,0.974065,95.325005,5788.489715
59.64,71.998015,0.974065,95.325005,5788.489715
59.66,71.998015,0.974065,95.325005,5788.489715
59.68,71.998015,0.974065,95.325005,5788.489715
59.70,71.998015,0.974065,95.325005,5788.489715
59.72,71.998015,0.974065,95.325005,5788.489715
59.74,71.998015,0.974065,95.325005,5788.489715
59.76,71.998015,0.974065,95.325005,5788.489715
59.78,71.998015,0.974065,95.325005,5788.489715
59.80,71.998015,0.974065,95.325005,5788.489715
59.82,71.998015,0.974065,95.325005,5788.489715
59.84,71.998015,0.974065,95.325005,5788.489715
59.86,71.998015,0.974065,95.325005,5788.489715
59.88,71.998015,0.974065,95.325005,5788.489715
59.90,71.998015,0.974065,95.325005,5788.489715
59.92,71.998015,0.974065,95.325005,5788.489715
59.94,71.998015,0.974065,95.325005,5788.489715
59.96,71.998015,0.974065,95.325005,5788.489715
59.98,71.998015,0.974065,95.325005,5788.489715
60.00,71.998015,0.974065,95.325005,5788.489715
60.02,71.998015,0.974065,95.325005,5788.489715
60.04,71.997189,0.974065,95.314250,5788.338095
60.06,71.997189,0.974065,95.314250,5788.338095
60.08,71.997189,0.974065,95.314250,5788.338095
60.10,71.997189,0.974065,95.314250,5788.338095
60.12,71.997189,0.974065,95.314250,5788.338095
60.14,71.997189,0.974062,95.314250,5788.338095
60.16,71.997189,0.974057,95.314250,5788.338095
60.18,71.997189,0.974052,95.314250,5788.338095
60.20,71.997189,0.974047,95.314250,5788.338095
60.22,71.997189,0.974042,95.314250,5788.338095
60.24,71.997189,0.974038,95.314250,5788.338095
60.26,71.997189,0.974035,95.314250,5788.338095
60.28,71.997189,0.974032,95.314250,5788.338095
60.30,71.997189,0.974030,95.314250,5788.338095
60.32,71.997189,0.974028,95.314250,5788.338095
60.34,71.997189,0.974026,95.314250,5788.338095
60.36,71.997189,0.974025,95.314250,5788.338095
60.38,71.997189,0.974024,95.314250,5788.338095
60.40,71.997189,0.974022,95.314250,5788.338095
60.42,71.997189,0.974022,95.314250,5788.338095
60.44,71.997189,0.974021,95.314250,5788.338095
60.46,71.997189,0.974021,95.314250,5788.338095
60.48,71.997189,0.974021,95.314250,5788.338095
60.50,71.997189,0.974021,95.314250,5788.338095
60.52,71.997189,0.974021,95.314250,5788.338095
60.54,71.997189,0.974021,95.314250,5788.338095
60.56,71.997189,0.974021,95.314250,5788.338095
60.58,71.997189,0.974021,95.314250,5788.338095
60.60,71.997189,0.974021,95.314250,5788.338095
60.62,71.997189,0.974021,95.314250,5788.338095
60.64,71.997189,0.974021,95.314250,5788.338095
60.66,71.997189,0.974021,95.314250,5788.338095
60.68,71.997189,0.974021,95.314250,5788.338095
60.70,71.997189,0.974021,95.314250,5788.338095
60.72,71.997189,0.974021,95.314250,5788.338095
60.74,71.997189,0.974021,95.314250,5788.338095
60.76,71.997189,0.974021,95.314250,5788.338095
60.78,71.997189,0.974021,95.314250,5788.338095
60.80,71.997189,0.974021,95.314250,5788.338095
60.82,71.997189,0.974021,95.314250,5788.338095
60.84,71.997189,0.974021,95.314250,5788.338095
60.86,71.997189,0.974021,95.314250,5788.338095
60.88,71.996820,0.974021,85.990364,6040.575866
60.90,71.996820,0.974021,85.990364,6040.575866
60.92,71.996820,0.974021,85.990364,6040.575866
60.94,71.996820,0.974021,85.990364,6040.575866
60.96,71.996820,0.974017,85.990364,6040.575866
60.98,71.996820,0.974009,85.990364,6040.575866
61.00,71.996820,0.973999,85.990364,6040.575866
61.02,71.996820,0.973988,85.990364,6040.575866
61.04,71.996820,0.973978,85.990364,6040.575866
61.06,71.996820,0.973969,85.990364,6040.575866
61.08,71.996820,0.973961,85.990364,6040.575866
61.10,71.996820,0.973955,85.990364,6040.575866
61.12,71.996820,0.973950,85.990364,6040.575866
61.14,71.996820,0.973946,85.990364,6040.575866
61.16,71.996820,0.973942,85.990364,6040.575866
61.18,71.996820,0.973939,85.990364,6040.575866
61.20,71.996820,0.973936,85.990364,6040.575866
61.22,71.996820,0.973934,85.990364,6040.575866
61.24,71.996820,0.973932,85.990364,6040.575866
61.26,71.996820,0.973931,85.990364,6040.575866
61.28,71.996820,0.973930,85.990364,6040.575866
61.30,71.996820,0.973930,85.990364,6040.575866
61.32,71.996820,0.973930,85.990364,6040.575866
61.34,71.996820,0.973930,85.990364,6040.575866
61.36,71.996820,0.973930,85.990364,6040.575866
61.38,71.996820,0.973930,85.990364,6040.575866
61.40,71.996820,0.973930,85.990364,6040.575866
61.42,71.996820,0.973930,85.990364,6040.575866
61.44,71.996820,0.973930,85.990364,6040.575866
61.46,71.996820,0.973930,85.990364,6040.575866
61.48,71.996820,0.973930,85.990364,6040.575866
61.50,71.996820,0.973930,85.990364,6040.575866
61.52,71.996820,0.973930,85.990364,6040.575866
61.54,71.996820,0.973930,85.990364,6040.575866
61.56,71.996820,0.973930,85.990364,6040.575866
61.58,71.996820,0.973930,85.990364,6040.575866
61.60,71.996820,0.973930,85.990364,6040.575866
61.62,71.996820,0.973930,85.990364,6040.575866
61.64,71.996820,0.973930,85.990364,6040.575866
61.66,71.996820,0.973930,85.990364,6040.575866
61.68,71.996820,0.973930,85.990364,6040.575866
61.70,71.996820,0.973930,85.990364,6040.575866
61.72,72.004826,0.973930,78.721136,6223.258113
61.74,72.004826,0.973930,78.721136,6223.258113
61.76,72.004826,0.973930,78.721136,6223.258113
61.78,72.004826,0.973930,78.721136,6223.258113
61.80,72.004826,0.973929,78.721136,6223.258113
61.82,72.004826,0.973928,78.721136,6223.258113
61.84,72.004826,0.973927,78.721136,6223.258113
61.86,72.004826,0.973926,78.721136,6223.258113
61.88,72.004826,0.973925,78.721136,6223.258113
61.90,72.004826,0.973924,78.721136,6223.258113
61.92,72.004826,0.973923,78.721136,6223.258113
61.94,72.004826,0.973922,78.721136,6223.258113
61.96,72.004826,0.973921,78.721136,6223.258113
61.98,72.004826,0.973921,78.721136,6223.258113
62.00,72.004826,0.973920,78.721136,6223.258113
62.02,72.004826,0.973920,78.721136,6223.258113
62.04,72.004826,0.973920,78.721136,6223.258113
62.06,72.004826,0.973920,78.721136,6223.258113
62.08,72.004826,0.973919,78.721136,6223.258113
62.10,72.004826,0.973919,78.721136,6223.258113
62.12,72.004826,0.973919,78.721136,6223.258113
62.14,72.004826,0.973919,78.721136,6223.258113
62.16,72.004826,0.973919,78.721136,6223.258113
62.18,72.004826,0.973919,78.721136,6223.258113
62.20,72.004826,0.973919,78.721136,6223.258113
62.22,72.004826,0.973919,78.721136,6223.258113
62.24,72.004826,0.973919,78.721136,6223.258113
62.26,72.004826,0.973919,78.721136,6223.258113
62.28,72.004826,0.973919,78.721136,6223.258113
62.30,72.004826,0.973919,78.721136,6223.258113
62.32,72.004826,0.973919,78.721136,6223.258113
62.34,72.004826,0.973919,78.721136,6223.258113
62.36,72.004826,0.973919,78.721136,6223.258113
62.38,72.004826,0.973919,78.721136,6223.258113
62.40,72.004826,0.973919,78.721136,6223.258113
62.42,72.004826,0.973919,78.721136,6223.258113
62.44,72.004826,0.973919,78.721136,6223.258113
62.46,72.004826,0.973919,78.721136,6223.258113
62.48,72.004826,0.973919,78.721136,6223.258113
62.50,72.004826,0.973919,78.721136,6223.258113
62.52,72.004826,0.973919,78.721136,6223.258113
62.54,72.004826,0.973919,78.721136,6223.258113
62.56,72.020206,0.973919,76.395343,6214.302319
62.58,72.020206,0.973919,76.395343,6214.302319
62.60,72.020206,0.973919,76.395343,6214.302319
62.62,72.020206,0.973919,76.395343,6214.302319
62.64,72.020206,0.973922,76.395343,6214.302319
62.66,72.020206,0.973929,76.395343,6214.302319
62.68,72.020206,0.973936,76.395343,6214.302319
62.70,72.020206,0.973944,76.395343,6214.302319
62.72,72.020206,0.973951,76.395343,6214.302319
62.74,72.020206,0.973957,76.395343,6214.302319
62.76,72.020206,0.973963,76.395343,6214.302319
62.78,72.020206,0.973967,76.395343,6214.302319
62.80,72.020206,0.973971,76.395343,6214.302319
62.82,72.020206,0.973974,76.395343,6214.302319
62.84,72.020206,0.973976,76.395343,6214.302319
62.86,72.020206,0.973979,76.395343,6214.302319
62.88,72.020206,0.973980,76.395343,6214.302319
62.90,72.020206,0.973982,76.395343,6214.302319
62.92,72.020206,0.973983,76.395343,6214.302319
62.94,72.020206,0.973984,76.395343,6214.302319
62.96,72.020206,0.973985,76.395343,6214.302319
62.98,72.020206,0.973985,76.395343,6214.302319
63.00,72.020206,0.973985,76.395343,6214.302319
63.02,72.020206,0.973985,76.395343,6214.302319
63.04,72.020206,0.973985,76.395343,6214.302319
63.06,72.020206,0.973985,76.395343,6214.302319
63.08,72.020206,0.973985,76.395343,6214.302319
63.10,72.020206,0.973985,76.395343,6214.302319
63.12,72.020206,0.973985,76.395343,6214.302319
63.14,72.020206,0.973985,76.395343,6214.302319
63.16,72.020206,0.973985,76.395343,6214.302319
63.18,72.020206,0.973985,76.395343,6214.302319
63.20,72.020206,0.973985,76.395343,6214.302319
63.22,72.020206,0.973985,76.395343,6214.302319
63.24,72.020206,0.973985,76.395343,6214.302319
63.26,72.020206,0.973985,76.395343,6214.302319
63.28,72.020206,0.973985,76.395343,6214.302319
63.30,72.020206,0.973985,76.395343,6214.302319
63.32,72.020206,0.973985,76.395343,6214.302319
63.34,72.020206,0.973985,76.395343,6214.302319
63.36,72.020206,0.973985,76.395343,6214.302319
63.38,72.020206,0.973985,76.395343,6214.302319
63.40,72.042369,0.973985,75.141018,6145.128184
63.42,72.042369,0.973985,75.141018,6145.128184
63.44,72.042369,0.973985,75.141018,6145.128184
63.46,72.042369,0.973985,75.141018,6145.128184
63.48,72.042369,0.973988,75.141018,6145.128184
63.50,72.042369,0.973995,75.141018,6145.128184
63.52,72.042369,0.974002,75.141018,6145.128184
63.54,72.042369,0.974010,75.141018,6145.128184
63.56,72.042369,0.974018,75.141018,6145.128184
63.58,72.042369,0.974024,75.141018,6145.128184
63.60,72.042369,0.974030,75.141018,6145.128184
63.62,72.042369,0.974034,75.141018,6145.128184
63.64,72.042369,0.974038,75.141018,6145.128184
63.66,72.042369,0.974041,75.141018,6145.128184
63.68,72.042369,0.974044,75.141018,6145.128184
63.70,72.042369,0.974046,75.141018,6145.128184
63.72,72.042369,0.974048,75.141018,6145.128184
63.74,72.042369,0.974049,75.141018,6145.128184
63.76,72.042369,0.974051,75.141018,6145.128184
63.78,72.042369,0.974052,75.141018,6145.128184
63.80,72.042369,0.974052,75.141018,6145.128184
63.82,72.042369,0.974052,75.141018,6145.128184
63.84,72.042369,0.974052,75.141018,6145.128184
63.86,72.042369,0.974052,75.141018,6145.128184
63.88,72.042369,0.974052,75.141018,6145.128184
63.90,72.042369,0.974052,75.141018,6145.128184
63.92,72.042369,0.974052,75.141018,6145.128184
63.94,72.042369,0.974052,75.141018,6145.128184
63.96,72.042369,0.974052,75.141018,6145.128184
63.98,72.042369,0.974052,75.141018,6145.128184
64.00,72.042369,0.974052,75.141018,6145.128184
64.02,72.042369,0.974052,75.141018,6145.128184
64.04,72.042369,0.974052,75.141018,6145.128184
64.06,72.042369,0.974052,75.141018,6145.128184
64.08,72.042369,0.974052,75.141018,6145.128184
64.10,72.042369,0.974052,75.141018,6145.128184
64.12,72.042369,0.974052,75.141018,6145.128184
64.14,72.042369,0.974052,75.141018,6145.128184
64.16,72.042369,0.974052,75.141018,6145.128184
64.18,72.042369,0.974052,75.141018,6145.128184
64.20,72.042369,0.974052,75.141018,6145.128184
64.22,72.042369,0.974052,75.141018,6145.128184
64.24,72.070904,0.974052,74.206371,6078.989810
64.26,72.070904,0.974052,74.206371,6078.989810
64.28,72.070904,0.974052,74.206371,6078.989810
64.30,72.070904,0.974052,74.206371,6078.989810
64.32,72.070904,0.974052,74.206371,6078.989810
64.34,72.070904,0.974053,74.206371,6078.989810
64.36,72.070904,0.974053,74.206371,6078.989810
64.38,72.070904,0.974053,74.206371,6078.989810
64.40,72.070904,0.974053,74.206371,6078.989810
64.42,72.070904,0.974053,74.206371,6078.989810
64.44,72.070904,0.974053,74.206371,6078.989810
64.46,72.070904,0.974054,74.206371,6078.989810
64.48,72.070904,0.974054,74.206371,6078.989810
64.50,72.070904,0.974054,74.206371,6078.989810
64.52,72.070904,0.974054,74.206371,6078.989810
64.54,72.070904,0.974054,74.206371,6078.989810
64.56,72.070904,0.974054,74.206371,6078.989810
64.58,72.070904,0.974054,74.206371,6078.989810
64.60,72.070904,0.974054,74.206371,6078.989810
64.62,72.070904,0.974054,74.206371,6078.989810
64.64,72.070904,0.974054,74.206371,6078.989810
64.66,72.070904,0.974054,74.206371,6078.989810
64.68,72.070904,0.974054,74.206371,6078.989810
64.70,72.070904,0.974054,74.206371,6078.989810
64.72,72.070904,0.974054,74.206371,6078.989810
64.74,72.070904,0.974054,74.206371,6078.989810
64.76,72.070904,0.974054,74.206371,6078.989810
64.78,72.070904,0.974054,74.206371,6078.989810
64.80,72.070904,0.974054,74.206371,6078.989810
64.82,72.070904,0.974054,74.206371,6078.989810
64.84,72.070904,0.974054,74.206371,6078.989810
64.86,72.070904,0.974054,74.206371,6078.989810
64.88,72.070904,0.974054,74.206371,6078.989810
64.90,72.070904,0.974054,74.206371,6078.989810
64.92,72.070904,0.974054,74.206371,6078.989810
64.94,72.070904,0.974054,74.206371,6078.989810
64.96,72.070904,0.974054,74.206371,6078.989810
64.98,72.070904,0.974054,74.206371,6078.989810
65.00,72.070904,0.974054,74.206371,6078.989810
65.02,72.070904,0.974054,74.206371,6078.989810
65.04,72.070904,0.974054,74.206371,6078.989810
65.06,72.070904,0.974054,74.206371,6078.989810
65.08,72.105490,0.974054,73.420260,6021.257094
65.10,72.105490,0.974054,73.420260,6021.257094
65.12,72.105490,0.974054,73.420260,6021.257094
65.14,72.105490,0.974054,73.420260,6021.257094
65.16,72.105490,0.974049,73.420260,6021.257094
65.18,72.105490,0.974039,73.420260,6021.257094
65.20,72.105490,0.974027,73.420260,6021.257094
65.22,72.105490,0.974014,73.420260,6021.257094
65.24,72.105490,0.974003,73.420260,6021.257094
65.26,72.105490,0.973993,73.420260,6021.257094
65.28,72.105490,0.973984,73.420260,6021.257094
65.30,72.105490,0.973977,73.420260,6021.257094
65.32,72.105490,0.973971,73.420260,6021.257094
65.34,72.105490,0.973967,73.420260,6021.257094
65.36,72.105490,0.973963,73.420260,6021.257094
65.38,72.105490,0.973959,73.420260,6021.257094
65.40,72.105490,0.973956,73.420260,6021.257094
65.42,72.105490,0.973954,73.420260,6021.257094
65.44,72.105490,0.973952,73.420260,6021.257094
65.46,72.105490,0.973950,73.420260,6021.257094
65.48,72.105490,0.973949,73.420260,6021.257094
65.50,72.105490,0.973949,73.420260,6021.257094
65.52,72.105490,0.973949,73.420260,6021.257094
65.54,72.105490,0.973949,73.420260,6021.257094
65.56,72.105490,0.973949,73.420260,6021.257094
65.58,72.105490,0.973949,73.420260,6021.257094
65.60,72.105490,0.973949,73.420260,6021.257094
65.62,72.105490,0.973949,73.420260,6021.257094
65.64,72.105490,0.973949,73.420260,6021.257094
65.66,72.105490,0.973949,73.420260,6021.257094
65.68,72.105490,0.973949,73.420260,6021.257094
65.70,72.105490,0.973949,73.420260,6021.257094
65.72,72.105490,0.973949,73.420260,6021.257094
65.74,72.105490,0.973949,73.420260,6021.257094
65.76,72.105490,0.973949,73.420260,6021.257094
65.78,72.105490,0.973949,73.420260,6021.257094
65.80,72.105490,0.973949,73.420260,6021.257094
65.82,72.105490,0.973949,73.420260,6021.257094
65.84,72.105490,0.973949,73.420260,6021.257094
65.86,72.105490,0.973949,73.420260,6021.257094
65.88,72.105490,0.973949,73.420260,6021.257094
65.90,72.105490,0.973949,73.420260,6021.257094
65.92,72.145866,0.973949,72.743704,5973.766622
65.94,72.145866,0.973949,72.743704,5973.766622
65.96,72.145866,0.973949,72.743704,5973.766622
65.98,72.145866,0.973949,72.743704,5973.766622
66.00,72.145866,0.973942,72.743704,5973.766622
66.02,72.145866,0.973928,72.743704,5973.766622
66.04,72.145866,0.973910,72.743704,5973.766622
66.06,72.145866,0.973893,72.743704,5973.766622
66.08,72.145866,0.973877,72.743704,5973.766622
66.10,72.145866,0.973863,72.743704,5973.766622
66.12,72.145866,0.973850,72.743704,5973.766622
66.14,72.145866,0.973840,72.743704,5973.766622
66.16,72.145866,0.973832,72.743704,5973.766622
66.18,72.145866,0.973825,72.743704,5973.766622
66.20,72.145866,0.973819,72.743704,5973.766622
66.22,72.145866,0.973815,72.743704,5973.766622
66.24,72.145866,0.973811,72.743704,5973.766622
66.26,72.145866,0.973807,72.743704,5973.766622
66.28,72.145866,0.973804,72.743704,5973.766622
66.30,72.145866,0.973802,72.743704,5973.766622
66.32,72.145866,0.973800,72.743704,5973.766622
66.34,72.145866,0.973800,72.743704,5973.766622
66.36,72.145866,0.973800,72.743704,5973.766622
66.38,72.145866,0.973800,72.743704,5973.766622
66.40,72.145866,0.973800,72.743704,5973.766622
66.42,72.145866,0.973800,72.743704,5973.766622
66.44,72.145866,0.973800,72.743704,5973.766622
66.46,72.145866,0.973800,72.743704,5973.766622
66.48,72.145866,0.973800,72.743704,5973.766622
66.50,72.145866,0.973800,72.743704,5973.766622
66.52,72.145866,0.973800,72.743704,5973.766622
66.54,72.145866,0.973800,72.743704,5973.766622
66.56,72.145866,0.973800,72.743704,5973.766622
66.58,72.145866,0.973800,72.743704,5973.766622
66.60,72.145866,0.973800,72.743704,5973.766622
66.62,72.145866,0.973800,72.743704,5973.766622
66.64,72.145866,0.973800,72.743704,5973.766622
66.66,72.145866,0.973800,72.743704,5973.766622
66.68,72.145866,0.973800,72.743704,5973.766622
66.70,72.145866,0.973800,72.743704,5973.766622
66.72,72.145866,0.973800,72.743704,5973.766622
66.74,72.145866,0.973800,72.743704,5973.766622
66.76,72.191751,0.973800,72.138829,5931.926959
66.78,72.191751,0.973800,72.138829,5931.926959
66.80,72.191751,0.973800,72.138829,5931.926959
66.82,72.191751,0.973800,72.138829,5931.926959
66.84,72.191751,0.973797,72.138829,5931.926959
66.86,72.191751,0.973791,72.138829,5931.926959
66.88,72.191751,0.973783,72.138829,5931.926959
66.90,72.191751,0.973775,72.138829,5931.926959
66.92,72.191751,0.973768,72.138829,5931.926959
66.94,72.191751,0.973762,72.138829,5931.926959
66.96,72.191751,0.973756,72.138829,5931.926959
66.98,72.191751,0.973752,72.138829,5931.926959
67.00,72.191751,0.973748,72.138829,5931.926959
67.02,72.191751,0.973745,72.138829,5931.926959
67.04,72.191751,0.973743,72.138829,5931.926959
67.06,72.191751,0.973740,72.138829,5931.926959
67.08,72.191751,0.973739,72.138829,5931.926959
67.10,72.191751,0.973737,72.138829,5931.926959
67.12,72.191751,0.973736,72.138829,5931.926959
67.14,72.191751,0.973735,72.138829,5931.926959
67.16,72.191751,0.973734,72.138829,5931.926959
67.18,72.191751,0.973734,72.138829,5931.926959
67.20,72.191751,0.973734,72.138829,5931.926959
67.22,72.191751,0.973734,72.138829,5931.926959
67.24,72.191751,0.973734,72.138829,5931.926959
67.26,72.191751,0.973734,72.138829,5931.926959
67.28,72.191751,0.973734,72.138829,5931.926959
67.30,72.191751,0.973734,72.138829,5931.926959
67.32,72.191751,0.973734,72.138829,5931.926959
67.34,72.191751,0.973734,72.138829,5931.926959
67.36,72.191751,0.973734,72.138829,5931.926959
67.38,72.191751,0.973734,72.138829,5931.926959
67.40,72.191751,0.973734,72.138829,5931.926959
67.42,72.191751,0.973734,72.138829,5931.926959
67.44,72.191751,0.973734,72.138829,5931.926959
67.46,72.191751,0.973734,72.138829,5931.926959
67.48,72.191751,0.973734,72.138829,5931.926959
67.50,72.191751,0.973734,72.138829,5931.926959
67.52,72.191751,0.973734,72.138829,5931.926959
67.54,72.191751,0.973734,72.138829,5931.926959
67.56,72.191751,0.973734,72.138829,5931.926959
67.58,72.191751,0.973734,72.138829,5931.926959
67.60,72.242804,0.973734,71.584780,5894.552036
67.62,72.242804,0.973734,71.584780,5894.552036
67.64,72.242804,0.973734,71.584780,5894.552036
67.66,72.242804,0.973734,71.584780,5894.552036
67.68,72.242804,0.973734,71.584780,5894.552036
67.70,72.242804,0.973734,71.584780,5894.552036
67.72,72.242804,0.973734,71.584780,5894.552036
67.74,72.242804,0.973734,71.584780,5894.552036
67.76,72.242804,0.973734,71.584780,5894.552036
67.78,72.242804,0.973734,71.584780,5894.552036
67.80,72.242804,0.973734,71.584780,5894.552036
67.82,72.242804,0.973734,71.584780,5894.552036
67.84,72.242804,0.973734,71.584780,5894.552036
67.86,72.242804,0.973734,71.584780,5894.552036
67.88,72.242804,0.973734,71.584780,5894.552036
67.90,72.242804,0.973734,71.584780,5894.552036
67.92,72.242804,0.973734,71.584780,5894.552036
67.94,72.242804,0.973734,71.584780,5894.552036
67.96,72.242804,0.973734,71.584780,5894.552036
67.98,72.242804,0.973734,71.584780,5894.552036
68.00,72.242804,0.973734,71.584780,5894.552036
68.02,72.242804,0.973734,71.584780,5894.552036
68.04,72.242804,0.973734,71.584780,5894.552036
68.06,72.242804,0.973734,71.584780,5894.552036
68.08,72.242804,0.973734,71.584780,5894.552036
68.10,72.242804,0.973734,71.584780,5894.552036
68.12,72.242804,0.973734,71.584780,5894.552036
68.14,72.242804,0.973734,71.584780,5894.552036
68.16,72.242804,0.973734,71.584780,5894.552036
68.18,72.242804,0.973734,71.584780,5894.552036
68.20,72.242804,0.973734,71.584780,5894.552036
68.22,72.242804,0.973734,71.584780,5894.552036
68.24,72.242804,0.973734,71.584780,5894.552036
68.26,72.242804,0.973734,71.584780,5894.552036
68.28,72.242804,0.973734,71.584780,5894.552036
68.30,72.242804,0.973734,71.584780,5894.552036
68.32,72.242804,0.973734,71.584780,5894.552036
68.34,72.242804,0.973734,71.584780,5894.552036
68.36,72.242804,0.973734,71.584780,5894.552036
68.38,72.242804,0.973734,71.584780,5894.552036
68.40,72.242804,0.973734,71.584780,5894.552036
68.42,72.242804,0.973734,71.584780,5894.552036
68.44,72.298706,0.973734,71.044439,5856.487548
68.46,72.298706,0.973734,71.044439,5856.487548
68.48,72.298706,0.973734,71.044439,5856.487548
68.50,72.298706,0.973734,71.044439,5856.487548
68.52,72.298706,0.973734,71.044439,5856.487548
68.54,72.298706,0.973735,71.044439,5856.487548
68.56,72.298706,0.973735,71.044439,5856.487548
68.58,72.298706,0.973735,71.044439,5856.487548
68.60,72.298706,0.973736,71.044439,5856.487548
68.62,72.298706,0.973736,71.044439,5856.487548
68.64,72.298706,0.973736,71.044439,5856.487548
68.66,72.298706,0.973736,71.044439,5856.487548
68.68,72.298706,0.973736,71.044439,5856.487548
68.70,72.298706,0.973736,71.044439,5856.487548
68.72,72.298706,0.973737,71.044439,5856.487548
68.74,72.298706,0.973737,71.044439,5856.487548
68.76,72.298706,0.973737,71.044439,5856.487548
68.78,72.298706,0.973737,71.044439,5856.487548
68.80,72.298706,0.973737,71.044439,5856.487548
68.82,72.298706,0.973737,71.044439,5856.487548
68.84,72.298706,0.973737,71.044439,5856.487548
68.86,72.298706,0.973737,71.044439,5856.487548
68.88,72.298706,0.973737,71.044439,5856.487548
68.90,72.298706,0.973737,71.044439,5856.487548
68.92,72.298706,0.973737,71.044439,5856.487548
68.94,72.298706,0.973737,71.044439,5856.487548
68.96,72.298706,0.973737,71.044439,5856.487548
68.98,72.298706,0.973737,71.044439,5856.487548
69.00,72.298706,0.973737,71.044439,5856.487548
69.02,72.298706,0.973737,71.044439,5856.487548
69.04,72.298706,0.973737,71.044439,5856.487548
69.06,72.298706,0.973737,71.044439,5856.487548
69.08,72.298706,0.973737,71.044439,5856.487548
69.10,72.298706,0.973737,71.044439,5856.487548
69.12,72.298706,0.973737,71.044439,5856.487548
69.14,72.298706,0.973737,71.044439,5856.487548
69.16,72.298706,0.973737,71.044439,5856.487548
69.18,72.298706,0.973737,71.044439,5856.487548
69.20,72.298706,0.973737,71.044439,5856.487548
69.22,72.298706,0.973737,71.044439,5856.487548
69.24,72.298706,0.973737,71.044439,5856.487548
69.26,72.359032,0.973737,71.001574,5809.273068
69.28,72.359032,0.973737,71.001574,5809.273068
69.30,72.359032,0.973737,71.001574,5809.273068
69.32,72.359032,0.973737,71.001574,5809.273068
69.34,72.359032,0.973734,71.001574,5809.273068
69.36,72.359032,0.973729,71.001574,5809.273068
69.38,72.359032,0.973723,71.001574,5809.273068
69.40,72.359032,0.973716,71.001574,5809.273068
69.42,72.359032,0.973711,71.001574,5809.273068
69.44,72.359032,0.973706,71.001574,5809.273068
69.46,72.359032,0.973701,71.001574,5809.273068
69.48,72.359032,0.973698,71.001574,5809.273068
69.50,72.359032,0.973695,71.001574,5809.273068
69.52,72.359032,0.973692,71.001574,5809.273068
69.54,72.359032,0.973690,71.001574,5809.273068
69.56,72.359032,0.973689,71.001574,5809.273068
69.58,72.359032,0.973687,71.001574,5809.273068
69.60,72.359032,0.973686,71.001574,5809.273068
69.62,72.359032,0.973685,71.001574,5809.273068
69.64,72.359032,0.973684,71.001574,5809.273068
69.66,72.359032,0.973684,71.001574,5809.273068
69.68,72.359032,0.973684,71.001574,5809.273068
69.70,72.359032,0.973684,71.001574,5809.273068
69.72,72.359032,0.973684,71.001574,5809.273068
69.74,72.359032,0.973684,71.001574,5809.273068
69.76,72.359032,0.973684,71.001574,5809.273068
69.78,72.359032,0.973684,71.001574,5809.273068
69.80,72.359032,0.973684,71.001574,5809.273068
69.82,72.359032,0.973684,71.001574,5809.273068
69.84,72.359032,0.973684,71.001574,5809.273068
69.86,72.359032,0.973684,71.001574,5809.273068
69.88,72.359032,0.973684,71.001574,5809.273068
69.90,72.359032,0.973684,71.001574,5809.273068
69.92,72.359032,0.973684,71.001574,5809.273068
69.94,72.359032,0.973684,71.001574,5809.273068
69.96,72.359032,0.973684,71.001574,5809.273068
69.98,72.359032,0.973684,71.001574,5809.273068
70.00,72.359032,0.973684,71.001574,5809.273068
70.02,72.359032,0.973684,71.001574,5809.273068
70.04,72.359032,0.973684,71.001574,5809.273068
70.06,72.359032,0.973684,71.001574,5809.273068
70.08,72.423620,0.973684,70.825478,5747.649940
70.10,72.423620,0.973684,70.825478,5747.649940
70.12,72.423620,0.973684,70.825478,5747.649940
70.14,72.423620,0.973684,70.825478,5747.649940
70.16,72.423620,0.973676,70.825478,5747.649940
70.18,72.423620,0.973662,70.825478,5747.649940
70.20,72.423620,0.973645,70.825478,5747.649940
70.22,72.423620,0.973628,70.825478,5747.649940
70.24,72.423620,0.973612,70.825478,5747.649940
70.26,72.423620,0.973598,70.825478,5747.649940
70.28,72.423620,0.973586,70.825478,5747.649940
70.30,72.423620,0.973576,70.825478,5747.649940
70.32,72.423620,0.973568,70.825478,5747.649940
70.34,72.423620,0.973561,70.825478,5747.649940
70.36,72.423620,0.973556,70.825478,5747.649940
70.38,72.423620,0.973551,70.825478,5747.649940
70.40,72.423620,0.973547,70.825478,5747.649940
70.42,72.423620,0.973544,70.825478,5747.649940
70.44,72.423620,0.973541,70.825478,5747.649940
70.46,72.423620,0.973539,70.825478,5747.649940
70.48,72.423620,0.973538,70.825478,5747.649940
70.50,72.423620,0.973538,70.825478,5747.649940
70.52,72.423620,0.973538,70.825478,5747.649940
70.54,72.423620,0.973538,70.825478,5747.649940
70.56,72.423620,0.973538,70.825478,5747.649940
70.58,72.423620,0.973538,70.825478,5747.649940
70.60,72.423620,0.973538,70.825478,5747.649940
70.62,72.423620,0.973538,70.825478,5747.649940
70.64,72.423620,0.973538,70.825478,5747.649940
70.66,72.423620,0.973538,70.825478,5747.649940
70.68,72.423620,0.973538,70.825478,5747.649940
70.70,72.423620,0.973538,70.825478,5747.649940
70.72,72.423620,0.973538,70.825478,5747.649940
70.74,72.423620,0.973538,70.825478,5747.649940
70.76,72.423620,0.973538,70.825478,5747.649940
70.78,72.423620,0.973538,70.825478,5747.649940
70.80,72.423620,0.973538,70.825478,5747.649940
70.82,72.423620,0.973538,70.825478,5747.649940
70.84,72.423620,0.973538,70.825478,5747.649940
70.86,72.423620,0.973538,70.825478,5747.649940
70.88,72.423620,0.973538,70.825478,5747.649940
70.90,72.492334,0.973538,70.392465,5710.025885
70.92,72.492334,0.973538,70.392465,5710.025885
70.94,72.492334,0.973538,70.392465,5710.025885
70.96,72.492334,0.973538,70.392465,5710.025885
70.98,72.492334,0.973529,70.392465,5710.025885
71.00,72.492334,0.973513,70.392465,5710.025885
71.02,72.492334,0.973492,70.392465,5710.025885
71.04,72.492334,0.973472,70.392465,5710.025885
71.06,72.492334,0.973452,70.392465,5710.025885
71.08,72.492334,0.973436,70.392465,5710.025885
71.10,72.492334,0.973422,70.392465,5710.025885
71.12,72.492334,0.973410,70.392465,5710.025885
71.14,72.492334,0.973400,70.392465,5710.025885
71.16,72.492334,0.973392,70.392465,5710.025885
71.18,72.492334,0.973385,70.392465,5710.025885
71.20,72.492334,0.973380,70.392465,5710.025885
71.22,72.492334,0.973375,70.392465,5710.025885
71.24,72.492334,0.973371,70.392465,5710.025885
71.26,72.492334,0.973368,70.392465,5710.025885
71.28,72.492334,0.973365,70.392465,5710.025885
71.30,72.492334,0.973364,70.392465,5710.025885
71.32,72.492334,0.973364,70.392465,5710.025885
71.34,72.492334,0.973364,70.392465,5710.025885
71.36,72.492334,0.973364,70.392465,5710.025885
71.38,72.492334,0.973364,70.392465,5710.025885
71.40,72.492334,0.973364,70.392465,5710.025885
71.42,72.492334,0.973364,70.392465,5710.025885
71.44,72.492334,0.973364,70.392465,5710.025885
71.46,72.492334,0.973364,70.392465,5710.025885
71.48,72.492334,0.973364,70.392465,5710.025885
71.50,72.492334,0.973364,70.392465,5710.025885
71.52,72.492334,0.973364,70.392465,5710.025885
71.54,72.492334,0.973364,70.392465,5710.025885
71.56,72.492334,0.973364,70.392465,5710.025885
71.58,72.492334,0.973364,70.392465,5710.025885
71.60,72.492334,0.973364,70.392465,5710.025885
71.62,72.492334,0.973364,70.392465,5710.025885
71.64,72.492334,0.973364,70.392465,5710.025885
71.66,72.492334,0.973364,70.392465,5710.025885
71.68,72.492334,0.973364,70.392465,5710.025885
71.70,72.492334,0.973364,70.392465,5710.025885
71.72,72.564977,0.973364,69.922409,5677.742451
71.74,72.564977,0.973364,69.922409,5677.742451
71.76,72.564977,0.973364,69.922409,5677.742451
71.78,72.564977,0.973364,69.922409,5677.742451
71.80,72.564977,0.973360,69.922409,5677.742451
71.82,72.564977,0.973352,69.922409,5677.742451
71.84,72.564977,0.973342,69.922409,5677.742451
71.86,72.564977,0.973333,69.922409,5677.742451
71.88,72.564977,0.973323,69.922409,5677.742451
71.90,72.564977,0.973315,69.922409,5677.742451
71.92,72.564977,0.973309,69.922409,5677.742451
71.94,72.564977,0.973303,69.922409,5677.742451
71.96,72.564977,0.973298,69.922409,5677.742451
71.98,72.564977,0.973295,69.922409,5677.742451
72.00,72.564977,0.973291,69.922409,5677.742451
72.02,72.564977,0.973289,69.922409,5677.742451
72.04,72.564977,0.973286,69.922409,5677.742451
72.06,72.564977,0.973284,69.922409,5677.742451
72.08,72.564977,0.973283,69.922409,5677.742451
72.10,72.564977,0.973282,69.922409,5677.742451
72.12,72.564977,0.973281,69.922409,5677.742451
72.14,72.564977,0.973281,69.922409,5677.742451
72.16,72.564977,0.973281,69.922409,5677.742451
72.18,72.564977,0.973281,69.922409,5677.742451
72.20,72.564977,0.973281,69.922409,5677.742451
72.22,72.564977,0.973281,69.922409,5677.742451
72.24,72.564977,0.973281,69.922409,5677.742451
72.26,72.564977,0.973281,69.922409,5677.742451
72.28,72.564977,0.973281,69.922409,5677.742451
72.30,72.564977,0.973281,69.922409,5677.742451
72.32,72.564977,0.973281,69.922409,5677.742451
72.34,72.564977,0.973281,69.922409,5677.742451
72.36,72.564977,0.973281,69.922409,5677.742451
72.38,72.564977,0.973281,69.922409,5677.742451
72.40,72.564977,0.973281,69.922409,5677.742451
72.42,72.564977,0.973281,69.922409,5677.742451
72.44,72.564977,0.973281,69.922409,5677.742451
72.46,72.564977,0.973281,69.922409,5677.742451
72.48,72.564977,0.973281,69.922409,5677.742451
72.50,72.564977,0.973281,69.922409,5677.742451
72.52,72.564977,0.973281,69.922409,5677.742451
72.54,72.641276,0.973281,69.452558,5647.060846
72.56,72.641276,0.973281,69.452558,5647.060846
72.58,72.641276,0.973281,69.452558,5647.060846
72.60,72.641276,0.973281,69.452558,5647.060846
72.62,72.641276,0.973281,69.452558,5647.060846
72.64,72.641276,0.973280,69.452558,5647.060846
72.66,72.641276,0.973279,69.452558,5647.060846
72.68,72.641276,0.973277,69.452558,5647.060846
72.70,72.641276,0.973276,69.452558,5647.060846
72.72,72.641276,0.973275,69.452558,5647.060846
72.74,72.641276,0.973275,69.452558,5647.060846
72.76,72.641276,0.973274,69.452558,5647.060846
72.78,72.641276,0.973273,69.452558,5647.060846
72.80,72.641276,0.973273,69.452558,5647.060846
72.82,72.641276,0.973273,69.452558,5647.060846
72.84,72.641276,0.973272,69.452558,5647.060846
72.86,72.641276,0.973272,69.452558,5647.060846
72.88,72.641276,0.973272,69.452558,5647.060846
72.90,72.641276,0.973272,69.452558,5647.060846
72.92,72.641276,0.973271,69.452558,5647.060846
72.94,72.641276,0.973271,69.452558,5647.060846
72.96,72.641276,0.973271,69.452558,5647.060846
72.98,72.641276,0.973271,69.452558,5647.060846
73.00,72.641276,0.973271,69.452558,5647.060846
73.02,72.641276,0.973271,69.452558,5647.060846
73.04,72.641276,0.973271,69.452558,5647.060846
73.06,72.641276,0.973271,69.452558,5647.060846
73.08,72.641276,0.973271,69.452558,5647.060846
73.10,72.641276,0.973271,69.452558,5647.060846
73.12,72.641276,0.973271,69.452558,5647.060846
73.14,72.641276,0.973271,69.452558,5647.060846
73.16,72.641276,0.973271,69.452558,5647.060846
73.18,72.641276,0.973271,69.452558,5647.060846
73.20,72.641276,0.973271,69.452558,5647.060846
73.22,72.641276,0.973271,69.452558,5647.060846
73.24,72.641276,0.973271,69.452558,5647.060846
73.26,72.641276,0.973271,69.452558,5647.060846
73.28,72.641276,0.973271,69.452558,5647.060846
73.30,72.641276,0.973271,69.452558,5647.060846
73.32,72.641276,0.973271,69.452558,5647.060846
73.34,72.641276,0.973271,69.452558,5647.060846
73.36,72.720976,0.973271,68.968469,5613.838651
73.38,72.720976,0.973271,68.968469,5613.838651
73.40,72.720976,0.973271,68.968469,5613.838651
73.42,72.720976,0.973271,68.968469,5613.838651
73.44,72.720976,0.973271,68.968469,5613.838651
73.46,72.720976,0.973271,68.968469,5613.838651
73.48,72.720976,0.973271,68.968469,5613.838651
73.50,72.720976,0.973271,68.968469,5613.838651
73.52,72.720976,0.973271,68.968469,5613.838651
73.54,72.720976,0.973271,68.968469,5613.838651
73.56,72.720976,0.973271,68.968469,5613.838651
73.58,72.720976,0.973271,68.968469,5613.838651
73.60,72.720976,0.973271,68.968469,5613.838651
73.62,72.720976,0.973271,68.968469,5613.838651
73.64,72.720976,0.973271,68.968469,5613.838651
73.66,72.720976,0.973271,68.968469,5613.838651
73.68,72.720976,0.973271,68.968469,5613.838651
73.70,72.720976,0.973271,68.968469,5613.838651
73.72,72.720976,0.973271,68.968469,5613.838651
73.74,72.720976,0.973271,68.968469,5613.838651
73.76,72.720976,0.973271,68.968469,5613.838651
73.78,72.720976,0.973271,68.968469,5613.838651
73.80,72.720976,0.973271,68.968469,5613.838651
73.82,72.720976,0.973271,68.968469,5613.838651
73.84,72.720976,0.973271,68.968469,5613.838651
73.86,72.720976,0.973271,68.968469,5613.838651
73.88,72.720976,0.973271,68.968469,5613.838651
73.90,72.720976,0.973271,68.968469,5613.838651
73.92,72.720976,0.973271,68.968469,5613.838651
73.94,72.720976,0.973271,68.968469,5613.838651
73.96,72.720976,0.973271,68.968469,5613.838651
73.98,72.720976,0.973271,68.968469,5613.838651
74.00,72.720976,0.973271,68.968469,5613.838651
74.02,72.720976,0.973271,68.968469,5613.838651
74.04,72.720976,0.973271,68.968469,5613.838651
74.06,72.720976,0.973271,68.968469,5613.838651
74.08,72.720976,0.973271,68.968469,5613.838651
74.10,72.720976,0.973271,68.968469,5613.838651
74.12,72.720976,0.973271,68.968469,5613.838651
74.14,72.720976,0.973271,68.968469,5613.838651
74.16,72.720976,0.973271,68.968469,5613.838651
74.18,72.803873,0.973271,68.520689,5587.855555
74.20,72.803873,0.973271,68.520689,5587.855555
74.22,72.803873,0.973271,68.520689,5587.855555
74.24,72.803873,0.973271,68.520689,5587.855555
74.26,72.803873,0.973268,68.520689,5587.855555
74.28,72.803873,0.973263,68.520689,5587.855555
74.30,72.803873,0.973257,68.520689,5587.855555
74.32,72.803873,0.973251,68.520689,5587.855555
74.34,72.803873,0.973245,68.520689,5587.855555
74.36,72.803873,0.973240,68.520689,5587.855555
74.38,72.803873,0.973236,68.520689,5587.855555
74.40,72.803873,0.973233,68.520689,5587.855555
74.42,72.803873,0.973230,68.520689,5587.855555
74.44,72.803873,0.973227,68.520689,5587.855555
74.46,72.803873,0.973225,68.520689,5587.855555
74.48,72.803873,0.973224,68.520689,5587.855555
74.50,72.803873,0.973222,68.520689,5587.855555
74.52,72.803873,0.973221,68.520689,5587.855555
74.54,72.803873,0.973220,68.520689,5587.855555
74.56,72.803873,0.973219,68.520689,5587.855555
74.58,72.803873,0.973219,68.520689,5587.855555
74.60,72.803873,0.973219,68.520689,5587.855555
74.62,72.803873,0.973219,68.520689,5587.855555
74.64,72.803873,0.973219,68.520689,5587.855555
74.66,72.803873,0.973219,68.520689,5587.855555
74.68,72.803873,0.973219,68.520689,5587.855555
74.70,72.803873,0.973219,68.520689,5587.855555
74.72,72.803873,0.973219,68.520689,5587.855555
74.74,72.803873,0.973219,68.520689,5587.855555
74.76,72.803873,0.973219,68.520689,5587.855555
74.78,72.803873,0.973219,68.520689,5587.855555
74.80,72.803873,0.973219,68.520689,5587.855555
74.82,72.803873,0.973219,68.520689,5587.855555
74.84,72.803873,0.973219,68.520689,5587.855555
74.86,72.803873,0.973219,68.520689,5587.855555
74.88,72.803873,0.973219,68.520689,5587.855555
74.90,72.803873,0.973219,68.520689,5587.855555
74.92,72.803873,0.973219,68.520689,5587.855555
74.94,72.803873,0.973219,68.520689,5587.855555
74.96,72.803873,0.973219,68.520689,5587.855555
74.98,72.803873,0.973219,68.520689,5587.855555
75.00,72.889818,0.973219,68.072115,5559.148137
75.02,72.889818,0.973219,68.072115,5559.148137
75.04,72.889818,0.973219,68.072115,5559.148137
75.06,72.889818,0.973219,68.072115,5559.148137
75.08,72.889818,0.973212,68.072115,5559.148137
75.10,72.889818,0.973198,68.072115,5559.148137
75.12,72.889818,0.973182,68.072115,5559.148137
75.14,72.889818,0.973165,68.072115,5559.148137
75.16,72.889818,0.973150,68.072115,5559.148137
75.18,72.889818,0.973136,68.072115,5559.148137
75.20,72.889818,0.973125,68.072115,5559.148137
75.22,72.889818,0.973115,68.072115,5559.148137
75.24,72.889818,0.973107,68.072115,5559.148137
75.26,72.889818,0.973101,68.072115,5559.148137
75.28,72.889818,0.973095,68.072115,5559.148137
75.30,72.889818,0.973091,68.072115,5559.148137
75.32,72.889818,0.973087,68.072115,5559.148137
75.34,72.889818,0.973083,68.072115,5559.148137
75.36,72.889818,0.973081,68.072115,5559.148137
75.38,72.889818,0.973079,68.072115,5559.148137
75.40,72.889818,0.973078,68.072115,5559.148137
75.42,72.889818,0.973078,68.072115,5559.148137
75.44,72.889818,0.973078,68.072115,5559.148137
75.46,72.889818,0.973078,68.072115,5559.148137
75.48,72.889818,0.973078,68.072115,5559.148137
75.50,72.889818,0.973078,68.072115,5559.148137
75.52,72.889818,0.973078,68.072115,5559.148137
75.54,72.889818,0.973078,68.072115,5559.148137
75.56,72.889818,0.973078,68.072115,5559.148137
75.58,72.889818,0.973078,68.072115,5559.148137
75.60,72.889818,0.973078,68.072115,5559.148137
75.62,72.889818,0.973078,68.072115,5559.148137
75.64,72.889818,0.973078,68.072115,5559.148137
75.66,72.889818,0.973078,68.072115,5559.148137
75.68,72.889818,0.973078,68.072115,5559.148137
75.70,72.889818,0.973078,68.072115,5559.148137
75.72,72.889818,0.973078,68.072115,5559.148137
75.74,72.889818,0.973078,68.072115,5559.148137
75.76,72.889818,0.973078,68.072115,5559.148137
75.78,72.889818,0.973078,68.072115,5559.148137
75.80,72.889818,0.973078,68.072115,5559.148137
75.82,72.978700,0.973078,67.631538,5532.105374
75.84,72.978700,0.973078,67.631538,5532.105374
75.86,72.978700,0.973078,67.631538,5532.105374
75.88,72.978700,0.973078,67.631538,5532.105374
75.90,72.978700,0.973069,67.631538,5532.105374
75.92,72.978700,0.973052,67.631538,5532.105374
75.94,72.978700,0.973031,67.631538,5532.105374
75.96,72.978700,0.973010,67.631538,5532.105374
75.98,72.978700,0.972990,67.631538,5532.105374
76.00,72.978700,0.972973,67.631538,5532.105374
76.02,72.978700,0.972958,67.631538,5532.105374
76.04,72.978700,0.972946,67.631538,5532.105374
76.06,72.978700,0.972936,67.631538,5532.105374
76.08,72.978700,0.972927,67.631538,5532.105374
76.10,72.978700,0.972920,67.631538,5532.105374
76.12,72.978700,0.972915,67.631538,5532.105374
76.14,72.978700,0.972910,67.631538,5532.105374
76.16,72.978700,0.972905,67.631538,5532.105374
76.18,72.978700,0.972902,67.631538,5532.105374
76.20,72.978700,0.972899,67.631538,5532.105374
76.22,72.978700,0.972899,67.631538,5532.105374
76.24,72.978700,0.972899,67.631538,5532.105374
76.26,72.978700,0.972899,67.631538,5532.105374
76.28,72.978700,0.972899,67.631538,5532.105374
76.30,72.978700,0.972899,67.631538,5532.105374
76.32,72.978700,0.972899,67.631538,5532.105374
76.34,72.978700,0.972899,67.631538,5532.105374
76.36,72.978700,0.972898,67.631538,5532.105374
76.38,72.978700,0.972898,67.631538,5532.105374
76.40,72.978700,0.972898,67.631538,5532.105374
76.42,72.978700,0.972898,67.631538,5532.105374
76.44,72.978700,0.972898,67.631538,5532.105374
76.46,72.978700,0.972898,67.631538,5532.105374
76.48,72.978700,0.972898,67.631538,5532.105374
76.50,72.978700,0.972898,67.631538,5532.105374
76.52,72.978700,0.972898,67.631538,5532.105374
76.54,72.978700,0.972898,67.631538,5532.105374
76.56,72.978700,0.972898,67.631538,5532.105374
76.58,72.978700,0.972898,67.631538,5532.105374
76.60,72.978700,0.972898,67.631538,5532.105374
76.62,72.978700,0.972898,67.631538,5532.105374
76.64,73.070379,0.972898,67.194808,5505.136932
76.66,73.070379,0.972898,67.194808,5505.136932
76.68,73.070379,0.972898,67.194808,5505.136932
76.70,73.070379,0.972898,67.194808,5505.136932
76.72,73.070379,0.972894,67.194808,5505.136932
76.74,73.070379,0.972885,67.194808,5505.136932
76.76,73.070379,0.972874,67.194808,5505.136932
76.78,73.070379,0.972862,67.194808,5505.136932
76.80,73.070379,0.972852,67.194808,5505.136932
76.82,73.070379,0.972843,67.194808,5505.136932
76.84,73.070379,0.972835,67.194808,5505.136932
76.86,73.070379,0.972829,67.194808,5505.136932
76.88,73.070379,0.972823,67.194808,5505.136932
76.90,73.070379,0.972819,67.194808,5505.136932
76.92,73.070379,0.972815,67.194808,5505.136932
76.94,73.070379,0.972812,67.194808,5505.136932
76.96,73.070379,0.972809,67.194808,5505.136932
76.98,73.070379,0.972807,67.194808,5505.136932
77.00,73.070379,0.972805,67.194808,5505.136932
77.02,73.070379,0.972804,67.194808,5505.136932
77.04,73.070379,0.972804,67.194808,5505.136932
77.06,73.070379,0.972804,67.194808,5505.136932
77.08,73.070379,0.972804,67.194808,5505.136932
77.10,73.070379,0.972804,67.194808,5505.136932
77.12,73.070379,0.972804,67.194808,5505.136932
77.14,73.070379,0.972804,67.194808,5505.136932
77.16,73.070379,0.972804,67.194808,5505.136932
77.18,73.070379,0.972804,67.194808,5505.136932
77.20,73.070379,0.972804,67.194808,5505.136932
77.22,73.070379,0.972804,67.194808,5505.136932
77.24,73.070379,0.972804,67.194808,5505.136932
77.26,73.070379,0.972804,67.194808,5505.136932
77.28,73.070379,0.972804,67.194808,5505.136932
77.30,73.070379,0.972804,67.194808,5505.136932
77.32,73.070379,0.972804,67.194808,5505.136932
77.34,73.070379,0.972804,67.194808,5505.136932
77.36,73.070379,0.972804,67.194808,5505.136932
77.38,73.070379,0.972804,67.194808,5505.136932
77.40,73.070379,0.972804,67.194808,5505.136932
77.42,73.070379,0.972804,67.194808,5505.136932
77.44,73.070379,0.972804,67.194808,5505.136932
77.46,73.164637,0.972804,66.763744,5478.905443
77.48,73.164637,0.972804,66.763744,5478.905443
77.50,73.164637,0.972804,66.763744,5478.905443
77.52,73.164637,0.972804,66.763744,5478.905443
77.54,73.164637,0.972803,66.763744,5478.905443
77.56,73.164637,0.972801,66.763744,5478.905443
77.58,73.164637,0.972798,66.763744,5478.905443
77.60,73.164637,0.972796,66.763744,5478.905443
77.62,73.164637,0.972793,66.763744,5478.905443
77.64,73.164637,0.972791,66.763744,5478.905443
77.66,73.164637,0.972790,66.763744,5478.905443
77.68,73.164637,0.972788,66.763744,5478.905443
77.70,73.164637,0.972787,66.763744,5478.905443
77.72,73.164637,0.972786,66.763744,5478.905443
77.74,73.164637,0.972785,66.763744,5478.905443
77.76,73.164637,0.972785,66.763744,5478.905443
77.78,73.164637,0.972784,66.763744,5478.905443
77.80,73.164637,0.972784,66.763744,5478.905443
77.82,73.164637,0.972783,66.763744,5478.905443
77.84,73.164637,0.972783,66.763744,5478.905443
77.86,73.164637,0.972783,66.763744,5478.905443
77.88,73.164637,0.972783,66.763744,5478.905443
77.90,73.164637,0.972783,66.763744,5478.905443
77.92,73.164637,0.972783,66.763744,5478.905443
77.94,73.164637,0.972783,66.763744,5478.905443
77.96,73.164637,0.972783,66.763744,5478.905443
77.98,73.164637,0.972783,66.763744,5478.905443
78.00,73.164637,0.972783,66.763744,5478.905443
78.02,73.164637,0.972783,66.763744,5478.905443
78.04,73.164637,0.972783,66.763744,5478.905443
78.06,73.164637,0.972783,66.763744,5478.905443
78.08,73.164637,0.972783,66.763744,5478.905443
78.10,73.164637,0.972783,66.763744,5478.905443
78.12,73.164637,0.972783,66.763744,5478.905443
78.14,73.164637,0.972783,66.763744,5478.905443
78.16,73.164637,0.972783,66.763744,5478.905443
78.18,73.164637,0.972783,66.763744,5478.905443
78.20,73.164637,0.972783,66.763744,5478.905443
78.22,73.164637,0.972783,66.763744,5478.905443
78.24,73.164637,0.972783,66.763744,5478.905443
78.26,73.164637,0.972783,66.763744,5478.905443
78.28,73.261263,0.972783,66.326088,5451.125942
78.30,73.261263,0.972783,66.326088,5451.125942
78.32,73.261263,0.972783,66.326088,5451.125942
78.34,73.261263,0.972783,66.326088,5451.125942
78.36,73.261263,0.972783,66.326088,5451.125942
78.38,73.261263,0.972782,66.326088,5451.125942
78.40,73.261263,0.972781,66.326088,5451.125942
78.42,73.261263,0.972780,66.326088,5451.125942
78.44,73.261263,0.972779,66.326088,5451.125942
78.46,73.261263,0.972778,66.326088,5451.125942
78.48,73.261263,0.972777,66.326088,5451.125942
78.50,73.261263,0.972777,66.326088,5451.125942
78.52,73.261263,0.972776,66.326088,5451.125942
78.54,73.261263,0.972776,66.326088,5451.125942
78.56,73.261263,0.972775,66.326088,5451.125942
78.58,73.261263,0.972775,66.326088,5451.125942
78.60,73.261263,0.972775,66.326088,5451.125942
78.62,73.261263,0.972775,66.326088,5451.125942
78.64,73.261263,0.972775,66.326088,5451.125942
78.66,73.261263,0.972774,66.326088,5451.125942
78.68,73.261263,0.972774,66.326088,5451.125942
78.70,73.261263,0.972774,66.326088,5451.125942
78.72,73.261263,0.972774,66.326088,5451.125942
78.74,73.261263,0.972774,66.326088,5451.125942
78.76,73.261263,0.972774,66.326088,5451.125942
78.78,73.261263,0.972774,66.326088,5451.125942
78.80,73.261263,0.972774,66.326088,5451.125942
78.82,73.261263,0.972774,66.326088,5451.125942
78.84,73.261263,0.972774,66.326088,5451.125942
78.86,73.261263,0.972774,66.326088,5451.125942
78.88,73.261263,0.972774,66.326088,5451.125942
78.90,73.261263,0.972774,66.326088,5451.125942
78.92,73.261263,0.972774,66.326088,5451.125942
78.94,73.261263,0.972774,66.326088,5451.125942
78.96,73.261263,0.972774,66.326088,5451.125942
78.98,73.261263,0.972774,66.326088,5451.125942
79.00,73.261263,0.972774,66.326088,5451.125942
79.02,73.261263,0.972774,66.326088,5451.125942
79.04,73.261263,0.972774,66.326088,5451.125942
79.06,73.261263,0.972774,66.326088,5451.125942
79.08,73.261263,0.972774,66.326088,5451.125942
79.10,73.360099,0.972774,65.912359,5427.921558
79.12,73.360099,0.972774,65.912359,5427.921558
79.14,73.360099,0.972774,65.912359,5427.921558
79.16,73.360099,0.972774,65.912359,5427.921558
79.18,73.360099,0.972772,65.912359,5427.921558
79.20,73.360099,0.972766,65.912359,5427.921558
79.22,73.360099,0.972759,65.912359,5427.921558
79.24,73.360099,0.972753,65.912359,5427.921558
79.26,73.360099,0.972747,65.912359,5427.921558
79.28,73.360099,0.972741,65.912359,5427.921558
79.30,73.360099,0.972736,65.912359,5427.921558
79.32,73.360099,0.972733,65.912359,5427.921558
79.34,73.360099,0.972729,65.912359,5427.921558
79.36,73.360099,0.972727,65.912359,5427.921558
79.38,73.360099,0.972724,65.912359,5427.921558
79.40,73.360099,0.972723,65.912359,5427.921558
79.42,73.360099,0.972721,65.912359,5427.921558
79.44,73.360099,0.972720,65.912359,5427.921558
79.46,73.360099,0.972719,65.912359,5427.921558
79.48,73.360099,0.972718,65.912359,5427.921558
79.50,73.360099,0.972717,65.912359,5427.921558
79.52,73.360099,0.972717,65.912359,5427.921558
79.54,73.360099,0.972717,65.912359,5427.921558
79.56,73.360099,0.972717,65.912359,5427.921558
79.58,73.360099,0.972717,65.912359,5427.921558
79.60,73.360099,0.972717,65.912359,5427.921558
79.62,73.360099,0.972717,65.912359,5427.921558
79.64,73.360099,0.972717,65.912359,5427.921558
79.66,73.360099,0.972717,65.912359,5427.921558
79.68,73.360099,0.972717,65.912359,5427.921558
79.70,73.360099,0.972717,65.912359,5427.921558
79.72,73.360099,0.972717,65.912359,5427.921558
79.74,73.360099,0.972717,65.912359,5427.921558
79.76,73.360099,0.972717,65.912359,5427.921558
79.78,73.360099,0.972717,65.912359,5427.921558
79.80,73.360099,0.972717,65.912359,5427.921558
79.82,73.360099,0.972717,65.912359,5427.921558
79.84,73.360099,0.972717,65.912359,5427.921558
79.86,73.360099,0.972717,65.912359,5427.921558
79.88,73.360099,0.972717,65.912359,5427.921558
79.90,73.360099,0.972717,65.912359,5427.921558
79.92,73.461044,0.972717,65.499770,5403.146966
79.94,73.461044,0.972717,65.499770,5403.146966
79.96,73.461044,0.972717,65.499770,5403.146966
79.98,73.461044,0.972717,65.499770,5403.146966
80.00,73.461044,0.972710,65.499770,5403.146966
80.02,73.461044,0.972696,65.499770,5403.146966
80.04,73.461044,0.972679,65.499770,5403.146966
80.06,73.461044,0.972662,65.499770,5403.146966
80.08,73.461044,0.972646,65.499770,5403.146966
80.10,73.461044,0.972632,65.499770,5403.146966
80.12,73.461044,0.972620,65.499770,5403.146966
80.14,73.461044,0.972610,65.499770,5403.146966
80.16,73.461044,0.972602,65.499770,5403.146966
80.18,73.461044,0.972595,65.499770,5403.146966
80.20,73.461044,0.972589,65.499770,5403.146966
80.22,73.461044,0.972585,65.499770,5403.146966
80.24,73.461044,0.972581,65.499770,5403.146966
80.26,73.461044,0.972577,65.499770,5403.146966
80.28,73.461044,0.972574,65.499770,5403.146966
80.30,73.461044,0.972572,65.499770,5403.146966
80.32,73.461044,0.972571,65.499770,5403.146966
80.34,73.461044,0.972571,65.499770,5403.146966
80.36,73.461044,0.972571,65.499770,5403.146966
80.38,73.461044,0.972571,65.499770,5403.146966
80.40,73.461044,0.972571,65.499770,5403.146966
80.42,73.461044,0.972571,65.499770,5403.146966
80.44,73.461044,0.972571,65.499770,5403.146966
80.46,73.461044,0.972571,65.499770,5403.146966
80.48,73.461044,0.972571,65.499770,5403.146966
80.50,73.461044,0.972571,65.499770,5403.146966
80.52,73.461044,0.972571,65.499770,5403.146966
80.54,73.461044,0.972571,65.499770,5403.146966
80.56,73.461044,0.972571,65.499770,5403.146966
80.58,73.461044,0.972571,65.499770,5403.146966
80.60,73.461044,0.972571,65.499770,5403.146966
80.62,73.461044,0.972571,65.499770,5403.146966
80.64,73.461044,0.972571,65.499770,5403.146966
80.66,73.461044,0.972571,65.499770,5403.146966
80.68,73.461044,0.972571,65.499770,5403.146966
80.70,73.461044,0.972571,65.499770,5403.146966
80.72,73.461044,0.972571,65.499770,5403.146966
80.74,73.564032,0.972571,65.094114,5379.584189
80.76,73.564032,0.972571,65.094114,5379.584189
80.78,73.564032,0.972571,65.094114,5379.584189
80.80,73.564032,0.972571,65.094114,5379.584189
80.82,73.564032,0.972562,65.094114,5379.584189
80.84,73.564032,0.972543,65.094114,5379.584189
80.86,73.564032,0.972521,65.094114,5379.584189
80.88,73.564032,0.972497,65.094114,5379.584189
80.90,73.564032,0.972476,65.094114,5379.584189
80.92,73.564032,0.972457,65.094114,5379.584189
80.94,73.564032,0.972441,65.094114,5379.584189
80.96,73.564032,0.972428,65.094114,5379.584189
80.98,73.564032,0.972417,65.094114,5379.584189
81.00,73.564032,0.972408,65.094114,5379.584189
81.02,73.564032,0.972400,65.094114,5379.584189
81.04,73.564032,0.972394,65.094114,5379.584189
81.06,73.564032,0.972388,65.094114,5379.584189
81.08,73.564032,0.972384,65.094114,5379.584189
81.10,73.564032,0.972380,65.094114,5379.584189
81.12,73.564032,0.972377,65.094114,5379.584189
81.14,73.564032,0.972376,65.094114,5379.584189
81.16,73.564032,0.972376,65.094114,5379.584189
81.18,73.564032,0.972376,65.094114,5379.584189
81.20,73.564032,0.972376,65.094114,5379.584189
81.22,73.564032,0.972376,65.094114,5379.584189
81.24,73.564032,0.972376,65.094114,5379.584189
81.26,73.564032,0.972376,65.094114,5379.584189
81.28,73.564032,0.972376,65.094114,5379.584189
81.30,73.564032,0.972376,65.094114,5379.584189
81.32,73.564032,0.972376,65.094114,5379.584189
81.34,73.564032,0.972376,65.094114,5379.584189
81.36,73.564032,0.972376,65.094114,5379.584189
81.38,73.564032,0.972376,65.094114,5379.584189
81.40,73.564032,0.972376,65.094114,5379.584189
81.42,73.564032,0.972376,65.094114,5379.584189
81.44,73.564032,0.972376,65.094114,5379.584189
81.46,73.564032,0.972376,65.094114,5379.584189
81.48,73.564032,0.972376,65.094114,5379.584189
81.50,73.564032,0.972376,65.094114,5379.584189
81.52,73.564032,0.972376,65.094114,5379.584189
81.54,73.564032,0.972376,65.094114,5379.584189
81.56,73.668979,0.972376,64.690213,5355.766322
81.58,73.668979,0.972376,64.690213,5355.766322
81.60,73.668979,0.972376,64.690213,5355.766322
81.62,73.668979,0.972376,64.690213,5355.766322
81.64,73.668979,0.972370,64.690213,5355.766322
81.66,73.668979,0.972359,64.690213,5355.766322
81.68,73.668979,0.972346,64.690213,5355.766322
81.70,73.668979,0.972332,64.690213,5355.766322
81.72,73.668979,0.972319,64.690213,5355.766322
81.74,73.668979,0.972308,64.690213,5355.766322
81.76,73.668979,0.972298,64.690213,5355.766322
81.78,73.668979,0.972290,64.690213,5355.766322
81.80,73.668979,0.972284,64.690213,5355.766322
81.82,73.668979,0.972278,64.690213,5355.766322
81.84,73.668979,0.972273,64.690213,5355.766322
81.86,73.668979,0.972270,64.690213,5355.766322
81.88,73.668979,0.972266,64.690213,5355.766322
81.90,73.668979,0.972264,64.690213,5355.766322
81.92,73.668979,0.972261,64.690213,5355.766322
81.94,73.668979,0.972260,64.690213,5355.766322
81.96,73.668979,0.972259,64.690213,5355.766322
81.98,73.668979,0.972259,64.690213,5355.766322
82.00,73.668979,0.972259,64.690213,5355.766322
82.02,73.668979,0.972259,64.690213,5355.766322
82.04,73.668979,0.972259,64.690213,5355.766322
82.06,73.668979,0.972259,64.690213,5355.766322
82.08,73.668979,0.972259,64.690213,5355.766322
82.10,73.668979,0.972259,64.690213,5355.766322
82.12,73.668979,0.972259,64.690213,5355.766322
82.14,73.668979,0.972259,64.690213,5355.766322
82.16,73.668979,0.972259,64.690213,5355.766322
82.18,73.668979,0.972259,64.690213,5355.766322
82.20,73.668979,0.972259,64.690213,5355.766322
82.22,73.668979,0.972259,64.690213,5355.766322
82.24,73.668979,0.972259,64.690213,5355.766322
82.26,73.668979,0.972259,64.690213,5355.766322
82.28,73.668979,0.972259,64.690213,5355.766322
82.30,73.668979,0.972259,64.690213,5355.766322
82.32,73.668979,0.972259,64.690213,5355.766322
82.34,73.668979,0.972259,64.690213,5355.766322
82.36,73.668979,0.972259,64.690213,5355.766322
82.38,73.775706,0.972259,64.289759,5332.387572
82.40,73.775706,0.972259,64.289759,5332.387572
82.42,73.775706,0.972259,64.289759,5332.387572
82.44,73.775706,0.972259,64.289759,5332.387572
82.46,73.775706,0.972257,64.289759,5332.387572
82.48,73.775706,0.972253,64.289759,5332.387572
82.50,73.775706,0.972248,64.289759,5332.387572
82.52,73.775706,0.972244,64.289759,5332.387572
82.54,73.775706,0.972239,64.289759,5332.387572
82.56,73.775706,0.972235,64.289759,5332.387572
82.58,73.775706,0.972232,64.289759,5332.387572
82.60,73.775706,0.972229,64.289759,5332.387572
82.62,73.775706,0.972227,64.289759,5332.387572
82.64,73.775706,0.972225,64.289759,5332.387572
82.66,73.775706,0.972223,64.289759,5332.387572
82.68,73.775706,0.972222,64.289759,5332.387572
82.70,73.775706,0.972221,64.289759,5332.387572
82.72,73.775706,0.972220,64.289759,5332.387572
82.74,73.775706,0.972219,64.289759,5332.387572
82.76,73.775706,0.972219,64.289759,5332.387572
82.78,73.775706,0.972218,64.289759,5332.387572
82.80,73.775706,0.972218,64.289759,5332.387572
82.82,73.775706,0.972218,64.289759,5332.387572
82.84,73.775706,0.972218,64.289759,5332.387572
82.86,73.775706,0.972218,64.289759,5332.387572
82.88,73.775706,0.972218,64.289759,5332.387572
82.90,73.775706,0.972218,64.289759,5332.387572
82.92,73.775706,0.972218,64.289759,5332.387572
82.94,73.775706,0.972218,64.289759,5332.387572
82.96,73.775706,0.972218,64.289759,5332.387572
82.98,73.775706,0.972218,64.289759,5332.387572
83.00,73.775706,0.972218,64.289759,5332.387572
83.02,73.775706,0.972218,64.289759,5332.387572
83.04,73.775706,0.972218,64.289759,5332.387572
83.06,73.775706,0.972218,64.289759,5332.387572
83.08,73.775706,0.972218,64.289759,5332.387572
83.10,73.775706,0.972218,64.289759,5332.387572
83.12,73.775706,0.972218,64.289759,5332.387572
83.14,73.775706,0.972218,64.289759,5332.387572
83.16,73.775706,0.972218,64.289759,5332.387572
83.18,73.775706,0.972218,64.289759,5332.387572
83.20,73.884038,0.972218,63.886919,5308.266377
83.22,73.884038,0.972218,63.886919,5308.266377
83.24,73.884038,0.972218,63.886919,5308.266377
83.26,73.884038,0.972218,63.886919,5308.266377
83.28,73.884038,0.972217,63.886919,5308.266377
83.30,73.884038,0.972215,63.886919,5308.266377
83.32,73.884038,0.972212,63.886919,5308.266377
83.34,73.884038,0.972209,63.886919,5308.266377
83.36,73.884038,0.972206,63.886919,5308.266377
83.38,73.884038,0.972204,63.886919,5308.266377
83.40,73.884038,0.972202,63.886919,5308.266377
83.42,73.884038,0.972200,63.886919,5308.266377
83.44,73.884038,0.972199,63.886919,5308.266377
83.46,73.884038,0.972198,63.886919,5308.266377
83.48,73.884038,0.972197,63.886919,5308.266377
83.50,73.884038,0.972196,63.886919,5308.266377
83.52,73.884038,0.972195,63.886919,5308.266377
83.54,73.884038,0.972195,63.886919,5308.266377
83.56,73.884038,0.972194,63.886919,5308.266377
83.58,73.884038,0.972194,63.886919,5308.266377
83.60,73.884038,0.972194,63.886919,5308.266377
83.62,73.884038,0.972194,63.886919,5308.266377
83.64,73.884038,0.972194,63.886919,5308.266377
83.66,73.884038,0.972194,63.886919,5308.266377
83.68,73.884038,0.972194,63.886919,5308.266377
83.70,73.884038,0.972194,63.886919,5308.266377
83.72,73.884038,0.972194,63.886919,5308.266377
83.74,73.884038,0.972194,63.886919,5308.266377
83.76,73.884038,0.972194,63.886919,5308.266377
83.78,73.884038,0.972194,63.886919,5308.266377
83.80,73.884038,0.972194,63.886919,5308.266377
83.82,73.884038,0.972194,63.886919,5308.266377
83.84,73.884038,0.972194,63.886919,5308.266377
83.86,73.884038,0.972194,63.886919,5308.266377
83.88,73.884038,0.972194,63.886919,5308.266377
83.90,73.884038,0.972194,63.886919,5308.266377
83.92,73.884038,0.972194,63.886919,5308.266377
83.94,73.884038,0.972194,63.886919,5308.266377
83.96,73.884038,0.972194,63.886919,5308.266377
83.98,73.884038,0.972194,63.886919,5308.266377
84.00,73.884038,0.972194,63.886919,5308.266377
84.02,73.993847,0.972194,63.494895,5286.119372
84.04,73.993847,0.972194,63.494895,5286.119372
84.06,73.993847,0.972194,63.494895,5286.119372
84.08,73.993847,0.972194,63.494895,5286.119372
84.10,73.993847,0.972190,63.494895,5286.119372
84.12,73.993847,0.972184,63.494895,5286.119372
84.14,73.993847,0.972176,63.494895,5286.119372
84.16,73.993847,0.972167,63.494895,5286.119372
84.18,73.993847,0.972160,63.494895,5286.119372
84.20,73.993847,0.972153,63.494895,5286.119372
84.22,73.993847,0.972147,63.494895,5286.119372
84.24,73.993847,0.972143,63.494895,5286.119372
84.26,73.993847,0.972139,63.494895,5286.119372
84.28,73.993847,0.972135,63.494895,5286.119372
84.30,73.993847,0.972133,63.494895,5286.119372
84.32,73.993847,0.972130,63.494895,5286.119372
84.34,73.993847,0.972128,63.494895,5286.119372
84.36,73.993847,0.972127,63.494895,5286.119372
84.38,73.993847,0.972125,63.494895,5286.119372
84.40,73.993847,0.972124,63.494895,5286.119372
84.42,73.993847,0.972124,63.494895,5286.119372
84.44,73.993847,0.972124,63.494895,5286.119372
84.46,73.993847,0.972124,63.494895,5286.119372
84.48,73.993847,0.972124,63.494895,5286.119372
84.50,73.993847,0.972124,63.494895,5286.119372
84.52,73.993847,0.972124,63.494895,5286.119372
84.54,73.993847,0.972124,63.494895,5286.119372
84.56,73.993847,0.972124,63.494895,5286.119372
84.58,73.993847,0.972124,63.494895,5286.119372
84.60,73.993847,0.972124,63.494895,5286.119372
84.62,73.993847,0.972124,63.494895,5286.119372
84.64,73.993847,0.972124,63.494895,5286.119372
84.66,73.993847,0.972124,63.494895,5286.119372
84.68,73.993847,0.972124,63.494895,5286.119372
84.70,73.993847,0.972124,63.494895,5286.119372
84.72,73.993847,0.972124,63.494895,5286.119372
84.74,73.993847,0.972124,63.494895,5286.119372
84.76,73.993847,0.972124,63.494895,5286.119372
84.78,73.993847,0.972124,63.494895,5286.119372
84.80,73.993847,0.972124,63.494895,5286.119372
84.82,73.993847,0.972124,63.494895,5286.119372
84.84,74.105067,0.972124,63.105864,5263.614904
84.86,74.105067,0.972124,63.105864,5263.614904
84.88,74.105067,0.972124,63.105864,5263.614904
84.90,74.105067,0.972124,63.105864,5263.614904
84.92,74.105067,0.972116,63.105864,5263.614904
84.94,74.105067,0.972100,63.105864,5263.614904
84.96,74.105067,0.972082,63.105864,5263.614904
84.98,74.105067,0.972063,63.105864,5263.614904
85.00,74.105067,0.972046,63.105864,5263.614904
85.02,74.105067,0.972031,63.105864,5263.614904
85.04,74.105067,0.972018,63.105864,5263.614904
85.06,74.105067,0.972007,63.105864,5263.614904
85.08,74.105067,0.971999,63.105864,5263.614904
85.10,74.105067,0.971991,63.105864,5263.614904
85.12,74.105067,0.971985,63.105864,5263.614904
85.14,74.105067,0.971980,63.105864,5263.614904
85.16,74.105067,0.971976,63.105864,5263.614904
85.18,74.105067,0.971972,63.105864,5263.614904
85.20,74.105067,0.971969,63.105864,5263.614904
85.22,74.105067,0.971968,63.105864,5263.614904
85.24,74.105067,0.971968,63.105864,5263.614904
85.26,74.105067,0.971967,63.105864,5263.614904
85.28,74.105067,0.971967,63.105864,5263.614904
85.30,74.105067,0.971967,63.105864,5263.614904
85.32,74.105067,0.971967,63.105864,5263.614904
85.34,74.105067,0.971967,63.105864,5263.614904
85.36,74.105067,0.971967,63.105864,5263.614904
85.38,74.105067,0.971967,63.105864,5263.614904
85.40,74.105067,0.971967,63.105864,5263.614904
85.42,74.105067,0.971967,63.105864,5263.614904
85.44,74.105067,0.971967,63.105864,5263.614904
85.46,74.105067,0.971967,63.105864,5263.614904
85.48,74.105067,0.971967,63.105864,5263.614904
85.50,74.105067,0.971967,63.105864,5263.614904
85.52,74.105067,0.971967,63.105864,5263.614904
85.54,74.105067,0.971967,63.105864,5263.614904
85.56,74.105067,0.971967,63.105864,5263.614904
85.58,74.105067,0.971967,63.105864,5263.614904
85.60,74.105067,0.971967,63.105864,5263.614904
85.62,74.105067,0.971967,63.105864,5263.614904
85.64,74.217531,0.971967,63.089701,5218.713885
85.66,74.217531,0.971967,63.089701,5218.713885
85.68,74.217531,0.971967,63.089701,5218.713885
85.70,74.217531,0.971967,63.089701,5218.713885
85.72,74.217531,0.971956,63.089701,5218.713885
85.74,74.217531,0.971936,63.089701,5218.713885
85.76,74.217531,0.971910,63.089701,5218.713885
85.78,74.217531,0.971885,63.089701,5218.713885
85.80,74.217531,0.971861,63.089701,5218.713885
85.82,74.217531,0.971841,63.089701,5218.713885
85.84,74.217531,0.971823,63.089701,5218.713885
85.86,74.217531,0.971808,63.089701,5218.713885
85.88,74.217531,0.971796,63.089701,5218.713885
85.90,74.217531,0.971786,63.089701,5218.713885
85.92,74.217531,0.971778,63.089701,5218.713885
85.94,74.217531,0.971771,63.089701,5218.713885
85.96,74.217531,0.971765,63.089701,5218.713885
85.98,74.217531,0.971760,63.089701,5218.713885
86.00,74.217531,0.971756,63.089701,5218.713885
86.02,74.217531,0.971753,63.089701,5218.713885
86.04,74.217531,0.971753,63.089701,5218.713885
86.06,74.217531,0.971753,63.089701,5218.713885
86.08,74.217531,0.971753,63.089701,5218.713885
86.10,74.217531,0.971753,63.089701,5218.713885
86.12,74.217531,0.971753,63.089701,5218.713885
86.14,74.217531,0.971753,63.089701,5218.713885
86.16,74.217531,0.971753,63.089701,5218.713885
86.18,74.217531,0.971753,63.089701,5218.713885
86.20,74.217531,0.971753,63.089701,5218.713885
86.22,74.217531,0.971753,63.089701,5218.713885
86.24,74.217531,0.971753,63.089701,5218.713885
86.26,74.217531,0.971753,63.089701,5218.713885
86.28,74.217531,0.971753,63.089701,5218.713885
86.30,74.217531,0.971753,63.089701,5218.713885
86.32,74.217531,0.971753,63.089701,5218.713885
86.34,74.217531,0.971753,63.089701,5218.713885
86.36,74.217531,0.971753,63.089701,5218.713885
86.38,74.217531,0.971753,63.089701,5218.713885
86.40,74.217531,0.971753,63.089701,5218.713885
86.42,74.217531,0.971753,63.089701,5218.713885
86.44,74.331238,0.971753,62.968016,5169.818987
86.46,74.331238,0.971753,62.968016,5169.818987
86.48,74.331238,0.971753,62.968016,5169.818987
86.50,74.331238,0.971753,62.968016,5169.818987
86.52,74.331238,0.971746,62.968016,5169.818987
86.54,74.331238,0.971731,62.968016,5169.818987
86.56,74.331238,0.971714,62.968016,5169.818987
86.58,74.331238,0.971696,62.968016,5169.818987
86.60,74.331238,0.971680,62.968016,5169.818987
86.62,74.331238,0.971665,62.968016,5169.818987
86.64,74.331238,0.971653,62.968016,5169.818987
86.66,74.331238,0.971643,62.968016,5169.818987
86.68,74.331238,0.971635,62.968016,5169.818987
86.70,74.331238,0.971628,62.968016,5169.818987
86.72,74.331238,0.971622,62.968016,5169.818987
86.74,74.331238,0.971617,62.968016,5169.818987
86.76,74.331238,0.971613,62.968016,5169.818987
86.78,74.331238,0.971609,62.968016,5169.818987
86.80,74.331238,0.971606,62.968016,5169.818987
86.82,74.331238,0.971605,62.968016,5169.818987
86.84,74.331238,0.971605,62.968016,5169.818987
86.86,74.331238,0.971605,62.968016,5169.818987
86.88,74.331238,0.971605,62.968016,5169.818987
86.90,74.331238,0.971605,62.968016,5169.818987
86.92,74.331238,0.971605,62.968016,5169.818987
86.94,74.331238,0.971605,62.968016,5169.818987
86.96,74.331238,0.971605,62.968016,5169.818987
86.98,74.331238,0.971605,62.968016,5169.818987
87.00,74.331238,0.971605,62.968016,5169.818987
87.02,74.331238,0.971605,62.968016,5169.818987
87.04,74.331238,0.971605,62.968016,5169.818987
87.06,74.331238,0.971605,62.968016,5169.818987
87.08,74.331238,0.971605,62.968016,5169.818987
87.10,74.331238,0.971605,62.968016,5169.818987
87.12,74.331238,0.971605,62.968016,5169.818987
87.14,74.331238,0.971605,62.968016,5169.818987
87.16,74.331238,0.971605,62.968016,5169.818987
87.18,74.331238,0.971605,62.968016,5169.818987
87.20,74.331238,0.971605,62.968016,5169.818987
87.22,74.331238,0.971605,62.968016,5169.818987
87.24,74.446074,0.971605,62.616567,5140.943377
87.26,74.446074,0.971605,62.616567,5140.943377
87.28,74.446074,0.971605,62.616567,5140.943377
87.30,74.446074,0.971605,62.616567,5140.943377
87.32,74.446074,0.971601,62.616567,5140.943377
87.34,74.446074,0.971594,62.616567,5140.943377
87.36,74.446074,0.971586,62.616567,5140.943377
87.38,74.446074,0.971577,62.616567,5140.943377
87.40,74.446074,0.971569,62.616567,5140.943377
87.42,74.446074,0.971562,62.616567,5140.943377
87.44,74.446074,0.971556,62.616567,5140.943377
87.46,74.446074,0.971551,62.616567,5140.943377
87.48,74.446074,0.971547,62.616567,5140.943377
87.50,74.446074,0.971544,62.616567,5140.943377
87.52,74.446074,0.971541,62.616567,5140.943377
87.54,74.446074,0.971539,62.616567,5140.943377
87.56,74.446074,0.971537,62.616567,5140.943377
87.58,74.446074,0.971535,62.616567,5140.943377
87.60,74.446074,0.971534,62.616567,5140.943377
87.62,74.446074,0.971533,62.616567,5140.943377
87.64,74.446074,0.971533,62.616567,5140.943377
87.66,74.446074,0.971533,62.616567,5140.943377
87.68,74.446074,0.971533,62.616567,5140.943377
87.70,74.446074,0.971533,62.616567,5140.943377
87.72,74.446074,0.971533,62.616567,5140.943377
87.74,74.446074,0.971533,62.616567,5140.943377
87.76,74.446074,0.971533,62.616567,5140.943377
87.78,74.446074,0.971533,62.616567,5140.943377
87.80,74.446074,0.971533,62.616567,5140.943377
87.82,74.446074,0.971533,62.616567,5140.943377
87.84,74.446074,0.971533,62.616567,5140.943377
87.86,74.446074,0.971533,62.616567,5140.943377
87.88,74.446074,0.971533,62.616567,5140.943377
87.90,74.446074,0.971533,62.616567,5140.943377
87.92,74.446074,0.971533,62.616567,5140.943377
87.94,74.446074,0.971533,62.616567,5140.943377
87.96,74.446074,0.971533,62.616567,5140.943377
87.98,74.446074,0.971533,62.616567,5140.943377
88.00,74.446074,0.971533,62.616567,5140.943377
88.02,74.446074,0.971533,62.616567,5140.943377
88.04,74.561895,0.971533,62.229688,5116.689660
88.06,74.561895,0.971533,62.229688,5116.689660
88.08,74.561895,0.971533,62.229688,5116.689660
88.10,74.561895,0.971533,62.229688,5116.689660
88.12,74.561895,0.971530,62.229688,5116.689660
88.14,74.561895,0.971526,62.229688,5116.689660
88.16,74.561895,0.971520,62.229688,5116.689660
88.18,74.561895,0.971514,62.229688,5116.689660
88.20,74.561895,0.971509,62.229688,5116.689660
88.22,74.561895,0.971504,62.229688,5116.689660
88.24,74.561895,0.971500,62.229688,5116.689660
88.26,74.561895,0.971497,62.229688,5116.689660
88.28,74.561895,0.971494,62.229688,5116.689660
88.30,74.561895,0.971492,62.229688,5116.689660
88.32,74.561895,0.971490,62.229688,5116.689660
88.34,74.561895,0.971489,62.229688,5116.689660
88.36,74.561895,0.971487,62.229688,5116.689660
88.38,74.561895,0.971486,62.229688,5116.689660
88.40,74.561895,0.971485,62.229688,5116.689660
88.42,74.561895,0.971485,62.229688,5116.689660
88.44,74.561895,0.971485,62.229688,5116.689660
88.46,74.561895,0.971485,62.229688,5116.689660
88.48,74.561895,0.971485,62.229688,5116.689660
88.50,74.561895,0.971485,62.229688,5116.689660
88.52,74.561895,0.971485,62.229688,5116.689660
88.54,74.561895,0.971485,62.229688,5116.689660
88.56,74.561895,0.971485,62.229688,5116.689660
88.58,74.561895,0.971485,62.229688,5116.689660
88.60,74.561895,0.971485,62.229688,5116.689660
88.62,74.561895,0.971485,62.229688,5116.689660
88.64,74.561895,0.971485,62.229688,5116.689660
88.66,74.561895,0.971485,62.229688,5116.689660
88.68,74.561895,0.971485,62.229688,5116.689660
88.70,74.561895,0.971485,62.229688,5116.689660
88.72,74.561895,0.971485,62.229688,5116.689660
88.74,74.561895,0.971485,62.229688,5116.689660
88.76,74.561895,0.971485,62.229688,5116.689660
88.78,74.561895,0.971485,62.229688,5116.689660
88.80,74.561895,0.971485,62.229688,5116.689660
88.82,74.561895,0.971485,62.229688,5116.689660
88.84,74.678599,0.971485,61.834856,5092.488863
88.86,74.678599,0.971485,61.834856,5092.488863
88.88,74.678599,0.971485,61.834856,5092.488863
88.90,74.678599,0.971485,61.834856,5092.488863
88.92,74.678599,0.971480,61.834856,5092.488863
88.94,74.678599,0.971472,61.834856,5092.488863
88.96,74.678599,0.971462,61.834856,5092.488863
88.98,74.678599,0.971452,61.834856,5092.488863
89.00,74.678599,0.971443,61.834856,5092.488863
89.02,74.678599,0.971435,61.834856,5092.488863
89.04,74.678599,0.971428,61.834856,5092.488863
89.06,74.678599,0.971422,61.834856,5092.488863
89.08,74.678599,0.971418,61.834856,5092.488863
89.10,74.678599,0.971414,61.834856,5092.488863
89.12,74.678599,0.971410,61.834856,5092.488863
89.14,74.678599,0.971407,61.834856,5092.488863
89.16,74.678599,0.971405,61.834856,5092.488863
89.18,74.678599,0.971403,61.834856,5092.488863
89.20,74.678599,0.971401,61.834856,5092.488863
89.22,74.678599,0.971401,61.834856,5092.488863
89.24,74.678599,0.971401,61.834856,5092.488863
89.26,74.678599,0.971400,61.834856,5092.488863
89.28,74.678599,0.971400,61.834856,5092.488863
89.30,74.678599,0.971400,61.834856,5092.488863
89.32,74.678599,0.971400,61.834856,5092.488863
89.34,74.678599,0.971400,61.834856,5092.488863
89.36,74.678599,0.971400,61.834856,5092.488863
89.38,74.678599,0.971400,61.834856,5092.488863
89.40,74.678599,0.971400,61.834856,5092.488863
89.42,74.678599,0.971400,61.834856,5092.488863
89.44,74.678599,0.971400,61.834856,5092.488863
89.46,74.678599,0.971400,61.834856,5092.488863
89.48,74.678599,0.971400,61.834856,5092.488863
89.50,74.678599,0.971400,61.834856,5092.488863
89.52,74.678599,0.971400,61.834856,5092.488863
89.54,74.678599,0.971400,61.834856,5092.488863
89.56,74.678599,0.971400,61.834856,5092.488863
89.58,74.678599,0.971400,61.834856,5092.488863
89.60,74.678599,0.971400,61.834856,5092.488863
89.62,74.678599,0.971400,61.834856,5092.488863
89.64,74.796139,0.971400,61.443857,5069.292130
89.66,74.796139,0.971400,61.443857,5069.292130
89.68,74.796139,0.971400,61.443857,5069.292130
89.70,74.796139,0.971400,61.443857,5069.292130
89.72,74.796139,0.971392,61.443857,5069.292130
89.74,74.796139,0.971376,61.443857,5069.292130
89.76,74.796139,0.971357,61.443857,5069.292130
89.78,74.796139,0.971338,61.443857,5069.292130
89.80,74.796139,0.971320,61.443857,5069.292130
89.82,74.796139,0.971304,61.443857,5069.292130
89.84,74.796139,0.971290,61.443857,5069.292130
89.86,74.796139,0.971279,61.443857,5069.292130
89.88,74.796139,0.971270,61.443857,5069.292130
89.90,74.796139,0.971262,61.443857,5069.292130
89.92,74.796139,0.971256,61.443857,5069.292130
89.94,74.796139,0.971250,61.443857,5069.292130
89.96,74.796139,0.971246,61.443857,5069.292130
89.98,74.796139,0.971242,61.443857,5069.292130
90.00,74.796139,0.971239,61.443857,5069.292130
90.02,74.796139,0.971237,61.443857,5069.292130
90.04,74.796139,0.971237,61.443857,5069.292130
90.06,74.796139,0.971237,61.443857,5069.292130
90.08,74.796139,0.971237,61.443857,5069.292130
90.10,74.796139,0.971237,61.443857,5069.292130
90.12,74.796139,0.971237,61.443857,5069.292130
90.14,74.796139,0.971237,61.443857,5069.292130
90.16,74.796139,0.971237,61.443857,5069.292130
90.18,74.796139,0.971237,61.443857,5069.292130
90.20,74.796139,0.971237,61.443857,5069.292130
90.22,74.796139,0.971237,61.443857,5069.292130
90.24,74.796139,0.971237,61.443857,5069.292130
90.26,74.796139,0.971237,61.443857,5069.292130
90.28,74.796139,0.971237,61.443857,5069.292130
90.30,74.796139,0.971237,61.443857,5069.292130
90.32,74.796139,0.971237,61.443857,5069.292130
90.34,74.796139,0.971237,61.443857,5069.292130
90.36,74.796139,0.971237,61.443857,5069.292130
90.38,74.796139,0.971237,61.443857,5069.292130
90.40,74.796139,0.971237,61.443857,5069.292130
90.42,74.796139,0.971237,61.443857,5069.292130
90.44,74.914517,0.971237,61.058591,5046.682150
90.46,74.914517,0.971237,61.058591,5046.682150
90.48,74.914517,0.971237,61.058591,5046.682150
90.50,74.914517,0.971237,61.058591,5046.682150
90.52,74.914517,0.971224,61.058591,5046.682150
90.54,74.914517,0.971201,61.058591,5046.682150
90.56,74.914517,0.971173,61.058591,5046.682150
90.58,74.914517,0.971144,61.058591,5046.682150
90.60,74.914517,0.971117,61.058591,5046.682150
90.62,74.914517,0.971094,61.058591,5046.682150
90.64,74.914517,0.971074,61.058591,5046.682150
90.66,74.914517,0.971057,61.058591,5046.682150
90.68,74.914517,0.971043,61.058591,5046.682150
90.70,74.914517,0.971032,61.058591,5046.682150
90.72,74.914517,0.971022,61.058591,5046.682150
90.74,74.914517,0.971014,61.058591,5046.682150
90.76,74.914517,0.971007,61.058591,5046.682150
90.78,74.914517,0.971001,61.058591,5046.682150
90.80,74.914517,0.970997,61.058591,5046.682150
90.82,74.914517,0.970994,61.058591,5046.682150
90.84,74.914517,0.970994,61.058591,5046.682150
90.86,74.914517,0.970994,61.058591,5046.682150
90.88,74.914517,0.970994,61.058591,5046.682150
90.90,74.914517,0.970994,61.058591,5046.682150
90.92,74.914517,0.970994,61.058591,5046.682150
90.94,74.914517,0.970994,61.058591,5046.682150
90.96,74.914517,0.970994,61.058591,5046.682150
90.98,74.914517,0.970994,61.058591,5046.682150
91.00,74.914517,0.970994,61.058591,5046.682150
91.02,74.914517,0.970994,61.058591,5046.682150
91.04,74.914517,0.970994,61.058591,5046.682150
91.06,74.914517,0.970994,61.058591,5046.682150
91.08,74.914517,0.970994,61.058591,5046.682150
91.10,74.914517,0.970994,61.058591,5046.682150
91.12,74.914517,0.970994,61.058591,5046.682150
91.14,74.914517,0.970994,61.058591,5046.682150
91.16,74.914517,0.970994,61.058591,5046.682150
91.18,74.914517,0.970994,61.058591,5046.682150
91.20,74.914517,0.970994,61.058591,5046.682150
91.22,74.914517,0.970994,61.058591,5046.682150
91.24,75.033743,0.970994,60.674676,5023.819118
91.26,75.033743,0.970994,60.674676,5023.819118
91.28,75.033743,0.970994,60.674676,5023.819118
91.30,75.033743,0.970994,60.674676,5023.819118
91.32,75.033743,0.970984,60.674676,5023.819118
91.34,75.033743,0.970965,60.674676,5023.819118
91.36,75.033743,0.970942,60.674676,5023.819118
91.38,75.033743,0.970919,60.674676,5023.819118
91.40,75.033743,0.970897,60.674676,5023.819118
91.42,75.033743,0.970878,60.674676,5023.819118
91.44,75.033743,0.970862,60.674676,5023.819118
91.46,75.033743,0.970848,60.674676,5023.819118
91.48,75.033743,0.970837,60.674676,5023.819118
91.50,75.033743,0.970828,60.674676,5023.819118
91.52,75.033743,0.970820,60.674676,5023.819118
91.54,75.033743,0.970813,60.674676,5023.819118
91.56,75.033743,0.970808,60.674676,5023.819118
91.58,75.033743,0.970803,60.674676,5023.819118
91.60,75.033743,0.970799,60.674676,5023.819118
91.62,75.033743,0.970797,60.674676,5023.819118
91.64,75.033743,0.970797,60.674676,5023.819118
91.66,75.033743,0.970797,60.674676,5023.819118
91.68,75.033743,0.970797,60.674676,5023.819118
91.70,75.033743,0.970797,60.674676,5023.819118
91.72,75.033743,0.970797,60.674676,5023.819118
91.74,75.033743,0.970797,60.674676,5023.819118
91.76,75.033743,0.970797,60.674676,5023.819118
91.78,75.033743,0.970797,60.674676,5023.819118
91.80,75.033743,0.970797,60.674676,5023.819118
91.82,75.033743,0.970797,60.674676,5023.819118
91.84,75.033743,0.970797,60.674676,5023.819118
91.86,75.033743,0.970797,60.674676,5023.819118
91.88,75.033743,0.970797,60.674676,5023.819118
91.90,75.033743,0.970797,60.674676,5023.819118
91.92,75.033743,0.970797,60.674676,5023.819118
91.94,75.033743,0.970797,60.674676,5023.819118
91.96,75.033743,0.970797,60.674676,5023.819118
91.98,75.033743,0.970797,60.674676,5023.819118
92.00,75.033743,0.970797,60.674676,5023.819118
92.02,75.033743,0.970797,60.674676,5023.819118
92.04,75.153714,0.970797,60.293775,5001.309010
92.06,75.153714,0.970797,60.293775,5001.309010
92.08,75.153714,0.970797,60.293775,5001.309010
92.10,75.153714,0.970797,60.293775,5001.309010
92.12,75.153714,0.970791,60.293775,5001.309010
92.14,75.153714,0.970781,60.293775,5001.309010
92.16,75.153714,0.970768,60.293775,5001.309010
92.18,75.153714,0.970755,60.293775,5001.309010
92.20,75.153714,0.970743,60.293775,5001.309010
92.22,75.153714,0.970732,60.293775,5001.309010
92.24,75.153714,0.970723,60.293775,5001.309010
92.26,75.153714,0.970715,60.293775,5001.309010
92.28,75.153714,0.970709,60.293775,5001.309010
92.30,75.153714,0.970704,60.293775,5001.309010
92.32,75.153714,0.970699,60.293775,5001.309010
92.34,75.153714,0.970696,60.293775,5001.309010
92.36,75.153714,0.970693,60.293775,5001.309010
92.38,75.153714,0.970690,60.293775,5001.309010
92.40,75.153714,0.970688,60.293775,5001.309010
92.42,75.153714,0.970687,60.293775,5001.309010
92.44,75.153714,0.970687,60.293775,5001.309010
92.46,75.153714,0.970687,60.293775,5001.309010
92.48,75.153714,0.970687,60.293775,5001.309010
92.50,75.153714,0.970687,60.293775,5001.309010
92.52,75.153714,0.970687,60.293775,5001.309010
92.54,75.153714,0.970687,60.293775,5001.309010
92.56,75.153714,0.970687,60.293775,5001.309010
92.58,75.153714,0.970687,60.293775,5001.309010
92.60,75.153714,0.970687,60.293775,5001.309010
92.62,75.153714,0.970687,60.293775,5001.309010
92.64,75.153714,0.970687,60.293775,5001.309010
92.66,75.153714,0.970687,60.293775,5001.309010
92.68,75.153714,0.970687,60.293775,5001.309010
92.70,75.153714,0.970687,60.293775,5001.309010
92.72,75.153714,0.970687,60.293775,5001.309010
92.74,75.153714,0.970687,60.293775,5001.309010
92.76,75.153714,0.970687,60.293775,5001.309010
92.78,75.153714,0.970687,60.293775,5001.309010
92.80,75.153714,0.970687,60.293775,5001.309010
92.82,75.153714,0.970687,60.293775,5001.309010
92.84,75.274289,0.970687,59.916778,4979.146827
92.86,75.274289,0.970687,59.916778,4979.146827
92.88,75.274289,0.970687,59.916778,4979.146827
92.90,75.274289,0.970687,59.916778,4979.146827
92.92,75.274289,0.970683,59.916778,4979.146827
92.94,75.274289,0.970676,59.916778,4979.146827
92.96,75.274289,0.970668,59.916778,4979.146827
92.98,75.274289,0.970659,59.916778,4979.146827
93.00,75.274289,0.970652,59.916778,4979.146827
93.02,75.274289,0.970645,59.916778,4979.146827
93.04,75.274289,0.970639,59.916778,4979.146827
93.06,75.274289,0.970634,59.916778,4979.146827
93.08,75.274289,0.970630,59.916778,4979.146827
93.10,75.274289,0.970626,59.916778,4979.146827
93.12,75.274289,0.970623,59.916778,4979.146827
93.14,75.274289,0.970621,59.916778,4979.146827
93.16,75.274289,0.970619,59.916778,4979.146827
93.18,75.274289,0.970617,59.916778,4979.146827
93.20,75.274289,0.970616,59.916778,4979.146827
93.22,75.274289,0.970615,59.916778,4979.146827
93.24,75.274289,0.970615,59.916778,4979.146827
93.26,75.274289,0.970615,59.916778,4979.146827
93.28,75.274289,0.970615,59.916778,4979.146827
93.30,75.274289,0.970615,59.916778,4979.146827
93.32,75.274289,0.970615,59.916778,4979.146827
93.34,75.274289,0.970615,59.916778,4979.146827
93.36,75.274289,0.970615,59.916778,4979.146827
93.38,75.274289,0.970615,59.916778,4979.146827
93.40,75.274289,0.970615,59.916778,4979.146827
93.42,75.274289,0.970615,59.916778,4979.146827
93.44,75.274289,0.970615,59.916778,4979.146827
93.46,75.274289,0.970615,59.916778,4979.146827
93.48,75.274289,0.970615,59.916778,4979.146827
93.50,75.274289,0.970615,59.916778,4979.146827
93.52,75.274289,0.970615,59.916778,4979.146827
93.54,75.274289,0.970615,59.916778,4979.146827
93.56,75.274289,0.970615,59.916778,4979.146827
93.58,75.274289,0.970615,59.916778,4979.146827
93.60,75.274289,0.970615,59.916778,4979.146827
93.62,75.274289,0.970615,59.916778,4979.146827
93.64,75.395367,0.970615,59.537987,4956.269760
93.66,75.395367,0.970615,59.537987,4956.269760
93.68,75.395367,0.970615,59.537987,4956.269760
93.70,75.395367,0.970615,59.537987,4956.269760
93.72,75.395367,0.970610,59.537987,4956.269760
93.74,75.395367,0.970601,59.537987,4956.269760
93.76,75.395367,0.970590,59.537987,4956.269760
93.78,75.395367,0.970579,59.537987,4956.269760
93.80,75.395367,0.970569,59.537987,4956.269760
93.82,75.395367,0.970559,59.537987,4956.269760
93.84,75.395367,0.970551,59.537987,4956.269760
93.86,75.395367,0.970545,59.537987,4956.269760
93.88,75.395367,0.970539,59.537987,4956.269760
93.90,75.395367,0.970535,59.537987,4956.269760
93.92,75.395367,0.970531,59.537987,4956.269760
93.94,75.395367,0.970528,59.537987,4956.269760
93.96,75.395367,0.970525,59.537987,4956.269760
93.98,75.395367,0.970523,59.537987,4956.269760
94.00,75.395367,0.970521,59.537987,4956.269760
94.02,75.395367,0.970520,59.537987,4956.269760
94.04,75.395367,0.970520,59.537987,4956.269760
94.06,75.395367,0.970520,59.537987,4956.269760
94.08,75.395367,0.970520,59.537987,4956.269760
94.10,75.395367,0.970520,59.537987,4956.269760
94.12,75.395367,0.970520,59.537987,4956.269760
94.14,75.395367,0.970520,59.537987,4956.269760
94.16,75.395367,0.970520,59.537987,4956.269760
94.18,75.395367,0.970520,59.537987,4956.269760
94.20,75.395367,0.970520,59.537987,4956.269760
94.22,75.395367,0.970520,59.537987,4956.269760
94.24,75.395367,0.970520,59.537987,4956.269760
94.26,75.395367,0.970520,59.537987,4956.269760
94.28,75.395367,0.970520,59.537987,4956.269760
94.30,75.395367,0.970520,59.537987,4956.269760
94.32,75.395367,0.970520,59.537987,4956.269760
94.34,75.395367,0.970520,59.537987,4956.269760
94.36,75.395367,0.970520,59.537987,4956.269760
94.38,75.395367,0.970520,59.537987,4956.269760
94.40,75.395367,0.970520,59.537987,4956.269760
94.42,75.395367,0.970520,59.537987,4956.269760
94.44,75.516916,0.970520,59.169816,4935.288418
94.46,75.516916,0.970520,59.169816,4935.288418
94.48,75.516916,0.970520,59.169816,4935.288418
94.50,75.516916,0.970520,59.169816,4935.288418
94.52,75.516916,0.970512,59.169816,4935.288418
94.54,75.516916,0.970496,59.169816,4935.288418
94.56,75.516916,0.970476,59.169816,4935.288418
94.58,75.516916,0.970456,59.169816,4935.288418
94.60,75.516916,0.970438,59.169816,4935.288418
94.62,75.516916,0.970422,59.169816,4935.288418
94.64,75.516916,0.970408,59.169816,4935.288418
94.66,75.516916,0.970397,59.169816,4935.288418
94.68,75.516916,0.970387,59.169816,4935.288418
94.70,75.516916,0.970379,59.169816,4935.288418
94.72,75.516916,0.970372,59.169816,4935.288418
94.74,75.516916,0.970367,59.169816,4935.288418
94.76,75.516916,0.970362,59.169816,4935.288418
94.78,75.516916,0.970358,59.169816,4935.288418
94.80,75.516916,0.970355,59.169816,4935.288418
94.82,75.516916,0.970353,59.169816,4935.288418
94.84,75.516916,0.970353,59.169816,4935.288418
94.86,75.516916,0.970353,59.169816,4935.288418
94.88,75.516916,0.970353,59.169816,4935.288418
94.90,75.516916,0.970353,59.169816,4935.288418
94.92,75.516916,0.970353,59.169816,4935.288418
94.94,75.516916,0.970353,59.169816,4935.288418
94.96,75.516916,0.970353,59.169816,4935.288418
94.98,75.516916,0.970353,59.169816,4935.288418
95.00,75.516916,0.970353,59.169816,4935.288418
95.02,75.516916,0.970353,59.169816,4935.288418
95.04,75.516916,0.970353,59.169816,4935.288418
95.06,75.516916,0.970353,59.169816,4935.288418
95.08,75.516916,0.970353,59.169816,4935.288418
95.10,75.516916,0.970353,59.169816,4935.288418
95.12,75.516916,0.970353,59.169816,4935.288418
95.14,75.516916,0.970353,59.169816,4935.288418
95.16,75.516916,0.970353,59.169816,4935.288418
95.18,75.516916,0.970353,59.169816,4935.288418
95.20,75.516916,0.970353,59.169816,4935.288418
95.22,75.516916,0.970353,59.169816,4935.288418
95.24,75.638957,0.970353,58.808033,4914.513865
95.26,75.638957,0.970353,58.808033,4914.513865
95.28,75.638957,0.970353,58.808033,4914.513865
95.30,75.638957,0.970353,58.808033,4914.513865
95.32,75.638957,0.970340,58.808033,4914.513865
95.34,75.638957,0.970315,58.808033,4914.513865
95.36,75.638957,0.970285,58.808033,4914.513865
95.38,75.638957,0.970255,58.808033,4914.513865
95.40,75.638957,0.970226,58.808033,4914.513865
95.42,75.638957,0.970201,58.808033,4914.513865
95.44,75.638957,0.970180,58.808033,4914.513865
95.46,75.638957,0.970162,58.808033,4914.513865
95.48,75.638957,0.970147,58.808033,4914.513865
95.50,75.638957,0.970135,58.808033,4914.513865
95.52,75.638957,0.970124,58.808033,4914.513865
95.54,75.638957,0.970116,58.808033,4914.513865
95.56,75.638957,0.970108,58.808033,4914.513865
95.58,75.638957,0.970102,58.808033,4914.513865
95.60,75.638957,0.970097,58.808033,4914.513865
95.62,75.638957,0.970094,58.808033,4914.513865
95.64,75.638957,0.970094,58.808033,4914.513865
95.66,75.638957,0.970094,58.808033,4914.513865
95.68,75.638957,0.970094,58.808033,4914.513865
95.70,75.638957,0.970094,58.808033,4914.513865
95.72,75.638957,0.970094,58.808033,4914.513865
95.74,75.638957,0.970094,58.808033,4914.513865
95.76,75.638957,0.970094,58.808033,4914.513865
95.78,75.638957,0.970094,58.808033,4914.513865
95.80,75.638957,0.970094,58.808033,4914.513865
95.82,75.638957,0.970094,58.808033,4914.513865
95.84,75.638957,0.970094,58.808033,4914.513865
95.86,75.638957,0.970094,58.808033,4914.513865
95.88,75.638957,0.970094,58.808033,4914.513865
95.90,75.638957,0.970094,58.808033,4914.513865
95.92,75.638957,0.970094,58.808033,4914.513865
95.94,75.638957,0.970094,58.808033,4914.513865
95.96,75.638957,0.970094,58.808033,4914.513865
95.98,75.638957,0.970094,58.808033,4914.513865
96.00,75.638957,0.970094,58.808033,4914.513865
96.02,75.638957,0.970094,58.808033,4914.513865
96.04,75.761546,0.970094,58.449564,4893.798717
96.06,75.761546,0.970094,58.449564,4893.798717
96.08,75.761546,0.970094,58.449564,4893.798717
96.10,75.761546,0.970094,58.449564,4893.798717
96.12,75.761546,0.970082,58.449564,4893.798717
96.14,75.761546,0.970059,58.449564,4893.798717
96.16,75.761546,0.970031,58.449564,4893.798717
96.18,75.761546,0.970002,58.449564,4893.798717
96.20,75.761546,0.969975,58.449564,4893.798717
96.22,75.761546,0.969952,58.449564,4893.798717
96.24,75.761546,0.969932,58.449564,4893.798717
96.26,75.761546,0.969915,58.449564,4893.798717
96.28,75.761546,0.969901,58.449564,4893.798717
96.30,75.761546,0.969889,58.449564,4893.798717
96.32,75.761546,0.969880,58.449564,4893.798717
96.34,75.761546,0.969872,58.449564,4893.798717
96.36,75.761546,0.969865,58.449564,4893.798717
96.38,75.761546,0.969859,58.449564,4893.798717
96.40,75.761546,0.969854,58.449564,4893.798717
96.42,75.761546,0.969851,58.449564,4893.798717
96.44,75.761546,0.969851,58.449564,4893.798717
96.46,75.761546,0.969851,58.449564,4893.798717
96.48,75.761546,0.969851,58.449564,4893.798717
96.50,75.761546,0.969851,58.449564,4893.798717
96.52,75.761546,0.969851,58.449564,4893.798717
96.54,75.761546,0.969851,58.449564,4893.798717
96.56,75.761546,0.969851,58.449564,4893.798717
96.58,75.761546,0.969851,58.449564,4893.798717
96.60,75.761546,0.969851,58.449564,4893.798717
96.62,75.761546,0.969851,58.449564,4893.798717
96.64,75.761546,0.969851,58.449564,4893.798717
96.66,75.761546,0.969851,58.449564,4893.798717
96.68,75.761546,0.969851,58.449564,4893.798717
96.70,75.761546,0.969851,58.449564,4893.798717
96.72,75.761546,0.969851,58.449564,4893.798717
96.74,75.761546,0.969851,58.449564,4893.798717
96.76,75.761546,0.969851,58.449564,4893.798717
96.78,75.761546,0.969851,58.449564,4893.798717
96.80,75.761546,0.969851,58.449564,4893.798717
96.82,75.761546,0.969851,58.449564,4893.798717
96.84,75.884629,0.969851,58.093829,4873.224090
96.86,75.884629,0.969851,58.093829,4873.224090
96.88,75.884629,0.969851,58.093829,4873.224090
96.90,75.884629,0.969851,58.093829,4873.224090
96.92,75.884629,0.969844,58.093829,4873.224090
96.94,75.884629,0.969829,58.093829,4873.224090
96.96,75.884629,0.969811,58.093829,4873.224090
96.98,75.884629,0.969793,58.093829,4873.224090
97.00,75.884629,0.969777,58.093829,4873.224090
97.02,75.884629,0.969762,58.093829,4873.224090
97.04,75.884629,0.969749,58.093829,4873.224090
97.06,75.884629,0.969738,58.093829,4873.224090
97.08,75.884629,0.969730,58.093829,4873.224090
97.10,75.884629,0.969722,58.093829,4873.224090
97.12,75.884629,0.969716,58.093829,4873.224090
97.14,75.884629,0.969711,58.093829,4873.224090
97.16,75.884629,0.969707,58.093829,4873.224090
97.18,75.884629,0.969703,58.093829,4873.224090
97.20,75.884629,0.969700,58.093829,4873.224090
97.22,75.884629,0.969698,58.093829,4873.224090
97.24,75.884629,0.969698,58.093829,4873.224090
97.26,75.884629,0.969698,58.093829,4873.224090
97.28,75.884629,0.969698,58.093829,4873.224090
97.30,75.884629,0.969698,58.093829,4873.224090
97.32,75.884629,0.969698,58.093829,4873.224090
97.34,75.884629,0.969698,58.093829,4873.224090
97.36,75.884629,0.969698,58.093829,4873.224090
97.38,75.884629,0.969698,58.093829,4873.224090
97.40,75.884629,0.969698,58.093829,4873.224090
97.42,75.884629,0.969698,58.093829,4873.224090
97.44,75.884629,0.969698,58.093829,4873.224090
97.46,75.884629,0.969698,58.093829,4873.224090
97.48,75.884629,0.969698,58.093829,4873.224090
97.50,75.884629,0.969698,58.093829,4873.224090
97.52,75.884629,0.969698,58.093829,4873.224090
97.54,75.884629,0.969698,58.093829,4873.224090
97.56,75.884629,0.969698,58.093829,4873.224090
97.58,75.884629,0.969698,58.093829,4873.224090
97.60,75.884629,0.969698,58.093829,4873.224090
97.62,75.884629,0.969698,58.093829,4873.224090
97.64,76.008073,0.969698,57.741540,4852.933014
97.66,76.008073,0.969698,57.741540,4852.933014
97.68,76.008073,0.969698,57.741540,4852.933014
97.70,76.008073,0.969698,57.741540,4852.933014
97.72,76.008073,0.969693,57.741540,4852.933014
97.74,76.008073,0.969683,57.741540,4852.933014
97.76,76.008073,0.969671,57.741540,4852.933014
97.78,76.008073,0.969659,57.741540,4852.933014
97.80,76.008073,0.969648,57.741540,4852.933014
97.82,76.008073,0.969638,57.741540,4852.933014
97.84,76.008073,0.969630,57.741540,4852.933014
97.86,76.008073,0.969623,57.741540,4852.933014
97.88,76.008073,0.969617,57.741540,4852.933014
97.90,76.008073,0.969613,57.741540,4852.933014
97.92,76.008073,0.969609,57.741540,4852.933014
97.94,76.008073,0.969605,57.741540,4852.933014
97.96,76.008073,0.969603,57.741540,4852.933014
97.98,76.008073,0.969600,57.741540,4852.933014
98.00,76.008073,0.969599,57.741540,4852.933014
98.02,76.008073,0.969598,57.741540,4852.933014
98.04,76.008073,0.969598,57.741540,4852.933014
98.06,76.008073,0.969598,57.741540,4852.933014
98.08,76.008073,0.969598,57.741540,4852.933014
98.10,76.008073,0.969598,57.741540,4852.933014
98.12,76.008073,0.969598,57.741540,4852.933014
98.14,76.008073,0.969598,57.741540,4852.933014
98.16,76.008073,0.969598,57.741540,4852.933014
98.18,76.008073,0.969598,57.741540,4852.933014
98.20,76.008073,0.969598,57.741540,4852.933014
98.22,76.008073,0.969598,57.741540,4852.933014
98.24,76.008073,0.969598,57.741540,4852.933014
98.26,76.008073,0.969598,57.741540,4852.933014
98.28,76.008073,0.969598,57.741540,4852.933014
98.30,76.008073,0.969598,57.741540,4852.933014
98.32,76.008073,0.969598,57.741540,4852.933014
98.34,76.008073,0.969598,57.741540,4852.933014
98.36,76.008073,0.969598,57.741540,4852.933014
98.38,76.008073,0.969598,57.741540,4852.933014
98.40,76.008073,0.969598,57.741540,4852.933014
98.42,76.131655,0.969598,57.760612,4818.791358
98.44,76.131655,0.969598,57.760612,4818.791358
98.46,76.131655,0.969598,57.760612,4818.791358
98.48,76.131655,0.969598,57.760612,4818.791358
98.50,76.131655,0.969592,57.760612,4818.791358
98.52,76.131655,0.969582,57.760612,4818.791358
98.54,76.131655,0.969569,57.760612,4818.791358
98.56,76.131655,0.969556,57.760612,4818.791358
98.58,76.131655,0.969544,57.760612,4818.791358
98.60,76.131655,0.969533,57.760612,4818.791358
98.62,76.131655,0.969524,57.760612,4818.791358
98.64,76.131655,0.969517,57.760612,4818.791358
98.66,76.131655,0.969510,57.760612,4818.791358
98.68,76.131655,0.969505,57.760612,4818.791358
98.70,76.131655,0.969501,57.760612,4818.791358
98.72,76.131655,0.969497,57.760612,4818.791358
98.74,76.131655,0.969494,57.760612,4818.791358
98.76,76.131655,0.969492,57.760612,4818.791358
98.78,76.131655,0.969490,57.760612,4818.791358
98.80,76.131655,0.969489,57.760612,4818.791358
98.82,76.131655,0.969489,57.760612,4818.791358
98.84,76.131655,0.969489,57.760612,4818.791358
98.86,76.131655,0.969489,57.760612,4818.791358
98.88,76.131655,0.969489,57.760612,4818.791358
98.90,76.131655,0.969489,57.760612,4818.791358
98.92,76.131655,0.969489,57.760612,4818.791358
98.94,76.131655,0.969489,57.760612,4818.791358
98.96,76.131655,0.969489,57.760612,4818.791358
98.98,76.131655,0.969489,57.760612,4818.791358
99.00,76.131655,0.969489,57.760612,4818.791358
99.02,76.131655,0.969489,57.760612,4818.791358
99.04,76.131655,0.969489,57.760612,4818.791358
99.06,76.131655,0.969489,57.760612,4818.791358
99.08,76.131655,0.969489,57.760612,4818.791358
99.10,76.131655,0.969489,57.760612,4818.791358
99.12,76.131655,0.969489,57.760612,4818.791358
99.14,76.131655,0.969489,57.760612,4818.791358
99.16,76.131655,0.969489,57.760612,4818.791358
99.18,76.131655,0.969489,57.760612,4818.791358
99.20,76.255379,0.969489,57.676778,4771.226446
99.22,76.255379,0.969489,57.676778,4771.226446
99.24,76.255379,0.969489,57.676778,4771.226446
99.26,76.255379,0.969489,57.676778,4771.226446
99.28,76.255379,0.969480,57.676778,4771.226446
99.30,76.255379,0.969464,57.676778,4771.226446
99.32,76.255379,0.969444,57.676778,4771.226446
99.34,76.255379,0.969423,57.676778,4771.226446
99.36,76.255379,0.969404,57.676778,4771.226446
99.38,76.255379,0.969388,57.676778,4771.226446
99.40,76.255379,0.969373,57.676778,4771.226446
99.42,76.255379,0.969362,57.676778,4771.226446
99.44,76.255379,0.969352,57.676778,4771.226446
99.46,76.255379,0.969344,57.676778,4771.226446
99.48,76.255379,0.969337,57.676778,4771.226446
99.50,76.255379,0.969331,57.676778,4771.226446
99.52,76.255379,0.969326,57.676778,4771.226446
99.54,76.255379,0.969322,57.676778,4771.226446
99.56,76.255379,0.969319,57.676778,4771.226446
99.58,76.255379,0.969318,57.676778,4771.226446
99.60,76.255379,0.969318,57.676778,4771.226446
99.62,76.255379,0.969318,57.676778,4771.226446
99.64,76.255379,0.969318,57.676778,4771.226446
99.66,76.255379,0.969318,57.676778,4771.226446
99.68,76.255379,0.969318,57.676778,4771.226446
99.70,76.255379,0.969318,57.676778,4771.226446
99.72,76.255379,0.969318,57.676778,4771.226446
99.74,76.255379,0.969318,57.676778,4771.226446
99.76,76.255379,0.969318,57.676778,4771.226446
99.78,76.255379,0.969318,57.676778,4771.226446
99.80,76.255379,0.969318,57.676778,4771.226446
99.82,76.255379,0.969318,57.676778,4771.226446
99.84,76.255379,0.969318,57.676778,4771.226446
99.86,76.255379,0.969318,57.676778,4771.226446
99.88,76.255379,0.969318,57.676778,4771.226446
99.90,76.255379,0.969318,57.676778,4771.226446
99.92,76.255379,0.969318,57.676778,4771.226446
99.94,76.255379,0.969318,57.676778,4771.226446
99.96,76.255379,0.969318,57.676778,4771.226446
99.98,76.379310,0.969318,57.351046,4742.001156
100.00,76.379310,0.969318,57.351046,4742.001156
100.02,76.379310,0.969318,57.351046,4742.001156
100.04,76.379310,0.969318,57.351046,4742.001156
100.06,76.379310,0.969305,57.351046,4742.001156
100.08,76.379310,0.969279,57.351046,4742.001156
100.10,76.379310,0.969248,57.351046,4742.001156
100.12,76.379310,0.969216,57.351046,4742.001156
100.14,76.379310,0.969187,57.351046,4742.001156
100.16,76.379310,0.969161,57.351046,4742.001156
100.18,76.379310,0.969139,57.351046,4742.001156
100.20,76.379310,0.969121,57.351046,4742.001156
100.22,76.379310,0.969106,57.351046,4742.001156
100.24,76.379310,0.969093,57.351046,4742.001156
100.26,76.379310,0.969083,57.351046,4742.001156
100.28,76.379310,0.969074,57.351046,4742.001156
100.30,76.379310,0.969066,57.351046,4742.001156
100.32,76.379310,0.969060,57.351046,4742.001156
100.34,76.379310,0.969055,57.351046,4742.001156
100.36,76.379310,0.969054,57.351046,4742.001156
100.38,76.379310,0.969054,57.351046,4742.001156
100.40,76.379310,0.969054,57.351046,4742.001156
100.42,76.379310,0.969054,57.351046,4742.001156
100.44,76.379310,0.969054,57.351046,4742.001156
100.46,76.379310,0.969054,57.351046,4742.001156
100.48,76.379310,0.969054,57.351046,4742.001156
100.50,76.379310,0.969054,57.351046,4742.001156
100.52,76.379310,0.969054,57.351046,4742.001156
100.54,76.379310,0.969054,57.351046,4742.001156
100.56,76.379310,0.969054,57.351046,4742.001156
100.58,76.379310,0.969054,57.351046,4742.001156
100.60,76.379310,0.969053,57.351046,4742.001156
100.62,76.379310,0.969053,57.351046,4742.001156
100.64,76.379310,0.969053,57.351046,4742.001156
100.66,76.379310,0.969053,57.351046,4742.001156
100.68,76.379310,0.969053,57.351046,4742.001156
100.70,76.379310,0.969053,57.351046,4742.001156
100.72,76.379310,0.969053,57.351046,4742.001156
100.74,76.379310,0.969053,57.351046,4742.001156
100.76,76.503540,0.969053,56.989189,4718.436729
100.78,76.503540,0.969053,56.989189,4718.436729
100.80,76.503540,0.969053,56.989189,4718.436729
100.82,76.503540,0.969053,56.989189,4718.436729
100.84,76.503540,0.969039,56.989189,4718.436729
100.86,76.503540,0.969011,56.989189,4718.436729
100.88,76.503540,0.968976,56.989189,4718.436729
100.90,76.503540,0.968942,56.989189,4718.436729
100.92,76.503540,0.968909,56.989189,4718.436729
100.94,76.503540,0.968881,56.989189,4718.436729
100.96,76.503540,0.968857,56.989189,4718.436729
100.98,76.503540,0.968836,56.989189,4718.436729
101.00,76.503540,0.968820,56.989189,4718.436729
101.02,76.503540,0.968806,56.989189,4718.436729
101.04,76.503540,0.968794,56.989189,4718.436729
101.06,76.503540,0.968784,56.989189,4718.436729
101.08,76.503540,0.968776,56.989189,4718.436729
101.10,76.503540,0.968769,56.989189,4718.436729
101.12,76.503540,0.968764,56.989189,4718.436729
101.14,76.503540,0.968762,56.989189,4718.436729
101.16,76.503540,0.968762,56.989189,4718.436729
101.18,76.503540,0.968762,56.989189,4718.436729
101.20,76.503540,0.968762,56.989189,4718.436729
101.22,76.503540,0.968762,56.989189,4718.436729
101.24,76.503540,0.968762,56.989189,4718.436729
101.26,76.503540,0.968762,56.989189,4718.436729
101.28,76.503540,0.968762,56.989189,4718.436729
101.30,76.503540,0.968762,56.989189,4718.436729
101.32,76.503540,0.968762,56.989189,4718.436729
101.34,76.503540,0.968762,56.989189,4718.436729
101.36,76.503540,0.968762,56.989189,4718.436729
101.38,76.503540,0.968762,56.989189,4718.436729
101.40,76.503540,0.968762,56.989189,4718.436729
101.42,76.503540,0.968762,56.989189,4718.436729
101.44,76.503540,0.968762,56.989189,4718.436729
101.46,76.503540,0.968762,56.989189,4718.436729
101.48,76.503540,0.968762,56.989189,4718.436729
101.50,76.503540,0.968762,56.989189,4718.436729
101.52,76.503540,0.968762,56.989189,4718.436729
101.54,76.628087,0.968762,56.622318,4695.409902
101.56,76.628087,0.968762,56.622318,4695.409902
101.58,76.628087,0.968762,56.622318,4695.409902
101.60,76.628087,0.968762,56.622318,4695.409902
101.62,76.628087,0.968751,56.622318,4695.409902
101.64,76.628087,0.968731,56.622318,4695.409902
101.66,76.628087,0.968707,56.622318,4695.409902
101.68,76.628087,0.968682,56.622318,4695.409902
101.70,76.628087,0.968659,56.622318,4695.409902
101.72,76.628087,0.968638,56.622318,4695.409902
101.74,76.628087,0.968621,56.622318,4695.409902
101.76,76.628087,0.968606,56.622318,4695.409902
101.78,76.628087,0.968594,56.622318,4695.409902
101.80,76.628087,0.968584,56.622318,4695.409902
101.82,76.628087,0.968576,56.622318,4695.409902
101.84,76.628087,0.968569,56.622318,4695.409902
101.86,76.628087,0.968563,56.622318,4695.409902
101.88,76.628087,0.968558,56.622318,4695.409902
101.90,76.628087,0.968554,56.622318,4695.409902
101.92,76.628087,0.968553,56.622318,4695.409902
101.94,76.628087,0.968553,56.622318,4695.409902
101.96,76.628087,0.968553,56.622318,4695.409902
101.98,76.628087,0.968553,56.622318,4695.409902
102.00,76.628087,0.968553,56.622318,4695.409902
102.02,76.628087,0.968553,56.622318,4695.409902
102.04,76.628087,0.968553,56.622318,4695.409902
102.06,76.628087,0.968553,56.622318,4695.409902
102.08,76.628087,0.968553,56.622318,4695.409902
102.10,76.628087,0.968553,56.622318,4695.409902
102.12,76.628087,0.968553,56.622318,4695.409902
102.14,76.628087,0.968553,56.622318,4695.409902
102.16,76.628087,0.968553,56.622318,4695.409902
102.18,76.628087,0.968553,56.622318,4695.409902
102.20,76.628087,0.968553,56.622318,4695.409902
102.22,76.628087,0.968553,56.622318,4695.409902
102.24,76.628087,0.968553,56.622318,4695.409902
102.26,76.628087,0.968553,56.622318,4695.409902
102.28,76.628087,0.968553,56.622318,4695.409902
102.30,76.628087,0.968553,56.622318,4695.409902
102.32,76.752831,0.968553,56.257343,4672.836701
102.34,76.752831,0.968553,56.257343,4672.836701
102.36,76.752831,0.968553,56.257343,4672.836701
102.38,76.752831,0.968553,56.257343,4672.836701
102.40,76.752831,0.968546,56.257343,4672.836701
102.42,76.752831,0.968533,56.257343,4672.836701
102.44,76.752831,0.968517,56.257343,4672.836701
102.46,76.752831,0.968500,56.257343,4672.836701
102.48,76.752831,0.968485,56.257343,4672.836701
102.50,76.752831,0.968472,56.257343,4672.836701
102.52,76.752831,0.968460,56.257343,4672.836701
102.54,76.752831,0.968451,56.257343,4672.836701
102.56,76.752831,0.968443,56.257343,4672.836701
102.58,76.752831,0.968436,56.257343,4672.836701
102.60,76.752831,0.968431,56.257343,4672.836701
102.62,76.752831,0.968426,56.257343,4672.836701
102.64,76.752831,0.968422,56.257343,4672.836701
102.66,76.752831,0.968419,56.257343,4672.836701
102.68,76.752831,0.968416,56.257343,4672.836701
102.70,76.752831,0.968415,56.257343,4672.836701
102.72,76.752831,0.968415,56.257343,4672.836701
102.74,76.752831,0.968415,56.257343,4672.836701
102.76,76.752831,0.968415,56.257343,4672.836701
102.78,76.752831,0.968415,56.257343,4672.836701
102.80,76.752831,0.968415,56.257343,4672.836701
102.82,76.752831,0.968415,56.257343,4672.836701
102.84,76.752831,0.968415,56.257343,4672.836701
102.86,76.752831,0.968415,56.257343,4672.836701
102.88,76.752831,0.968415,56.257343,4672.836701
102.90,76.752831,0.968415,56.257343,4672.836701
102.92,76.752831,0.968415,56.257343,4672.836701
102.94,76.752831,0.968415,56.257343,4672.836701
102.96,76.752831,0.968415,56.257343,4672.836701
102.98,76.752831,0.968415,56.257343,4672.836701
103.00,76.752831,0.968415,56.257343,4672.836701
103.02,76.752831,0.968415,56.257343,4672.836701
103.04,76.752831,0.968415,56.257343,4672.836701
103.06,76.752831,0.968415,56.257343,4672.836701
103.08,76.752831,0.968415,56.257343,4672.836701
103.10,76.877658,0.968415,55.889041,4649.377610
103.12,76.877658,0.968415,55.889041,4649.377610
103.14,76.877658,0.968415,55.889041,4649.377610
103.16,76.877658,0.968415,55.889041,4649.377610
103.18,76.877658,0.968409,55.889041,4649.377610
103.20,76.877658,0.968397,55.889041,4649.377610
103.22,76.877658,0.968383,55.889041,4649.377610
103.24,76.877658,0.968368,55.889041,4649.377610
103.26,76.877658,0.968354,55.889041,4649.377610
103.28,76.877658,0.968342,55.889041,4649.377610
103.30,76.877658,0.968332,55.889041,4649.377610
103.32,76.877658,0.968323,55.889041,4649.377610
103.34,76.877658,0.968316,55.889041,4649.377610
103.36,76.877658,0.968310,55.889041,4649.377610
103.38,76.877658,0.968305,55.889041,4649.377610
103.40,76.877658,0.968301,55.889041,4649.377610
103.42,76.877658,0.968297,55.889041,4649.377610
103.44,76.877658,0.968294,55.889041,4649.377610
103.46,76.877658,0.968292,55.889041,4649.377610
103.48,76.877658,0.968291,55.889041,4649.377610
103.50,76.877658,0.968291,55.889041,4649.377610
103.52,76.877658,0.968291,55.889041,4649.377610
103.54,76.877658,0.968291,55.889041,4649.377610
103.56,76.877658,0.968291,55.889041,4649.377610
103.58,76.877658,0.968291,55.889041,4649.377610
103.60,76.877658,0.968291,55.889041,4649.377610
103.62,76.877658,0.968291,55.889041,4649.377610
103.64,76.877658,0.968291,55.889041,4649.377610
103.66,76.877658,0.968291,55.889041,4649.377610
103.68,76.877658,0.968291,55.889041,4649.377610
103.70,76.877658,0.968291,55.889041,4649.377610
103.72,76.877658,0.968291,55.889041,4649.377610
103.74,76.877658,0.968291,55.889041,4649.377610
103.76,76.877658,0.968291,55.889041,4649.377610
103.78,76.877658,0.968291,55.889041,4649.377610
103.80,76.877658,0.968291,55.889041,4649.377610
103.82,76.877658,0.968291,55.889041,4649.377610
103.84,76.877658,0.968291,55.889041,4649.377610
103.86,76.877658,0.968291,55.889041,4649.377610
103.88,77.002520,0.968291,55.535384,4628.680771
103.90,77.002520,0.968291,55.535384,4628.680771
103.92,77.002520,0.968291,55.535384,4628.680771
103.94,77.002520,0.968291,55.535384,4628.680771
103.96,77.002520,0.968283,55.535384,4628.680771
103.98,77.002520,0.968266,55.535384,4628.680771
104.00,77.002520,0.968247,55.535384,4628.680771
104.02,77.002520,0.968226,55.535384,4628.680771
104.04,77.002520,0.968208,55.535384,4628.680771
104.06,77.002520,0.968191,55.535384,4628.680771
104.08,77.002520,0.968177,55.535384,4628.680771
104.10,77.002520,0.968166,55.535384,4628.680771
104.12,77.002520,0.968156,55.535384,4628.680771
104.14,77.002520,0.968148,55.535384,4628.680771
104.16,77.002520,0.968141,55.535384,4628.680771
104.18,77.002520,0.968135,55.535384,4628.680771
104.20,77.002520,0.968130,55.535384,4628.680771
104.22,77.002520,0.968126,55.535384,4628.680771
104.24,77.002520,0.968123,55.535384,4628.680771
104.26,77.002520,0.968122,55.535384,4628.680771
104.28,77.002520,0.968122,55.535384,4628.680771
104.30,77.002520,0.968122,55.535384,4628.680771
104.32,77.002520,0.968122,55.535384,4628.680771
104.34,77.002520,0.968122,55.535384,4628.680771
104.36,77.002520,0.968122,55.535384,4628.680771
104.38,77.002520,0.968122,55.535384,4628.680771
104.40,77.002520,0.968122,55.535384,4628.680771
104.42,77.002520,0.968122,55.535384,4628.680771
104.44,77.002520,0.968122,55.535384,4628.680771
104.46,77.002520,0.968122,55.535384,4628.680771
104.48,77.002520,0.968122,55.535384,4628.680771
104.50,77.002520,0.968122,55.535384,4628.680771
104.52,77.002520,0.968122,55.535384,4628.680771
104.54,77.002520,0.968122,55.535384,4628.680771
104.56,77.002520,0.968122,55.535384,4628.680771
104.58,77.002520,0.968122,55.535384,4628.680771
104.60,77.002520,0.968122,55.535384,4628.680771
104.62,77.002520,0.968122,55.535384,4628.680771
104.64,77.002520,0.968122,55.535384,4628.680771
104.66,77.127456,0.968122,55.185897,4607.465699
104.68,77.127456,0.968122,55.185897,4607.465699
104.70,77.127456,0.968122,55.185897,4607.465699
104.72,77.127456,0.968122,55.185897,4607.465699
104.74,77.127456,0.968110,55.185897,4607.465699
104.76,77.127456,0.968085,55.185897,4607.465699
104.78,77.127456,0.968055,55.185897,4607.465699
104.80,77.127456,0.968025,55.185897,4607.465699
104.82,77.127456,0.967997,55.185897,4607.465699
104.84,77.127456,0.967972,55.185897,4607.465699
104.86,77.127456,0.967951,55.185897,4607.465699
104.88,77.127456,0.967933,55.185897,4607.465699
104.90,77.127456,0.967919,55.185897,4607.465699
104.92,77.127456,0.967906,55.185897,4607.465699
104.94,77.127456,0.967896,55.185897,4607.465699
104.96,77.127456,0.967888,55.185897,4607.465699
104.98,77.127456,0.967880,55.185897,4607.465699
105.00,77.127456,0.967874,55.185897,4607.465699
105.02,77.127456,0.967870,55.185897,4607.465699
105.04,77.127456,0.967868,55.185897,4607.465699
105.06,77.127456,0.967868,55.185897,4607.465699
105.08,77.127456,0.967868,55.185897,4607.465699
105.10,77.127456,0.967868,55.185897,4607.465699
105.12,77.127456,0.967868,55.185897,4607.465699
105.14,77.127456,0.967868,55.185897,4607.465699
105.16,77.127456,0.967868,55.185897,4607.465699
105.18,77.127456,0.967868,55.185897,4607.465699
105.20,77.127456,0.967868,55.185897,4607.465699
105.22,77.127456,0.967868,55.185897,4607.465699
105.24,77.127456,0.967868,55.185897,4607.465699
105.26,77.127456,0.967868,55.185897,4607.465699
105.28,77.127456,0.967868,55.185897,4607.465699
105.30,77.127456,0.967868,55.185897,4607.465699
105.32,77.127456,0.967868,55.185897,4607.465699
105.34,77.127456,0.967868,55.185897,4607.465699
105.36,77.127456,0.967868,55.185897,4607.465699
105.38,77.127456,0.967868,55.185897,4607.465699
105.40,77.127456,0.967868,55.185897,4607.465699
105.42,77.127456,0.967868,55.185897,4607.465699
105.44,77.252574,0.967868,54.844226,4587.320112
105.46,77.252574,0.967868,54.844226,4587.320112
105.48,77.252574,0.967868,54.844226,4587.320112
105.50,77.252574,0.967868,54.844226,4587.320112
105.52,77.252574,0.967852,54.844226,4587.320112
105.54,77.252574,0.967820,54.844226,4587.320112
105.56,77.252574,0.967782,54.844226,4587.320112
105.58,77.252574,0.967743,54.844226,4587.320112
105.60,77.252574,0.967707,54.844226,4587.320112
105.62,77.252574,0.967675,54.844226,4587.320112
105.64,77.252574,0.967648,54.844226,4587.320112
105.66,77.252574,0.967625,54.844226,4587.320112
105.68,77.252574,0.967606,54.844226,4587.320112
105.70,77.252574,0.967590,54.844226,4587.320112
105.72,77.252574,0.967577,54.844226,4587.320112
105.74,77.252574,0.967566,54.844226,4587.320112
105.76,77.252574,0.967556,54.844226,4587.320112
105.78,77.252574,0.967549,54.844226,4587.320112
105.80,77.252574,0.967543,54.844226,4587.320112
105.82,77.252574,0.967541,54.844226,4587.320112
105.84,77.252574,0.967541,54.844226,4587.320112
105.86,77.252574,0.967541,54.844226,4587.320112
105.88,77.252574,0.967541,54.844226,4587.320112
105.90,77.252574,0.967541,54.844226,4587.320112
105.92,77.252574,0.967541,54.844226,4587.320112
105.94,77.252574,0.967541,54.844226,4587.320112
105.96,77.252574,0.967541,54.844226,4587.320112
105.98,77.252574,0.967541,54.844226,4587.320112
106.00,77.252574,0.967541,54.844226,4587.320112
106.02,77.252574,0.967541,54.844226,4587.320112
106.04,77.252574,0.967541,54.844226,4587.320112
106.06,77.252574,0.967541,54.844226,4587.320112
106.08,77.252574,0.967541,54.844226,4587.320112
106.10,77.252574,0.967541,54.844226,4587.320112
106.12,77.252574,0.967541,54.844226,4587.320112
106.14,77.252574,0.967541,54.844226,4587.320112
106.16,77.252574,0.967541,54.844226,4587.320112
106.18,77.252574,0.967541,54.844226,4587.320112
106.20,77.252574,0.967541,54.844226,4587.320112
106.22,77.377980,0.967541,54.506049,4567.104139
106.24,77.377980,0.967541,54.506049,4567.104139
106.26,77.377980,0.967541,54.506049,4567.104139
106.28,77.377980,0.967541,54.506049,4567.104139
106.30,77.377980,0.967527,54.506049,4567.104139
106.32,77.377980,0.967501,54.506049,4567.104139
106.34,77.377980,0.967469,54.506049,4567.104139
106.36,77.377980,0.967437,54.506049,4567.104139
106.38,77.377980,0.967406,54.506049,4567.104139
106.40,77.377980,0.967380,54.506049,4567.104139
106.42,77.377980,0.967357,54.506049,4567.104139
106.44,77.377980,0.967338,54.506049,4567.104139
106.46,77.377980,0.967322,54.506049,4567.104139
106.48,77.377980,0.967309,54.506049,4567.104139
106.50,77.377980,0.967298,54.506049,4567.104139
106.52,77.377980,0.967289,54.506049,4567.104139
106.54,77.377980,0.967281,54.506049,4567.104139
106.56,77.377980,0.967274,54.506049,4567.104139
106.58,77.377980,0.967269,54.506049,4567.104139
106.60,77.377980,0.967267,54.506049,4567.104139
106.62,77.377980,0.967267,54.506049,4567.104139
106.64,77.377980,0.967267,54.506049,4567.104139
106.66,77.377980,0.967267,54.506049,4567.104139
106.68,77.377980,0.967267,54.506049,4567.104139
106.70,77.377980,0.967267,54.506049,4567.104139
106.72,77.377980,0.967267,54.506049,4567.104139
106.74,77.377980,0.967267,54.506049,4567.104139
106.76,77.377980,0.967267,54.506049,4567.104139
106.78,77.377980,0.967267,54.506049,4567.104139
106.80,77.377980,0.967267,54.506049,4567.104139
106.82,77.377980,0.967267,54.506049,4567.104139
106.84,77.377980,0.967267,54.506049,4567.104139
106.86,77.377980,0.967267,54.506049,4567.104139
106.88,77.377980,0.967267,54.506049,4567.104139
106.90,77.377980,0.967267,54.506049,4567.104139
106.92,77.377980,0.967267,54.506049,4567.104139
106.94,77.377980,0.967267,54.506049,4567.104139
106.96,77.377980,0.967267,54.506049,4567.104139
106.98,77.377980,0.967267,54.506049,4567.104139
107.00,77.503602,0.967267,54.172439,4547.369716
107.02,77.503602,0.967267,54.172439,4547.369716
107.04,77.503602,0.967267,54.172439,4547.369716
107.06,77.503602,0.967267,54.172439,4547.369716
107.08,77.503602,0.967258,54.172439,4547.369716
107.10,77.503602,0.967240,54.172439,4547.369716
107.12,77.503602,0.967219,54.172439,4547.369716
107.14,77.503602,0.967196,54.172439,4547.369716
107.16,77.503602,0.967176,54.172439,4547.369716
107.18,77.503602,0.967158,54.172439,4547.369716
107.20,77.503602,0.967142,54.172439,4547.369716
107.22,77.503602,0.967129,54.172439,4547.369716
107.24,77.503602,0.967118,54.172439,4547.369716
107.26,77.503602,0.967109,54.172439,4547.369716
107.28,77.503602,0.967101,54.172439,4547.369716
107.30,77.503602,0.967095,54.172439,4547.369716
107.32,77.503602,0.967090,54.172439,4547.369716
107.34,77.503602,0.967085,54.172439,4547.369716
107.36,77.503602,0.967082,54.172439,4547.369716
107.38,77.503602,0.967081,54.172439,4547.369716
107.40,77.503602,0.967081,54.172439,4547.369716
107.42,77.503602,0.967081,54.172439,4547.369716
107.44,77.503602,0.967081,54.172439,4547.369716
107.46,77.503602,0.967081,54.172439,4547.369716
107.48,77.503602,0.967081,54.172439,4547.369716
107.50,77.503602,0.967081,54.172439,4547.369716
107.52,77.503602,0.967081,54.172439,4547.369716
107.54,77.503602,0.967081,54.172439,4547.369716
107.56,77.503602,0.967081,54.172439,4547.369716
107.58,77.503602,0.967081,54.172439,4547.369716
107.60,77.503602,0.967081,54.172439,4547.369716
107.62,77.503602,0.967081,54.172439,4547.369716
107.64,77.503602,0.967081,54.172439,4547.369716
107.66,77.503602,0.967081,54.172439,4547.369716
107.68,77.503602,0.967081,54.172439,4547.369716
107.70,77.503602,0.967081,54.172439,4547.369716
107.72,77.503602,0.967081,54.172439,4547.369716
107.74,77.503602,0.967081,54.172439,4547.369716
107.76,77.503602,0.967081,54.172439,4547.369716
107.78,77.629308,0.967081,53.843627,4528.033989
107.80,77.629308,0.967081,53.843627,4528.033989
107.82,77.629308,0.967081,53.843627,4528.033989
107.84,77.629308,0.967081,53.843627,4528.033989
107.86,77.629308,0.967073,53.843627,4528.033989
107.88,77.629308,0.967059,53.843627,4528.033989
107.90,77.629308,0.967042,53.843627,4528.033989
107.92,77.629308,0.967024,53.843627,4528.033989
107.94,77.629308,0.967008,53.843627,4528.033989
107.96,77.629308,0.966993,53.843627,4528.033989
107.98,77.629308,0.966981,53.843627,4528.033989
108.00,77.629308,0.966970,53.843627,4528.033989
108.02,77.629308,0.966962,53.843627,4528.033989
108.04,77.629308,0.966954,53.843627,4528.033989
108.06,77.629308,0.966948,53.843627,4528.033989
108.08,77.629308,0.966943,53.843627,4528.033989
108.10,77.629308,0.966939,53.843627,4528.033989
108.12,77.629308,0.966935,53.843627,4528.033989
108.14,77.629308,0.966933,53.843627,4528.033989
108.16,77.629308,0.966932,53.843627,4528.033989
108.18,77.629308,0.966932,53.843627,4528.033989
108.20,77.629308,0.966932,53.843627,4528.033989
108.22,77.629308,0.966932,53.843627,4528.033989
108.24,77.629308,0.966932,53.843627,4528.033989
108.26,77.629308,0.966932,53.843627,4528.033989
108.28,77.629308,0.966932,53.843627,4528.033989
108.30,77.629308,0.966932,53.843627,4528.033989
108.32,77.629308,0.966932,53.843627,4528.033989
108.34,77.629308,0.966932,53.843627,4528.033989
108.36,77.629308,0.966932,53.843627,4528.033989
108.38,77.629308,0.966932,53.843627,4528.033989
108.40,77.629308,0.966932,53.843627,4528.033989
108.42,77.629308,0.966932,53.843627,4528.033989
108.44,77.629308,0.966932,53.843627,4528.033989
108.46,77.629308,0.966932,53.843627,4528.033989
108.48,77.629308,0.966932,53.843627,4528.033989
108.50,77.629308,0.966932,53.843627,4528.033989
108.52,77.629308,0.966932,53.843627,4528.033989
108.54,77.629308,0.966932,53.843627,4528.033989
108.56,77.755029,0.966932,53.514128,4508.092960
108.58,77.755029,0.966932,53.514128,4508.092960
108.60,77.755029,0.966932,53.514128,4508.092960
108.62,77.755029,0.966932,53.514128,4508.092960
108.64,77.755029,0.966923,53.514128,4508.092960
108.66,77.755029,0.966907,53.514128,4508.092960
108.68,77.755029,0.966886,53.514128,4508.092960
108.70,77.755029,0.966866,53.514128,4508.092960
108.72,77.755029,0.966847,53.514128,4508.092960
108.74,77.755029,0.966830,53.514128,4508.092960
108.76,77.755029,0.966815,53.514128,4508.092960
108.78,77.755029,0.966803,53.514128,4508.092960
108.80,77.755029,0.966793,53.514128,4508.092960
108.82,77.755029,0.966785,53.514128,4508.092960
108.84,77.755029,0.966778,53.514128,4508.092960
108.86,77.755029,0.966772,53.514128,4508.092960
108.88,77.755029,0.966767,53.514128,4508.092960
108.90,77.755029,0.966763,53.514128,4508.092960
108.92,77.755029,0.966759,53.514128,4508.092960
108.94,77.755029,0.966758,53.514128,4508.092960
108.96,77.755029,0.966758,53.514128,4508.092960
108.98,77.755029,0.966758,53.514128,4508.092960
109.00,77.755029,0.966758,53.514128,4508.092960
109.02,77.755029,0.966758,53.514128,4508.092960
109.04,77.755029,0.966758,53.514128,4508.092960
109.06,77.755029,0.966758,53.514128,4508.092960
109.08,77.755029,0.966758,53.514128,4508.092960
109.10,77.755029,0.966758,53.514128,4508.092960
109.12,77.755029,0.966758,53.514128,4508.092960
109.14,77.755029,0.966758,53.514128,4508.092960
109.16,77.755029,0.966758,53.514128,4508.092960
109.18,77.755029,0.966758,53.514128,4508.092960
109.20,77.755029,0.966758,53.514128,4508.092960
109.22,77.755029,0.966758,53.514128,4508.092960
109.24,77.755029,0.966758,53.514128,4508.092960
109.26,77.755029,0.966758,53.514128,4508.092960
109.28,77.755029,0.966758,53.514128,4508.092960
109.30,77.755029,0.966758,53.514128,4508.092960
109.32,77.755029,0.966758,53.514128,4508.092960
109.34,77.880793,0.966758,53.194608,4489.905104
109.36,77.880793,0.966758,53.194608,4489.905104
109.38,77.880793,0.966758,53.194608,4489.905104
109.40,77.880793,0.966758,53.194608,4489.905104
109.42,77.880793,0.966746,53.194608,4489.905104
109.44,77.880793,0.966723,53.194608,4489.905104
109.46,77.880793,0.966694,53.194608,4489.905104
109.48,77.880793,0.966665,53.194608,4489.905104
109.50,77.880793,0.966638,53.194608,4489.905104
109.52,77.880793,0.966614,53.194608,4489.905104
109.54,77.880793,0.966593,53.194608,4489.905104
109.56,77.880793,0.966576,53.194608,4489.905104
109.58,77.880793,0.966561,53.194608,4489.905104
109.60,77.880793,0.966549,53.194608,4489.905104
109.62,77.880793,0.966539,53.194608,4489.905104
109.64,77.880793,0.966531,53.194608,4489.905104
109.66,77.880793,0.966524,53.194608,4489.905104
109.68,77.880793,0.966518,53.194608,4489.905104
109.70,77.880793,0.966514,53.194608,4489.905104
109.72,77.880793,0.966512,53.194608,4489.905104
109.74,77.880793,0.966512,53.194608,4489.905104
109.76,77.880793,0.966512,53.194608,4489.905104
109.78,77.880793,0.966512,53.194608,4489.905104
109.80,77.880793,0.966512,53.194608,4489.905104
109.82,77.880793,0.966512,53.194608,4489.905104
109.84,77.880793,0.966512,53.194608,4489.905104
109.86,77.880793,0.966512,53.194608,4489.905104
109.88,77.880793,0.966512,53.194608,4489.905104
109.90,77.880793,0.966512,53.194608,4489.905104
109.92,77.880793,0.966512,53.194608,4489.905104
109.94,77.880793,0.966512,53.194608,4489.905104
109.96,77.880793,0.966512,53.194608,4489.905104
109.98,77.880793,0.966512,53.194608,4489.905104
110.00,77.880793,0.966512,53.194608,4489.905104
110.02,77.880793,0.966512,53.194608,4489.905104
110.04,77.880793,0.966512,53.194608,4489.905104
110.06,77.880793,0.966512,53.194608,4489.905104
110.08,77.880793,0.966512,53.194608,4489.905104
110.10,77.880793,0.966512,53.194608,4489.905104
110.12,78.006720,0.966512,52.879304,4471.574177
110.14,78.006720,0.966512,52.879304,4471.574177
110.16,78.006720,0.966512,52.879304,4471.574177
110.18,78.006720,0.966512,52.879304,4471.574177
110.20,78.006720,0.966493,52.879304,4471.574177
110.22,78.006720,0.966460,52.879304,4471.574177
110.24,78.006720,0.966419,52.879304,4471.574177
110.26,78.006720,0.966378,52.879304,4471.574177
110.28,78.006720,0.966340,52.879304,4471.574177
110.30,78.006720,0.966307,52.879304,4471.574177
110.32,78.006720,0.966279,52.879304,4471.574177
110.34,78.006720,0.966255,52.879304,4471.574177
110.36,78.006720,0.966236,52.879304,4471.574177
110.38,78.006720,0.966219,52.879304,4471.574177
110.40,78.006720,0.966206,52.879304,4471.574177
110.42,78.006720,0.966194,52.879304,4471.574177
110.44,78.006720,0.966185,52.879304,4471.574177
110.46,78.006720,0.966177,52.879304,4471.574177
110.48,78.006720,0.966172,52.879304,4471.574177
110.50,78.006720,0.966172,52.879304,4471.574177
110.52,78.006720,0.966172,52.879304,4471.574177
110.54,78.006720,0.966172,52.879304,4471.574177
110.56,78.006720,0.966172,52.879304,4471.574177
110.58,78.006720,0.966172,52.879304,4471.574177
110.60,78.006720,0.966172,52.879304,4471.574177
110.62,78.006720,0.966172,52.879304,4471.574177
110.64,78.006720,0.966172,52.879304,4471.574177
110.66,78.006720,0.966172,52.879304,4471.574177
110.68,78.006720,0.966172,52.879304,4471.574177
110.70,78.006720,0.966172,52.879304,4471.574177
110.72,78.006720,0.966172,52.879304,4471.574177
110.74,78.006720,0.966172,52.879304,4471.574177
110.76,78.006720,0.966172,52.879304,4471.574177
110.78,78.006720,0.966172,52.879304,4471.574177
110.80,78.006720,0.966172,52.879304,4471.574177
110.82,78.006720,0.966172,52.879304,4471.574177
110.84,78.006720,0.966172,52.879304,4471.574177
110.86,78.006720,0.966172,52.879304,4471.574177
110.88,78.132874,0.966172,52.849135,4425.769490
110.90,78.132874,0.966172,52.849135,4425.769490
110.92,78.132874,0.966172,52.849135,4425.769490
110.94,78.132874,0.966172,52.849135,4425.769490
110.96,78.132874,0.966155,52.849135,4425.769490
110.98,78.132874,0.966122,52.849135,4425.769490
111.00,78.132874,0.966083,52.849135,4425.769490
111.02,78.132874,0.966043,52.849135,4425.769490
111.04,78.132874,0.966006,52.849135,4425.769490
111.06,78.132874,0.965973,52.849135,4425.769490
111.08,78.132874,0.965945,52.849135,4425.769490
111.10,78.132874,0.965922,52.849135,4425.769490
111.12,78.132874,0.965902,52.849135,4425.769490
111.14,78.132874,0.965886,52.849135,4425.769490
111.16,78.132874,0.965873,52.849135,4425.769490
111.18,78.132874,0.965862,52.849135,4425.769490
111.20,78.132874,0.965852,52.849135,4425.769490
111.22,78.132874,0.965844,52.849135,4425.769490
111.24,78.132874,0.965840,52.849135,4425.769490
111.26,78.132874,0.965840,52.849135,4425.769490
111.28,78.132874,0.965840,52.849135,4425.769490
111.30,78.132874,0.965840,52.849135,4425.769490
111.32,78.132874,0.965840,52.849135,4425.769490
111.34,78.132874,0.965840,52.849135,4425.769490
111.36,78.132874,0.965840,52.849135,4425.769490
111.38,78.132874,0.965840,52.849135,4425.769490
111.40,78.132874,0.965840,52.849135,4425.769490
111.42,78.132874,0.965840,52.849135,4425.769490
111.44,78.132874,0.965839,52.849135,4425.769490
111.46,78.132874,0.965839,52.849135,4425.769490
111.48,78.132874,0.965839,52.849135,4425.769490
111.50,78.132874,0.965839,52.849135,4425.769490
111.52,78.132874,0.965839,52.849135,4425.769490
111.54,78.132874,0.965839,52.849135,4425.769490
111.56,78.132874,0.965839,52.849135,4425.769490
111.58,78.132874,0.965839,52.849135,4425.769490
111.60,78.132874,0.965839,52.849135,4425.769490
111.62,78.132874,0.965839,52.849135,4425.769490
111.64,78.259291,0.965839,52.757170,4385.089643
111.66,78.259291,0.965839,52.757170,4385.089643
111.68,78.259291,0.965839,52.757170,4385.089643
111.70,78.259291,0.965839,52.757170,4385.089643
111.72,78.259291,0.965827,52.757170,4385.089643
111.74,78.259291,0.965803,52.757170,4385.089643
111.76,78.259291,0.965774,52.757170,4385.089643
111.78,78.259291,0.965744,52.757170,4385.089643
111.80,78.259291,0.965717,52.757170,4385.089643
111.82,78.259291,0.965693,52.757170,4385.089643
111.84,78.259291,0.965672,52.757170,4385.089643
111.86,78.259291,0.965655,52.757170,4385.089643
111.88,78.259291,0.965641,52.757170,4385.089643
111.90,78.259291,0.965629,52.757170,4385.089643
111.92,78.259291,0.965619,52.757170,4385.089643
111.94,78.259291,0.965610,52.757170,4385.089643
111.96,78.259291,0.965603,52.757170,4385.089643
111.98,78.259291,0.965598,52.757170,4385.089643
112.00,78.259291,0.965594,52.757170,4385.089643
112.02,78.259291,0.965594,52.757170,4385.089643
112.04,78.259291,0.965594,52.757170,4385.089643
112.06,78.259291,0.965594,52.757170,4385.089643
112.08,78.259291,0.965594,52.757170,4385.089643
112.10,78.259291,0.965594,52.757170,4385.089643
112.12,78.259291,0.965594,52.757170,4385.089643
112.14,78.259291,0.965594,52.757170,4385.089643
112.16,78.259291,0.965594,52.757170,4385.089643
112.18,78.259291,0.965594,52.757170,4385.089643
112.20,78.259291,0.965594,52.757170,4385.089643
112.22,78.259291,0.965594,52.757170,4385.089643
112.24,78.259291,0.965594,52.757170,4385.089643
112.26,78.259291,0.965594,52.757170,4385.089643
112.28,78.259291,0.965594,52.757170,4385.089643
112.30,78.259291,0.965594,52.757170,4385.089643
112.32,78.259291,0.965594,52.757170,4385.089643
112.34,78.259291,0.965594,52.757170,4385.089643
112.36,78.259291,0.965594,52.757170,4385.089643
112.38,78.259291,0.965594,52.757170,4385.089643
112.40,78.385865,0.965594,52.476891,4361.274264
112.42,78.385865,0.965594,52.476891,4361.274264
112.44,78.385865,0.965594,52.476891,4361.274264
112.46,78.385865,0.965594,52.476891,4361.274264
112.48,78.385865,0.965585,52.476891,4361.274264
112.50,78.385865,0.965567,52.476891,4361.274264
112.52,78.385865,0.965545,52.476891,4361.274264
112.54,78.385865,0.965523,52.476891,4361.274264
112.56,78.385865,0.965502,52.476891,4361.274264
112.58,78.385865,0.965484,52.476891,4361.274264
112.60,78.385865,0.965468,52.476891,4361.274264
112.62,78.385865,0.965456,52.476891,4361.274264
112.64,78.385865,0.965445,52.476891,4361.274264
112.66,78.385865,0.965436,52.476891,4361.274264
112.68,78.385865,0.965428,52.476891,4361.274264
112.70,78.385865,0.965422,52.476891,4361.274264
112.72,78.385865,0.965417,52.476891,4361.274264
112.74,78.385865,0.965412,52.476891,4361.274264
112.76,78.385865,0.965410,52.476891,4361.274264
112.78,78.385865,0.965410,52.476891,4361.274264
112.80,78.385865,0.965410,52.476891,4361.274264
112.82,78.385865,0.965410,52.476891,4361.274264
112.84,78.385865,0.965410,52.476891,4361.274264
112.86,78.385865,0.965410,52.476891,4361.274264
112.88,78.385865,0.965410,52.476891,4361.274264
112.90,78.385865,0.965410,52.476891,4361.274264
112.92,78.385865,0.965410,52.476891,4361.274264
112.94,78.385865,0.965410,52.476891,4361.274264
112.96,78.385865,0.965410,52.476891,4361.274264
112.98,78.385865,0.965410,52.476891,4361.274264
113.00,78.385865,0.965410,52.476891,4361.274264
113.02,78.385865,0.965410,52.476891,4361.274264
113.04,78.385865,0.965410,52.476891,4361.274264
113.06,78.385865,0.965410,52.476891,4361.274264
113.08,78.385865,0.965410,52.476891,4361.274264
113.10,78.385865,0.965410,52.476891,4361.274264
113.12,78.385865,0.965410,52.476891,4361.274264
113.14,78.385865,0.965410,52.476891,4361.274264
113.16,78.512498,0.965410,52.149912,4338.487764
113.18,78.512498,0.965410,52.149912,4338.487764
113.20,78.512498,0.965410,52.149912,4338.487764
113.22,78.512498,0.965410,52.149912,4338.487764
113.24,78.512498,0.965400,52.149912,4338.487764
113.26,78.512498,0.965383,52.149912,4338.487764
113.28,78.512498,0.965361,52.149912,4338.487764
113.30,78.512498,0.965340,52.149912,4338.487764
113.32,78.512498,0.965319,52.149912,4338.487764
113.34,78.512498,0.965301,52.149912,4338.487764
113.36,78.512498,0.965286,52.149912,4338.487764
113.38,78.512498,0.965273,52.149912,4338.487764
113.40,78.512498,0.965263,52.149912,4338.487764
113.42,78.512498,0.965254,52.149912,4338.487764
113.44,78.512498,0.965247,52.149912,4338.487764
113.46,78.512498,0.965240,52.149912,4338.487764
113.48,78.512498,0.965235,52.149912,4338.487764
113.50,78.512498,0.965231,52.149912,4338.487764
113.52,78.512498,0.965228,52.149912,4338.487764
113.54,78.512498,0.965228,52.149912,4338.487764
113.56,78.512498,0.965228,52.149912,4338.487764
113.58,78.512498,0.965228,52.149912,4338.487764
113.60,78.512498,0.965228,52.149912,4338.487764
113.62,78.512498,0.965228,52.149912,4338.487764
113.64,78.512498,0.965228,52.149912,4338.487764
113.66,78.512498,0.965228,52.149912,4338.487764
113.68,78.512498,0.965228,52.149912,4338.487764
113.70,78.512498,0.965228,52.149912,4338.487764
113.72,78.512498,0.965228,52.149912,4338.487764
113.74,78.512498,0.965228,52.149912,4338.487764
113.76,78.512498,0.965228,52.149912,4338.487764
113.78,78.512498,0.965228,52.149912,4338.487764
113.80,78.512498,0.965228,52.149912,4338.487764
113.82,78.512498,0.965228,52.149912,4338.487764
113.84,78.512498,0.965228,52.149912,4338.487764
113.86,78.512498,0.965228,52.149912,4338.487764
113.88,78.512498,0.965228,52.149912,4338.487764
113.90,78.512498,0.965228,52.149912,4338.487764
113.92,78.639188,0.965228,51.847022,4322.678422
113.94,78.639188,0.965228,51.847022,4322.678422
113.96,78.639188,0.965228,51.847022,4322.678422
113.98,78.639188,0.965228,51.847022,4322.678422
114.00,78.639188,0.965217,51.847022,4322.678422
114.02,78.639188,0.965194,51.847022,4322.678422
114.04,78.639188,0.965166,51.847022,4322.678422
114.06,78.639188,0.965138,51.847022,4322.678422
114.08,78.639188,0.965112,51.847022,4322.678422
114.10,78.639188,0.965090,51.847022,4322.678422
114.12,78.639188,0.965070,51.847022,4322.678422
114.14,78.639188,0.965054,51.847022,4322.678422
114.16,78.639188,0.965040,51.847022,4322.678422
114.18,78.639188,0.965029,51.847022,4322.678422
114.20,78.639188,0.965019,51.847022,4322.678422
114.22,78.639188,0.965011,51.847022,4322.678422
114.24,78.639188,0.965005,51.847022,4322.678422
114.26,78.639188,0.964999,51.847022,4322.678422
114.28,78.639188,0.964996,51.847022,4322.678422
114.30,78.639188,0.964996,51.847022,4322.678422
114.32,78.639188,0.964996,51.847022,4322.678422
114.34,78.639188,0.964996,51.847022,4322.678422
114.36,78.639188,0.964996,51.847022,4322.678422
114.38,78.639188,0.964996,51.847022,4322.678422
114.40,78.639188,0.964996,51.847022,4322.678422
114.42,78.639188,0.964996,51.847022,4322.678422
114.44,78.639188,0.964996,51.847022,4322.678422
114.46,78.639188,0.964996,51.847022,4322.678422
114.48,78.639188,0.964996,51.847022,4322.678422
114.50,78.639188,0.964996,51.847022,4322.678422
114.52,78.639188,0.964996,51.847022,4322.678422
114.54,78.639188,0.964996,51.847022,4322.678422
114.56,78.639188,0.964996,51.847022,4322.678422
114.58,78.639188,0.964996,51.847022,4322.678422
114.60,78.639188,0.964996,51.847022,4322.678422
114.62,78.639188,0.964996,51.847022,4322.678422
114.64,78.639188,0.964996,51.847022,4322.678422
114.66,78.639188,0.964996,51.847022,4322.678422
114.68,78.766042,0.964996,51.539246,4303.706206
114.70,78.766042,0.964996,51.539246,4303.706206
114.72,78.766042,0.964996,51.539246,4303.706206
114.74,78.766042,0.964996,51.539246,4303.706206
114.76,78.766042,0.964979,51.539246,4303.706206
114.78,78.766042,0.964948,51.539246,4303.706206
114.80,78.766042,0.964910,51.539246,4303.706206
114.82,78.766042,0.964872,51.539246,4303.706206
114.84,78.766042,0.964836,51.539246,4303.706206
114.86,78.766042,0.964804,51.539246,4303.706206
114.88,78.766042,0.964777,51.539246,4303.706206
114.90,78.766042,0.964754,51.539246,4303.706206
114.92,78.766042,0.964736,51.539246,4303.706206
114.94,78.766042,0.964720,51.539246,4303.706206
114.96,78.766042,0.964707,51.539246,4303.706206
114.98,78.766042,0.964696,51.539246,4303.706206
115.00,78.766042,0.964686,51.539246,4303.706206
115.02,78.766042,0.964679,51.539246,4303.706206
115.04,78.766042,0.964674,51.539246,4303.706206
115.06,78.766042,0.964674,51.539246,4303.706206
115.08,78.766042,0.964674,51.539246,4303.706206
115.10,78.766042,0.964674,51.539246,4303.706206
115.12,78.766042,0.964674,51.539246,4303.706206
115.14,78.766042,0.964674,51.539246,4303.706206
115.16,78.766042,0.964674,51.539246,4303.706206
115.18,78.766042,0.964674,51.539246,4303.706206
115.20,78.766042,0.964674,51.539246,4303.706206
115.22,78.766042,0.964674,51.539246,4303.706206
115.24,78.766042,0.964674,51.539246,4303.706206
115.26,78.766042,0.964674,51.539246,4303.706206
115.28,78.766042,0.964674,51.539246,4303.706206
115.30,78.766042,0.964674,51.539246,4303.706206
115.32,78.766042,0.964674,51.539246,4303.706206
115.34,78.766042,0.964674,51.539246,4303.706206
115.36,78.766042,0.964674,51.539246,4303.706206
115.38,78.766042,0.964674,51.539246,4303.706206
115.40,78.766042,0.964674,51.539246,4303.706206
115.42,78.766042,0.964674,51.539246,4303.706206
115.44,78.893264,0.964674,51.233951,4285.691541
115.46,78.893264,0.964674,51.233951,4285.691541
115.48,78.893264,0.964674,51.233951,4285.691541
115.50,78.893264,0.964674,51.233951,4285.691541
115.52,78.893264,0.964655,51.233951,4285.691541
115.54,78.893264,0.964617,51.233951,4285.691541
115.56,78.893264,0.964571,51.233951,4285.691541
115.58,78.893264,0.964525,51.233951,4285.691541
115.60,78.893264,0.964481,51.233951,4285.691541
115.62,78.893264,0.964443,51.233951,4285.691541
115.64,78.893264,0.964410,51.233951,4285.691541
115.66,78.893264,0.964383,51.233951,4285.691541
115.68,78.893264,0.964360,51.233951,4285.691541
115.70,78.893264,0.964341,51.233951,4285.691541
115.72,78.893264,0.964326,51.233951,4285.691541
115.74,78.893264,0.964312,51.233951,4285.691541
115.76,78.893264,0.964301,51.233951,4285.691541
115.78,78.893264,0.964292,51.233951,4285.691541
115.80,78.893264,0.964286,51.233951,4285.691541
115.82,78.893264,0.964286,51.233951,4285.691541
115.84,78.893264,0.964286,51.233951,4285.691541
115.86,78.893264,0.964286,51.233951,4285.691541
115.88,78.893264,0.964286,51.233951,4285.691541
115.90,78.893264,0.964286,51.233951,4285.691541
115.92,78.893264,0.964286,51.233951,4285.691541
115.94,78.893264,0.964286,51.233951,4285.691541
115.96,78.893264,0.964286,51.233951,4285.691541
115.98,78.893264,0.964286,51.233951,4285.691541
116.00,78.893264,0.964286,51.233951,4285.691541
116.02,78.893264,0.964286,51.233951,4285.691541
116.04,78.893264,0.964286,51.233951,4285.691541
116.06,78.893264,0.964286,51.233951,4285.691541
116.08,78.893264,0.964286,51.233951,4285.691541
116.10,78.893264,0.964286,51.233951,4285.691541
116.12,78.893264,0.964286,51.233951,4285.691541
116.14,78.893264,0.964286,51.233951,4285.691541
116.16,78.893264,0.964286,51.233951,4285.691541
116.18,78.893264,0.964286,51.233951,4285.691541
116.20,79.021037,0.964286,50.929146,4267.419799
116.22,79.021037,0.964286,50.929146,4267.419799
116.24,79.021037,0.964286,50.929146,4267.419799
116.26,79.021037,0.964286,50.929146,4267.419799
116.28,79.021037,0.964270,50.929146,4267.419799
116.30,79.021037,0.964238,50.929146,4267.419799
116.32,79.021037,0.964200,50.929146,4267.419799
116.34,79.021037,0.964161,50.929146,4267.419799
116.36,79.021037,0.964125,50.929146,4267.419799
116.38,79.021037,0.964092,50.929146,4267.419799
116.40,79.021037,0.964065,50.929146,4267.419799
116.42,79.021037,0.964042,50.929146,4267.419799
116.44,79.021037,0.964023,50.929146,4267.419799
116.46,79.021037,0.964007,50.929146,4267.419799
116.48,79.021037,0.963994,50.929146,4267.419799
116.50,79.021037,0.963983,50.929146,4267.419799
116.52,79.021037,0.963973,50.929146,4267.419799
116.54,79.021037,0.963966,50.929146,4267.419799
116.56,79.021037,0.963961,50.929146,4267.419799
116.58,79.021037,0.963961,50.929146,4267.419799
116.60,79.021037,0.963961,50.929146,4267.419799
116.62,79.021037,0.963961,50.929146,4267.419799
116.64,79.021037,0.963961,50.929146,4267.419799
116.66,79.021037,0.963961,50.929146,4267.419799
116.68,79.021037,0.963961,50.929146,4267.419799
116.70,79.021037,0.963961,50.929146,4267.419799
116.72,79.021037,0.963961,50.929146,4267.419799
116.74,79.021037,0.963961,50.929146,4267.419799
116.76,79.021037,0.963961,50.929146,4267.419799
116.78,79.021037,0.963961,50.929146,4267.419799
116.80,79.021037,0.963961,50.929146,4267.419799
116.82,79.021037,0.963961,50.929146,4267.419799
116.84,79.021037,0.963961,50.929146,4267.419799
116.86,79.021037,0.963961,50.929146,4267.419799
116.88,79.021037,0.963961,50.929146,4267.419799
116.90,79.021037,0.963961,50.929146,4267.419799
116.92,79.021037,0.963961,50.929146,4267.419799
116.94,79.021037,0.963961,50.929146,4267.419799
116.96,79.149276,0.963961,50.626997,4249.524251
116.98,79.149276,0.963961,50.626997,4249.524251
117.00,79.149276,0.963961,50.626997,4249.524251
117.02,79.149276,0.963961,50.626997,4249.524251
117.04,79.149276,0.963949,50.626997,4249.524251
117.06,79.149276,0.963926,50.626997,4249.524251
117.08,79.149276,0.963898,50.626997,4249.524251
117.10,79.149276,0.963870,50.626997,4249.524251
117.12,79.149276,0.963843,50.626997,4249.524251
117.14,79.149276,0.963820,50.626997,4249.524251
117.16,79.149276,0.963800,50.626997,4249.524251
117.18,79.149276,0.963784,50.626997,4249.524251
117.20,79.149276,0.963770,50.626997,4249.524251
117.22,79.149276,0.963758,50.626997,4249.524251
117.24,79.149276,0.963748,50.626997,4249.524251
117.26,79.149276,0.963740,50.626997,4249.524251
117.28,79.149276,0.963733,50.626997,4249.524251
117.30,79.149276,0.963728,50.626997,4249.524251
117.32,79.149276,0.963724,50.626997,4249.524251
117.34,79.149276,0.963724,50.626997,4249.524251
117.36,79.149276,0.963724,50.626997,4249.524251
117.38,79.149276,0.963724,50.626997,4249.524251
117.40,79.149276,0.963724,50.626997,4249.524251
117.42,79.149276,0.963724,50.626997,4249.524251
117.44,79.149276,0.963724,50.626997,4249.524251
117.46,79.149276,0.963724,50.626997,4249.524251
117.48,79.149276,0.963724,50.626997,4249.524251
117.50,79.149276,0.963724,50.626997,4249.524251
117.52,79.149276,0.963724,50.626997,4249.524251
117.54,79.149276,0.963724,50.626997,4249.524251
117.56,79.149276,0.963724,50.626997,4249.524251
117.58,79.149276,0.963724,50.626997,4249.524251
117.60,79.149276,0.963724,50.626997,4249.524251
117.62,79.149276,0.963724,50.626997,4249.524251
117.64,79.149276,0.963724,50.626997,4249.524251
117.66,79.149276,0.963724,50.626997,4249.524251
117.68,79.149276,0.963724,50.626997,4249.524251
117.70,79.149276,0.963724,50.626997,4249.524251
117.72,79.277815,0.963724,50.328235,4231.933450
117.74,79.277815,0.963724,50.328235,4231.933450
117.76,79.277815,0.963724,50.328235,4231.933450
117.78,79.277815,0.963724,50.328235,4231.933450
117.80,79.277815,0.963715,50.328235,4231.933450
117.82,79.277815,0.963696,50.328235,4231.933450
117.84,79.277815,0.963672,50.328235,4231.933450
117.86,79.277815,0.963649,50.328235,4231.933450
117.88,79.277815,0.963627,50.328235,4231.933450
117.90,79.277815,0.963608,50.328235,4231.933450
117.92,79.277815,0.963591,50.328235,4231.933450
117.94,79.277815,0.963577,50.328235,4231.933450
117.96,79.277815,0.963566,50.328235,4231.933450
117.98,79.277815,0.963556,50.328235,4231.933450
118.00,79.277815,0.963548,50.328235,4231.933450
118.02,79.277815,0.963541,50.328235,4231.933450
118.04,79.277815,0.963535,50.328235,4231.933450
118.06,79.277815,0.963531,50.328235,4231.933450
118.08,79.277815,0.963528,50.328235,4231.933450
118.10,79.277815,0.963528,50.328235,4231.933450
118.12,79.277815,0.963528,50.328235,4231.933450
118.14,79.277815,0.963528,50.328235,4231.933450
118.16,79.277815,0.963528,50.328235,4231.933450
118.18,79.277815,0.963528,50.328235,4231.933450
118.20,79.277815,0.963528,50.328235,4231.933450
118.22,79.277815,0.963528,50.328235,4231.933450
118.24,79.277815,0.963528,50.328235,4231.933450
118.26,79.277815,0.963528,50.328235,4231.933450
118.28,79.277815,0.963528,50.328235,4231.933450
118.30,79.277815,0.963528,50.328235,4231.933450
118.32,79.277815,0.963528,50.328235,4231.933450
118.34,79.277815,0.963528,50.328235,4231.933450
118.36,79.277815,0.963528,50.328235,4231.933450
118.38,79.277815,0.963528,50.328235,4231.933450
118.40,79.277815,0.963528,50.328235,4231.933450
118.42,79.277815,0.963528,50.328235,4231.933450
118.44,79.277815,0.963528,50.328235,4231.933450
118.46,79.277815,0.963528,50.328235,4231.933450
118.48,79.406576,0.963528,50.027776,4213.669502
118.50,79.406576,0.963528,50.027776,4213.669502
118.52,79.406576,0.963528,50.027776,4213.669502
118.54,79.406576,0.963528,50.027776,4213.669502
118.56,79.406576,0.963517,50.027776,4213.669502
118.58,79.406576,0.963496,50.027776,4213.669502
118.60,79.406576,0.963470,50.027776,4213.669502
118.62,79.406576,0.963444,50.027776,4213.669502
118.64,79.406576,0.963419,50.027776,4213.669502
118.66,79.406576,0.963398,50.027776,4213.669502
118.68,79.406576,0.963379,50.027776,4213.669502
118.70,79.406576,0.963364,50.027776,4213.669502
118.72,79.406576,0.963351,50.027776,4213.669502
118.74,79.406576,0.963340,50.027776,4213.669502
118.76,79.406576,0.963331,50.027776,4213.669502
118.78,79.406576,0.963323,50.027776,4213.669502
118.80,79.406576,0.963317,50.027776,4213.669502
118.82,79.406576,0.963312,50.027776,4213.669502
118.84,79.406576,0.963309,50.027776,4213.669502
118.86,79.406576,0.963309,50.027776,4213.669502
118.88,79.406576,0.963309,50.027776,4213.669502
118.90,79.406576,0.963309,50.027776,4213.669502
118.92,79.406576,0.963309,50.027776,4213.669502
118.94,79.406576,0.963309,50.027776,4213.669502
118.96,79.406576,0.963309,50.027776,4213.669502
118.98,79.406576,0.963309,50.027776,4213.669502
119.00,79.406576,0.963309,50.027776,4213.669502
119.02,79.406576,0.963309,50.027776,4213.669502
119.04,79.406576,0.963309,50.027776,4213.669502
119.06,79.406576,0.963309,50.027776,4213.669502
119.08,79.406576,0.963309,50.027776,4213.669502
119.10,79.406576,0.963309,50.027776,4213.669502
119.12,79.406576,0.963309,50.027776,4213.669502
119.14,79.406576,0.963309,50.027776,4213.669502
119.16,79.406576,0.963309,50.027776,4213.669502
119.18,79.406576,0.963309,50.027776,4213.669502
119.20,79.406576,0.963309,50.027776,4213.669502
119.22,79.406576,0.963309,50.027776,4213.669502
119.24,79.535627,0.963309,49.736508,4197.148478
119.26,79.535627,0.963309,49.736508,4197.148478
119.28,79.535627,0.963309,49.736508,4197.148478
119.30,79.535627,0.963309,49.736508,4197.148478
119.32,79.535627,0.963294,49.736508,4197.148478
119.34,79.535627,0.963266,49.736508,4197.148478
119.36,79.535627,0.963232,49.736508,4197.148478
119.38,79.535627,0.963197,49.736508,4197.148478
119.40,79.535627,0.963165,49.736508,4197.148478
119.42,79.535627,0.963136,49.736508,4197.148478
119.44,79.535627,0.963111,49.736508,4197.148478
119.46,79.535627,0.963091,49.736508,4197.148478
119.48,79.535627,0.963073,49.736508,4197.148478
119.50,79.535627,0.963059,49.736508,4197.148478
119.52,79.535627,0.963047,49.736508,4197.148478
119.54,79.535627,0.963037,49.736508,4197.148478
119.56,79.535627,0.963029,49.736508,4197.148478
119.58,79.535627,0.963022,49.736508,4197.148478
119.60,79.535627,0.963017,49.736508,4197.148478
119.62,79.535627,0.963017,49.736508,4197.148478
119.64,79.535627,0.963017,49.736508,4197.148478
119.66,79.535627,0.963017,49.736508,4197.148478
119.68,79.535627,0.963017,49.736508,4197.148478
119.70,79.535627,0.963017,49.736508,4197.148478
119.72,79.535627,0.963017,49.736508,4197.148478
119.74,79.535627,0.963017,49.736508,4197.148478
119.76,79.535627,0.963017,49.736508,4197.148478
119.78,79.535627,0.963017,49.736508,4197.148478
119.80,79.535627,0.963017,49.736508,4197.148478
119.82,79.535627,0.963017,49.736508,4197.148478
119.84,79.535627,0.963017,49.736508,4197.148478
119.86,79.535627,0.963017,49.736508,4197.148478
119.88,79.535627,0.963017,49.736508,4197.148478
119.90,79.535627,0.963017,49.736508,4197.148478
119.92,79.535627,0.963017,49.736508,4197.148478
119.94,79.535627,0.963017,49.736508,4197.148478
119.96,79.535627,0.963017,49.736508,4197.148478
119.98,79.535627,0.963017,49.736508,4197.148478
120.00,79.665171,0.963017,49.448733,4180.423480
120.02,79.665171,0.963017,49.448733,4180.423480
120.04,79.665171,0.963017,49.448733,4180.423480
120.06,79.665171,0.963017,49.448733,4180.423480
120.08,79.665171,0.962998,49.448733,4180.423480
120.10,79.665171,0.962961,49.448733,4180.423480
120.12,79.665171,0.962915,49.448733,4180.423480
120.14,79.665171,0.962868,49.448733,4180.423480
120.16,79.665171,0.962825,49.448733,4180.423480
120.18,79.665171,0.962786,49.448733,4180.423480
120.20,79.665171,0.962753,49.448733,4180.423480
120.22,79.665171,0.962726,49.448733,4180.423480
120.24,79.665171,0.962703,49.448733,4180.423480
120.26,79.665171,0.962683,49.448733,4180.423480
120.28,79.665171,0.962667,49.448733,4180.423480
120.30,79.665171,0.962654,49.448733,4180.423480
120.32,79.665171,0.962643,49.448733,4180.423480
120.34,79.665171,0.962633,49.448733,4180.423480
120.36,79.665171,0.962627,49.448733,4180.423480
120.38,79.665171,0.962627,49.448733,4180.423480
120.40,79.665171,0.962627,49.448733,4180.423480
120.42,79.665171,0.962627,49.448733,4180.423480
120.44,79.665171,0.962627,49.448733,4180.423480
120.46,79.665171,0.962627,49.448733,4180.423480
120.48,79.665171,0.962627,49.448733,4180.423480
120.50,79.665171,0.962627,49.448733,4180.423480
120.52,79.665171,0.962627,49.448733,4180.423480
120.54,79.665171,0.962627,49.448733,4180.423480
120.56,79.665171,0.962627,49.448733,4180.423480
120.58,79.665171,0.962627,49.448733,4180.423480
120.60,79.665171,0.962627,49.448733,4180.423480
120.62,79.665171,0.962627,49.448733,4180.423480
120.64,79.665171,0.962627,49.448733,4180.423480
120.66,79.665171,0.962627,49.448733,4180.423480
120.68,79.665171,0.962627,49.448733,4180.423480
120.70,79.665171,0.962627,49.448733,4180.423480
120.72,79.665171,0.962627,49.448733,4180.423480
120.74,79.665171,0.962627,49.448733,4180.423480
120.76,79.795519,0.962627,49.166857,4164.499467
120.78,79.795519,0.962627,49.166857,4164.499467
120.80,79.795519,0.962627,49.166857,4164.499467
120.82,79.795519,0.962627,49.166857,4164.499467
120.84,79.795519,0.962608,49.166857,4164.499467
120.86,79.795519,0.962570,49.166857,4164.499467
120.88,79.795519,0.962523,49.166857,4164.499467
120.90,79.795519,0.962475,49.166857,4164.499467
120.92,79.795519,0.962431,49.166857,4164.499467
120.94,79.795519,0.962391,49.166857,4164.499467
120.96,79.795519,0.962358,49.166857,4164.499467
120.98,79.795519,0.962330,49.166857,4164.499467
121.00,79.795519,0.962306,49.166857,4164.499467
121.02,79.795519,0.962286,49.166857,4164.499467
121.04,79.795519,0.962270,49.166857,4164.499467
121.06,79.795519,0.962256,49.166857,4164.499467
121.08,79.795519,0.962245,49.166857,4164.499467
121.10,79.795519,0.962235,49.166857,4164.499467
121.12,79.795519,0.962229,49.166857,4164.499467
121.14,79.795519,0.962229,49.166857,4164.499467
121.16,79.795519,0.962229,49.166857,4164.499467
121.18,79.795519,0.962229,49.166857,4164.499467
121.20,79.795519,0.962229,49.166857,4164.499467
121.22,79.795519,0.962229,49.166857,4164.499467
121.24,79.795519,0.962229,49.166857,4164.499467
121.26,79.795519,0.962229,49.166857,4164.499467
121.28,79.795519,0.962229,49.166857,4164.499467
121.30,79.795519,0.962229,49.166857,4164.499467
121.32,79.795519,0.962229,49.166857,4164.499467
121.34,79.795519,0.962229,49.166857,4164.499467
121.36,79.795519,0.962229,49.166857,4164.499467
121.38,79.795519,0.962229,49.166857,4164.499467
121.40,79.795519,0.962229,49.166857,4164.499467
121.42,79.795519,0.962229,49.166857,4164.499467
121.44,79.795519,0.962229,49.166857,4164.499467
121.46,79.795519,0.962229,49.166857,4164.499467
121.48,79.795519,0.962229,49.166857,4164.499467
121.50,79.795519,0.962229,49.166857,4164.499467
121.52,79.926767,0.962229,48.886124,4148.253058
121.54,79.926767,0.962229,48.886124,4148.253058
121.56,79.926767,0.962229,48.886124,4148.253058
121.58,79.926767,0.962229,48.886124,4148.253058
121.60,79.926767,0.962214,48.886124,4148.253058
121.62,79.926767,0.962185,48.886124,4148.253058
121.64,79.926767,0.962149,48.886124,4148.253058
121.66,79.926767,0.962113,48.886124,4148.253058
121.68,79.926767,0.962079,48.886124,4148.253058
121.70,79.926767,0.962049,48.886124,4148.253058
121.72,79.926767,0.962023,48.886124,4148.253058
121.74,79.926767,0.962001,48.886124,4148.253058
121.76,79.926767,0.961983,48.886124,4148.253058
121.78,79.926767,0.961968,48.886124,4148.253058
121.80,79.926767,0.961955,48.886124,4148.253058
121.82,79.926767,0.961945,48.886124,4148.253058
121.84,79.926767,0.961936,48.886124,4148.253058
121.86,79.926767,0.961929,48.886124,4148.253058
121.88,79.926767,0.961924,48.886124,4148.253058
121.90,79.926767,0.961924,48.886124,4148.253058
121.92,79.926767,0.961924,48.886124,4148.253058
121.94,79.926767,0.961924,48.886124,4148.253058
121.96,79.926767,0.961924,48.886124,4148.253058
121.98,79.926767,0.961924,48.886124,4148.253058
122.00,79.926767,0.961924,48.886124,4148.253058
122.02,79.926767,0.961924,48.886124,4148.253058
122.04,79.926767,0.961924,48.886124,4148.253058
122.06,79.926767,0.961924,48.886124,4148.253058
122.08,79.926767,0.961924,48.886124,4148.253058
122.10,79.926767,0.961924,48.886124,4148.253058
122.12,79.926767,0.961924,48.886124,4148.253058
122.14,79.926767,0.961924,48.886124,4148.253058
122.16,79.926767,0.961924,48.886124,4148.253058
122.18,79.926767,0.961924,48.886124,4148.253058
122.20,79.926767,0.961924,48.886124,4148.253058
122.22,79.926767,0.961924,48.886124,4148.253058
122.24,79.926767,0.961924,48.886124,4148.253058
122.26,79.926767,0.961924,48.886124,4148.253058
122.28,80.058740,0.961924,48.607711,4132.297974
122.30,80.058740,0.961924,48.607711,4132.297974
122.32,80.058740,0.961924,48.607711,4132.297974
122.34,80.058740,0.961924,48.607711,4132.297974
122.36,80.058740,0.961912,48.607711,4132.297974
122.38,80.058740,0.961888,48.607711,4132.297974
122.40,80.058740,0.961861,48.607711,4132.297974
122.42,80.058740,0.961833,48.607711,4132.297974
122.44,80.058740,0.961807,48.607711,4132.297974
122.46,80.058740,0.961784,48.607711,4132.297974
122.48,80.058740,0.961765,48.607711,4132.297974
122.50,80.058740,0.961748,48.607711,4132.297974
122.52,80.058740,0.961735,48.607711,4132.297974
122.54,80.058740,0.961724,48.607711,4132.297974
122.56,80.058740,0.961714,48.607711,4132.297974
122.58,80.058740,0.961706,48.607711,4132.297974
122.60,80.058740,0.961700,48.607711,4132.297974
122.62,80.058740,0.961695,48.607711,4132.297974
122.64,80.058740,0.961693,48.607711,4132.297974
122.66,80.058740,0.961693,48.607711,4132.297974
122.68,80.058740,0.961693,48.607711,4132.297974
122.70,80.058740,0.961693,48.607711,4132.297974
122.72,80.058740,0.961693,48.607711,4132.297974
122.74,80.058740,0.961693,48.607711,4132.297974
122.76,80.058740,0.961693,48.607711,4132.297974
122.78,80.058740,0.961693,48.607711,4132.297974
122.80,80.058740,0.961693,48.607711,4132.297974
122.82,80.058740,0.961693,48.607711,4132.297974
122.84,80.058740,0.961693,48.607711,4132.297974
122.86,80.058740,0.961693,48.607711,4132.297974
122.88,80.058740,0.961693,48.607711,4132.297974
122.90,80.058740,0.961693,48.607711,4132.297974
122.92,80.058740,0.961693,48.607711,4132.297974
122.94,80.058740,0.961693,48.607711,4132.297974
122.96,80.058740,0.961693,48.607711,4132.297974
122.98,80.058740,0.961693,48.607711,4132.297974
123.00,80.058740,0.961693,48.607711,4132.297974
123.02,80.191174,0.961693,48.660481,4107.878550
123.04,80.191174,0.961693,48.660481,4107.878550
123.06,80.191174,0.961693,48.660481,4107.878550
123.08,80.191174,0.961693,48.660481,4107.878550
123.10,80.191174,0.961681,48.660481,4107.878550
123.12,80.191174,0.961660,48.660481,4107.878550
123.14,80.191174,0.961634,48.660481,4107.878550
123.16,80.191174,0.961608,48.660481,4107.878550
123.18,80.191174,0.961584,48.660481,4107.878550
123.20,80.191174,0.961562,48.660481,4107.878550
123.22,80.191174,0.961544,48.660481,4107.878550
123.24,80.191174,0.961529,48.660481,4107.878550
123.26,80.191174,0.961516,48.660481,4107.878550
123.28,80.191174,0.961505,48.660481,4107.878550
123.30,80.191174,0.961496,48.660481,4107.878550
123.32,80.191174,0.961489,48.660481,4107.878550
123.34,80.191174,0.961483,48.660481,4107.878550
123.36,80.191174,0.961478,48.660481,4107.878550
123.38,80.191174,0.961476,48.660481,4107.878550
123.40,80.191174,0.961476,48.660481,4107.878550
123.42,80.191174,0.961476,48.660481,4107.878550
123.44,80.191174,0.961476,48.660481,4107.878550
123.46,80.191174,0.961476,48.660481,4107.878550
123.48,80.191174,0.961476,48.660481,4107.878550
123.50,80.191174,0.961476,48.660481,4107.878550
123.52,80.191174,0.961476,48.660481,4107.878550
123.54,80.191174,0.961476,48.660481,4107.878550
123.56,80.191174,0.961476,48.660481,4107.878550
123.58,80.191174,0.961476,48.660481,4107.878550
123.60,80.191174,0.961476,48.660481,4107.878550
123.62,80.191174,0.961476,48.660481,4107.878550
123.64,80.191174,0.961476,48.660481,4107.878550
123.66,80.191174,0.961476,48.660481,4107.878550
123.68,80.191174,0.961476,48.660481,4107.878550
123.70,80.191174,0.961476,48.660481,4107.878550
123.72,80.191174,0.961476,48.660481,4107.878550
123.74,80.191174,0.961476,48.660481,4107.878550
123.76,80.324062,0.961476,48.629483,4066.126632
123.78,80.324062,0.961476,48.629483,4066.126632
123.80,80.324062,0.961476,48.629483,4066.126632
123.82,80.324062,0.961476,48.629483,4066.126632
123.84,80.324062,0.961462,48.629483,4066.126632
123.86,80.324062,0.961437,48.629483,4066.126632
123.88,80.324062,0.961405,48.629483,4066.126632
123.90,80.324062,0.961373,48.629483,4066.126632
123.92,80.324062,0.961343,48.629483,4066.126632
123.94,80.324062,0.961317,48.629483,4066.126632
123.96,80.324062,0.961295,48.629483,4066.126632
123.98,80.324062,0.961276,48.629483,4066.126632
124.00,80.324062,0.961261,48.629483,4066.126632
124.02,80.324062,0.961248,48.629483,4066.126632
124.04,80.324062,0.961237,48.629483,4066.126632
124.06,80.324062,0.961228,48.629483,4066.126632
124.08,80.324062,0.961220,48.629483,4066.126632
124.10,80.324062,0.961214,48.629483,4066.126632
124.12,80.324062,0.961212,48.629483,4066.126632
124.14,80.324062,0.961212,48.629483,4066.126632
124.16,80.324062,0.961212,48.629483,4066.126632
124.18,80.324062,0.961212,48.629483,4066.126632
124.20,80.324062,0.961212,48.629483,4066.126632
124.22,80.324062,0.961212,48.629483,4066.126632
124.24,80.324062,0.961212,48.629483,4066.126632
124.26,80.324062,0.961212,48.629483,4066.126632
124.28,80.324062,0.961212,48.629483,4066.126632
124.30,80.324062,0.961212,48.629483,4066.126632
124.32,80.324062,0.961212,48.629483,4066.126632
124.34,80.324062,0.961212,48.629483,4066.126632
124.36,80.324062,0.961212,48.629483,4066.126632
124.38,80.324062,0.961212,48.629483,4066.126632
124.40,80.324062,0.961212,48.629483,4066.126632
124.42,80.324062,0.961212,48.629483,4066.126632
124.44,80.324062,0.961212,48.629483,4066.126632
124.46,80.324062,0.961212,48.629483,4066.126632
124.48,80.324062,0.961212,48.629483,4066.126632
124.50,80.457604,0.961212,48.375280,4041.275617
124.52,80.457604,0.961212,48.375280,4041.275617
124.54,80.457604,0.961212,48.375280,4041.275617
124.56,80.457604,0.961212,48.375280,4041.275617
124.58,80.457604,0.961194,48.375280,4041.275617
124.60,80.457604,0.961160,48.375280,4041.275617
124.62,80.457604,0.961118,48.375280,4041.275617
124.64,80.457604,0.961075,48.375280,4041.275617
124.66,80.457604,0.961035,48.375280,4041.275617
124.68,80.457604,0.961001,48.375280,4041.275617
124.70,80.457604,0.960971,48.375280,4041.275617
124.72,80.457604,0.960946,48.375280,4041.275617
124.74,80.457604,0.960925,48.375280,4041.275617
124.76,80.457604,0.960907,48.375280,4041.275617
124.78,80.457604,0.960893,48.375280,4041.275617
124.80,80.457604,0.960881,48.375280,4041.275617
124.82,80.457604,0.960871,48.375280,4041.275617
124.84,80.457604,0.960863,48.375280,4041.275617
124.86,80.457604,0.960859,48.375280,4041.275617
124.88,80.457604,0.960859,48.375280,4041.275617
124.90,80.457604,0.960859,48.375280,4041.275617
124.92,80.457604,0.960859,48.375280,4041.275617
124.94,80.457604,0.960859,48.375280,4041.275617
124.96,80.457604,0.960859,48.375280,4041.275617
124.98,80.457604,0.960859,48.375280,4041.275617
125.00,80.457604,0.960859,48.375280,4041.275617
125.02,80.457604,0.960859,48.375280,4041.275617
125.04,80.457604,0.960859,48.375280,4041.275617
125.06,80.457604,0.960859,48.375280,4041.275617
125.08,80.457604,0.960859,48.375280,4041.275617
125.10,80.457604,0.960859,48.375280,4041.275617
125.12,80.457604,0.960859,48.375280,4041.275617
125.14,80.457604,0.960859,48.375280,4041.275617
125.16,80.457604,0.960859,48.375280,4041.275617
125.18,80.457604,0.960859,48.375280,4041.275617
125.20,80.457604,0.960859,48.375280,4041.275617
125.22,80.457604,0.960859,48.375280,4041.275617
125.24,80.592136,0.960859,48.085231,4021.962768
125.26,80.592136,0.960859,48.085231,4021.962768
125.28,80.592136,0.960859,48.085231,4021.962768
125.30,80.592136,0.960859,48.085231,4021.962768
125.32,80.592136,0.960837,48.085231,4021.962768
125.34,80.592136,0.960795,48.085231,4021.962768
125.36,80.592136,0.960743,48.085231,4021.962768
125.38,80.592136,0.960690,48.085231,4021.962768
125.40,80.592136,0.960641,48.085231,4021.962768
125.42,80.592136,0.960598,48.085231,4021.962768
125.44,80.592136,0.960560,48.085231,4021.962768
125.46,80.592136,0.960529,48.085231,4021.962768
125.48,80.592136,0.960503,48.085231,4021.962768
125.50,80.592136,0.960482,48.085231,4021.962768
125.52,80.592136,0.960464,48.085231,4021.962768
125.54,80.592136,0.960449,48.085231,4021.962768
125.56,80.592136,0.960436,48.085231,4021.962768
125.58,80.592136,0.960426,48.085231,4021.962768
125.60,80.592136,0.960422,48.085231,4021.962768
125.62,80.592136,0.960422,48.085231,4021.962768
125.64,80.592136,0.960422,48.085231,4021.962768
125.66,80.592136,0.960422,48.085231,4021.962768
125.68,80.592136,0.960422,48.085231,4021.962768
125.70,80.592136,0.960422,48.085231,4021.962768
125.72,80.592136,0.960422,48.085231,4021.962768
125.74,80.592136,0.960422,48.085231,4021.962768
125.76,80.592136,0.960422,48.085231,4021.962768
125.78,80.592136,0.960422,48.085231,4021.962768
125.80,80.592136,0.960422,48.085231,4021.962768
125.82,80.592136,0.960422,48.085231,4021.962768
125.84,80.592136,0.960422,48.085231,4021.962768
125.86,80.592136,0.960422,48.085231,4021.962768
125.88,80.592136,0.960422,48.085231,4021.962768
125.90,80.592136,0.960422,48.085231,4021.962768
125.92,80.592136,0.960422,48.085231,4021.962768
125.94,80.592136,0.960422,48.085231,4021.962768
125.96,80.592136,0.960422,48.085231,4021.962768
125.98,80.728021,0.960422,47.791232,4003.562345
126.00,80.728021,0.960422,47.791232,4003.562345
126.02,80.728021,0.960422,47.791232,4003.562345
126.04,80.728021,0.960422,47.791232,4003.562345
126.06,80.728021,0.960402,47.791232,4003.562345
126.08,80.728021,0.960364,47.791232,4003.562345
126.10,80.728021,0.960317,47.791232,4003.562345
126.12,80.728021,0.960269,47.791232,4003.562345
126.14,80.728021,0.960225,47.791232,4003.562345
126.16,80.728021,0.960186,47.791232,4003.562345
126.18,80.728021,0.960152,47.791232,4003.562345
126.20,80.728021,0.960124,47.791232,4003.562345
126.22,80.728021,0.960101,47.791232,4003.562345
126.24,80.728021,0.960081,47.791232,4003.562345
126.26,80.728021,0.960065,47.791232,4003.562345
126.28,80.728021,0.960051,47.791232,4003.562345
126.30,80.728021,0.960040,47.791232,4003.562345
126.32,80.728021,0.960031,47.791232,4003.562345
126.34,80.728021,0.960027,47.791232,4003.562345
126.36,80.728021,0.960027,47.791232,4003.562345
126.38,80.728021,0.960027,47.791232,4003.562345
126.40,80.728021,0.960027,47.791232,4003.562345
126.42,80.728021,0.960027,47.791232,4003.562345
126.44,80.728021,0.960027,47.791232,4003.562345
126.46,80.728021,0.960027,47.791232,4003.562345
126.48,80.728021,0.960027,47.791232,4003.562345
126.50,80.728021,0.960027,47.791232,4003.562345
126.52,80.728021,0.960027,47.791232,4003.562345
126.54,80.728021,0.960027,47.791232,4003.562345
126.56,80.728021,0.960027,47.791232,4003.562345
126.58,80.728021,0.960027,47.791232,4003.562345
126.60,80.728021,0.960027,47.791232,4003.562345
126.62,80.728021,0.960027,47.791232,4003.562345
126.64,80.728021,0.960027,47.791232,4003.562345
126.66,80.728021,0.960027,47.791232,4003.562345
126.68,80.728021,0.960027,47.791232,4003.562345
126.70,80.728021,0.960027,47.791232,4003.562345
126.72,80.865225,0.960027,47.499380,3985.683556
126.74,80.865225,0.960027,47.499380,3985.683556
126.76,80.865225,0.960027,47.499380,3985.683556
126.78,80.865225,0.960027,47.499380,3985.683556
126.80,80.865225,0.960012,47.499380,3985.683556
126.82,80.865225,0.959983,47.499380,3985.683556
126.84,80.865225,0.959949,47.499380,3985.683556
126.86,80.865225,0.959913,47.499380,3985.683556
126.88,80.865225,0.959879,47.499380,3985.683556
126.90,80.865225,0.959850,47.499380,3985.683556
126.92,80.865225,0.959825,47.499380,3985.683556
126.94,80.865225,0.959804,47.499380,3985.683556
126.96,80.865225,0.959786,47.499380,3985.683556
126.98,80.865225,0.959772,47.499380,3985.683556
127.00,80.865225,0.959759,47.499380,3985.683556
127.02,80.865225,0.959749,47.499380,3985.683556
127.04,80.865225,0.959741,47.499380,3985.683556
127.06,80.865225,0.959734,47.499380,3985.683556
127.08,80.865225,0.959731,47.499380,3985.683556
127.10,80.865225,0.959731,47.499380,3985.683556
127.12,80.865225,0.959731,47.499380,3985.683556
127.14,80.865225,0.959731,47.499380,3985.683556
127.16,80.865225,0.959731,47.499380,3985.683556
127.18,80.865225,0.959731,47.499380,3985.683556
127.20,80.865225,0.959731,47.499380,3985.683556
127.22,80.865225,0.959731,47.499380,3985.683556
127.24,80.865225,0.959731,47.499380,3985.683556
127.26,80.865225,0.959731,47.499380,3985.683556
127.28,80.865225,0.959731,47.499380,3985.683556
127.30,80.865225,0.959731,47.499380,3985.683556
127.32,80.865225,0.959731,47.499380,3985.683556
127.34,80.865225,0.959731,47.499380,3985.683556
127.36,80.865225,0.959731,47.499380,3985.683556
127.38,80.865225,0.959731,47.499380,3985.683556
127.40,80.865225,0.959731,47.499380,3985.683556
127.42,80.865225,0.959731,47.499380,3985.683556
127.44,80.865225,0.959731,47.499380,3985.683556
127.46,81.003499,0.959731,47.211177,3968.245337
127.48,81.003499,0.959731,47.211177,3968.245337
127.50,81.003499,0.959731,47.211177,3968.245337
127.52,81.003499,0.959731,47.211177,3968.245337
127.54,81.003499,0.959719,47.211177,3968.245337
127.56,81.003499,0.959696,47.211177,3968.245337
127.58,81.003499,0.959668,47.211177,3968.245337
127.60,81.003499,0.959639,47.211177,3968.245337
127.62,81.003499,0.959613,47.211177,3968.245337
127.64,81.003499,0.959589,47.211177,3968.245337
127.66,81.003499,0.959569,47.211177,3968.245337
127.68,81.003499,0.959552,47.211177,3968.245337
127.70,81.003499,0.959538,47.211177,3968.245337
127.72,81.003499,0.959526,47.211177,3968.245337
127.74,81.003499,0.959516,47.211177,3968.245337
127.76,81.003499,0.959508,47.211177,3968.245337
127.78,81.003499,0.959501,47.211177,3968.245337
127.80,81.003499,0.959496,47.211177,3968.245337
127.82,81.003499,0.959493,47.211177,3968.245337
127.84,81.003499,0.959493,47.211177,3968.245337
127.86,81.003499,0.959493,47.211177,3968.245337
127.88,81.003499,0.959493,47.211177,3968.245337
127.90,81.003499,0.959493,47.211177,3968.245337
127.92,81.003499,0.959493,47.211177,3968.245337
127.94,81.003499,0.959493,47.211177,3968.245337
127.96,81.003499,0.959493,47.211177,3968.245337
127.98,81.003499,0.959493,47.211177,3968.245337
128.00,81.003499,0.959493,47.211177,3968.245337
128.02,81.003499,0.959493,47.211177,3968.245337
128.04,81.003499,0.959493,47.211177,3968.245337
128.06,81.003499,0.959493,47.211177,3968.245337
128.08,81.003499,0.959493,47.211177,3968.245337
128.10,81.003499,0.959493,47.211177,3968.245337
128.12,81.003499,0.959493,47.211177,3968.245337
128.14,81.003499,0.959493,47.211177,3968.245337
128.16,81.003499,0.959493,47.211177,3968.245337
128.18,81.003499,0.959493,47.211177,3968.245337
128.20,81.142683,0.959493,46.917438,3949.432422
128.22,81.142683,0.959493,46.917438,3949.432422
128.24,81.142683,0.959493,46.917438,3949.432422
128.26,81.142683,0.959493,46.917438,3949.432422
128.28,81.142683,0.959481,46.917438,3949.432422
128.30,81.142683,0.959457,46.917438,3949.432422
128.32,81.142683,0.959429,46.917438,3949.432422
128.34,81.142683,0.959399,46.917438,3949.432422
128.36,81.142683,0.959372,46.917438,3949.432422
128.38,81.142683,0.959347,46.917438,3949.432422
128.40,81.142683,0.959327,46.917438,3949.432422
128.42,81.142683,0.959309,46.917438,3949.432422
128.44,81.142683,0.959295,46.917438,3949.432422
128.46,81.142683,0.959282,46.917438,3949.432422
128.48,81.142683,0.959272,46.917438,3949.432422
128.50,81.142683,0.959264,46.917438,3949.432422
128.52,81.142683,0.959257,46.917438,3949.432422
128.54,81.142683,0.959251,46.917438,3949.432422
128.56,81.142683,0.959249,46.917438,3949.432422
128.58,81.142683,0.959249,46.917438,3949.432422
128.60,81.142683,0.959249,46.917438,3949.432422
128.62,81.142683,0.959249,46.917438,3949.432422
128.64,81.142683,0.959249,46.917438,3949.432422
128.66,81.142683,0.959249,46.917438,3949.432422
128.68,81.142683,0.959249,46.917438,3949.432422
128.70,81.142683,0.959249,46.917438,3949.432422
128.72,81.142683,0.959249,46.917438,3949.432422
128.74,81.142683,0.959249,46.917438,3949.432422
128.76,81.142683,0.959249,46.917438,3949.432422
128.78,81.142683,0.959249,46.917438,3949.432422
128.80,81.142683,0.959249,46.917438,3949.432422
128.82,81.142683,0.959249,46.917438,3949.432422
128.84,81.142683,0.959249,46.917438,3949.432422
128.86,81.142683,0.959249,46.917438,3949.432422
128.88,81.142683,0.959249,46.917438,3949.432422
128.90,81.142683,0.959249,46.917438,3949.432422
128.92,81.142683,0.959249,46.917438,3949.432422
128.94,81.283074,0.959249,46.642237,3934.546698
128.96,81.283074,0.959249,46.642237,3934.546698
128.98,81.283074,0.959249,46.642237,3934.546698
129.00,81.283074,0.959249,46.642237,3934.546698
129.02,81.283074,0.959234,46.642237,3934.546698
129.04,81.283074,0.959204,46.642237,3934.546698
129.06,81.283074,0.959168,46.642237,3934.546698
129.08,81.283074,0.959131,46.642237,3934.546698
129.10,81.283074,0.959097,46.642237,3934.546698
129.12,81.283074,0.959066,46.642237,3934.546698
129.14,81.283074,0.959040,46.642237,3934.546698
129.16,81.283074,0.959018,46.642237,3934.546698
129.18,81.283074,0.959000,46.642237,3934.546698
129.20,81.283074,0.958985,46.642237,3934.546698
129.22,81.283074,0.958972,46.642237,3934.546698
129.24,81.283074,0.958961,46.642237,3934.546698
129.26,81.283074,0.958952,46.642237,3934.546698
129.28,81.283074,0.958946,46.642237,3934.546698
129.30,81.283074,0.958943,46.642237,3934.546698
129.32,81.283074,0.958943,46.642237,3934.546698
129.34,81.283074,0.958943,46.642237,3934.546698
129.36,81.283074,0.958943,46.642237,3934.546698
129.38,81.283074,0.958943,46.642237,3934.546698
129.40,81.283074,0.958943,46.642237,3934.546698
129.42,81.283074,0.958943,46.642237,3934.546698
129.44,81.283074,0.958943,46.642237,3934.546698
129.46,81.283074,0.958943,46.642237,3934.546698
129.48,81.283074,0.958943,46.642237,3934.546698
129.50,81.283074,0.958943,46.642237,3934.546698
129.52,81.283074,0.958943,46.642237,3934.546698
129.54,81.283074,0.958943,46.642237,3934.546698
129.56,81.283074,0.958943,46.642237,3934.546698
129.58,81.283074,0.958943,46.642237,3934.546698
129.60,81.283074,0.958943,46.642237,3934.546698
129.62,81.283074,0.958943,46.642237,3934.546698
129.64,81.283074,0.958943,46.642237,3934.546698
129.66,81.283074,0.958943,46.642237,3934.546698
129.68,81.425392,0.958943,46.367537,3918.286660
129.70,81.425392,0.958943,46.367537,3918.286660
129.72,81.425392,0.958943,46.367537,3918.286660
129.74,81.425392,0.958943,46.367537,3918.286660
129.76,81.425392,0.958923,46.367537,3918.286660
129.78,81.425392,0.958884,46.367537,3918.286660
129.80,81.425392,0.958836,46.367537,3918.286660
129.82,81.425392,0.958787,46.367537,3918.286660
129.84,81.425392,0.958741,46.367537,3918.286660
129.86,81.425392,0.958701,46.367537,3918.286660
129.88,81.425392,0.958667,46.367537,3918.286660
129.90,81.425392,0.958638,46.367537,3918.286660
129.92,81.425392,0.958614,46.367537,3918.286660
129.94,81.425392,0.958593,46.367537,3918.286660
129.96,81.425392,0.958577,46.367537,3918.286660
129.98,81.425392,0.958562,46.367537,3918.286660
130.00,81.425392,0.958551,46.367537,3918.286660
130.02,81.425392,0.958542,46.367537,3918.286660
130.04,81.425392,0.958537,46.367537,3918.286660
130.06,81.425392,0.958537,46.367537,3918.286660
130.08,81.425392,0.958537,46.367537,3918.286660
130.10,81.425392,0.958537,46.367537,3918.286660
130.12,81.425392,0.958537,46.367537,3918.286660
130.14,81.425392,0.958537,46.367537,3918.286660
130.16,81.425392,0.958537,46.367537,3918.286660
130.18,81.425392,0.958537,46.367537,3918.286660
130.20,81.425392,0.958537,46.367537,3918.286660
130.22,81.425392,0.958537,46.367537,3918.286660
130.24,81.425392,0.958537,46.367537,3918.286660
130.26,81.425392,0.958537,46.367537,3918.286660
130.28,81.425392,0.958537,46.367537,3918.286660
130.30,81.425392,0.958537,46.367537,3918.286660
130.32,81.425392,0.958537,46.367537,3918.286660
130.34,81.425392,0.958537,46.367537,3918.286660
130.36,81.425392,0.958537,46.367537,3918.286660
130.38,81.425392,0.958537,46.367537,3918.286660
130.40,81.425392,0.958537,46.367537,3918.286660
130.42,81.570527,0.958537,46.095619,3902.891682
130.44,81.570527,0.958537,46.095619,3902.891682
130.46,81.570527,0.958537,46.095619,3902.891682
130.48,81.570527,0.958537,46.095619,3902.891682
130.50,81.570527,0.958515,46.095619,3902.891682
130.52,81.570527,0.958470,46.095619,3902.891682
130.54,81.570527,0.958415,46.095619,3902.891682
130.56,81.570527,0.958359,46.095619,3902.891682
130.58,81.570527,0.958306,46.095619,3902.891682
130.60,81.570527,0.958260,46.095619,3902.891682
130.62,81.570527,0.958220,46.095619,3902.891682
130.64,81.570527,0.958187,46.095619,3902.891682
130.66,81.570527,0.958159,46.095619,3902.891682
130.68,81.570527,0.958135,46.095619,3902.891682
130.70,81.570527,0.958116,46.095619,3902.891682
130.72,81.570527,0.958100,46.095619,3902.891682
130.74,81.570527,0.958086,46.095619,3902.891682
130.76,81.570527,0.958076,46.095619,3902.891682
130.78,81.570527,0.958071,46.095619,3902.891682
130.80,81.570527,0.958071,46.095619,3902.891682
130.82,81.570527,0.958071,46.095619,3902.891682
130.84,81.570527,0.958071,46.095619,3902.891682
130.86,81.570527,0.958071,46.095619,3902.891682
130.88,81.570527,0.958071,46.095619,3902.891682
130.90,81.570527,0.958071,46.095619,3902.891682
130.92,81.570527,0.958071,46.095619,3902.891682
130.94,81.570527,0.958071,46.095619,3902.891682
130.96,81.570527,0.958071,46.095619,3902.891682
130.98,81.570527,0.958071,46.095619,3902.891682
131.00,81.570527,0.958071,46.095619,3902.891682
131.02,81.570527,0.958071,46.095619,3902.891682
131.04,81.570527,0.958071,46.095619,3902.891682
131.06,81.570527,0.958071,46.095619,3902.891682
131.08,81.570527,0.958071,46.095619,3902.891682
131.10,81.570527,0.958071,46.095619,3902.891682
131.12,81.570527,0.958071,46.095619,3902.891682
131.14,81.570527,0.958071,46.095619,3902.891682
131.16,81.719257,0.958071,45.822558,3887.270644
131.18,81.719257,0.958071,45.822558,3887.270644
131.20,81.719257,0.958071,45.822558,3887.270644
131.22,81.719257,0.958071,45.822558,3887.270644
131.24,81.719257,0.958052,45.822558,3887.270644
131.26,81.719257,0.958014,45.822558,3887.270644
131.28,81.719257,0.957968,45.822558,3887.270644
131.30,81.719257,0.957921,45.822558,3887.270644
131.32,81.719257,0.957877,45.822558,3887.270644
131.34,81.719257,0.957838,45.822558,3887.270644
131.36,81.719257,0.957804,45.822558,3887.270644
131.38,81.719257,0.957776,45.822558,3887.270644
131.40,81.719257,0.957752,45.822558,3887.270644
131.42,81.719257,0.957733,45.822558,3887.270644
131.44,81.719257,0.957717,45.822558,3887.270644
131.46,81.719257,0.957703,45.822558,3887.270644
131.48,81.719257,0.957691,45.822558,3887.270644
131.50,81.719257,0.957683,45.822558,3887.270644
131.52,81.719257,0.957679,45.822558,3887.270644
131.54,81.719257,0.957679,45.822558,3887.270644
131.56,81.719257,0.957679,45.822558,3887.270644
131.58,81.719257,0.957679,45.822558,3887.270644
131.60,81.719257,0.957679,45.822558,3887.270644
131.62,81.719257,0.957679,45.822558,3887.270644
131.64,81.719257,0.957679,45.822558,3887.270644
131.66,81.719257,0.957678,45.822558,3887.270644
131.68,81.719257,0.957678,45.822558,3887.270644
131.70,81.719257,0.957678,45.822558,3887.270644
131.72,81.719257,0.957678,45.822558,3887.270644
131.74,81.719257,0.957678,45.822558,3887.270644
131.76,81.719257,0.957678,45.822558,3887.270644
131.78,81.719257,0.957678,45.822558,3887.270644
131.80,81.719257,0.957678,45.822558,3887.270644
131.82,81.719257,0.957678,45.822558,3887.270644
131.84,81.719257,0.957678,45.822558,3887.270644
131.86,81.719257,0.957678,45.822558,3887.270644
131.88,81.719257,0.957678,45.822558,3887.270644
131.90,81.871808,0.957678,45.549400,3871.993588
131.92,81.871808,0.957678,45.549400,3871.993588
131.94,81.871808,0.957678,45.549400,3871.993588
131.96,81.871808,0.957678,45.549400,3871.993588
131.98,81.871808,0.957664,45.549400,3871.993588
132.00,81.871808,0.957636,45.549400,3871.993588
132.02,81.871808,0.957601,45.549400,3871.993588
132.04,81.871808,0.957565,45.549400,3871.993588
132.06,81.871808,0.957532,45.549400,3871.993588
132.08,81.871808,0.957503,45.549400,3871.993588
132.10,81.871808,0.957477,45.549400,3871.993588
132.12,81.871808,0.957456,45.549400,3871.993588
132.14,81.871808,0.957438,45.549400,3871.993588
132.16,81.871808,0.957423,45.549400,3871.993588
132.18,81.871808,0.957411,45.549400,3871.993588
132.20,81.871808,0.957401,45.549400,3871.993588
132.22,81.871808,0.957392,45.549400,3871.993588
132.24,81.871808,0.957385,45.549400,3871.993588
132.26,81.871808,0.957382,45.549400,3871.993588
132.28,81.871808,0.957382,45.549400,3871.993588
132.30,81.871808,0.957382,45.549400,3871.993588
132.32,81.871808,0.957382,45.549400,3871.993588
132.34,81.871808,0.957382,45.549400,3871.993588
132.36,81.871808,0.957382,45.549400,3871.993588
132.38,81.871808,0.957382,45.549400,3871.993588
132.40,81.871808,0.957382,45.549400,3871.993588
132.42,81.871808,0.957382,45.549400,3871.993588
132.44,81.871808,0.957382,45.549400,3871.993588
132.46,81.871808,0.957382,45.549400,3871.993588
132.48,81.871808,0.957382,45.549400,3871.993588
132.50,81.871808,0.957382,45.549400,3871.993588
132.52,81.871808,0.957382,45.549400,3871.993588
132.54,81.871808,0.957382,45.549400,3871.993588
132.56,81.871808,0.957382,45.549400,3871.993588
132.58,81.871808,0.957382,45.549400,3871.993588
132.60,81.871808,0.957382,45.549400,3871.993588
132.62,81.871808,0.957382,45.549400,3871.993588
132.64,82.028247,0.957382,45.276313,3856.964441
132.66,82.028247,0.957382,45.276313,3856.964441
132.68,82.028247,0.957382,45.276313,3856.964441
132.70,82.028247,0.957382,45.276313,3856.964441
132.72,82.028247,0.957370,45.276313,3856.964441
132.74,82.028247,0.957346,45.276313,3856.964441
132.76,82.028247,0.957316,45.276313,3856.964441
132.78,82.028247,0.957285,45.276313,3856.964441
132.80,82.028247,0.957257,45.276313,3856.964441
132.82,82.028247,0.957232,45.276313,3856.964441
132.84,82.028247,0.957210,45.276313,3856.964441
132.86,82.028247,0.957192,45.276313,3856.964441
132.88,82.028247,0.957176,45.276313,3856.964441
132.90,82.028247,0.957164,45.276313,3856.964441
132.92,82.028247,0.957153,45.276313,3856.964441
132.94,82.028247,0.957144,45.276313,3856.964441
132.96,82.028247,0.957137,45.276313,3856.964441
132.98,82.028247,0.957131,45.276313,3856.964441
133.00,82.028247,0.957128,45.276313,3856.964441
133.02,82.028247,0.957128,45.276313,3856.964441
133.04,82.028247,0.957128,45.276313,3856.964441
133.06,82.028247,0.957128,45.276313,3856.964441
133.08,82.028247,0.957128,45.276313,3856.964441
133.10,82.028247,0.957128,45.276313,3856.964441
133.12,82.028247,0.957128,45.276313,3856.964441
133.14,82.028247,0.957128,45.276313,3856.964441
133.16,82.028247,0.957128,45.276313,3856.964441
133.18,82.028247,0.957128,45.276313,3856.964441
133.20,82.028247,0.957128,45.276313,3856.964441
133.22,82.028247,0.957128,45.276313,3856.964441
133.24,82.028247,0.957128,45.276313,3856.964441
133.26,82.028247,0.957128,45.276313,3856.964441
133.28,82.028247,0.957128,45.276313,3856.964441
133.30,82.028247,0.957128,45.276313,3856.964441
133.32,82.028247,0.957128,45.276313,3856.964441
133.34,82.028247,0.957128,45.276313,3856.964441
133.36,82.028247,0.957128,45.276313,3856.964441
133.38,82.188782,0.957128,44.998089,3841.200614
133.40,82.188782,0.957128,44.998089,3841.200614
133.42,82.188782,0.957128,44.998089,3841.200614
133.44,82.188782,0.957128,44.998089,3841.200614
133.46,82.188782,0.957115,44.998089,3841.200614
133.48,82.188782,0.957089,44.998089,3841.200614
133.50,82.188782,0.957056,44.998089,3841.200614
133.52,82.188782,0.957023,44.998089,3841.200614
133.54,82.188782,0.956992,44.998089,3841.200614
133.56,82.188782,0.956964,44.998089,3841.200614
133.58,82.188782,0.956941,44.998089,3841.200614
133.60,82.188782,0.956921,44.998089,3841.200614
133.62,82.188782,0.956904,44.998089,3841.200614
133.64,82.188782,0.956890,44.998089,3841.200614
133.66,82.188782,0.956878,44.998089,3841.200614
133.68,82.188782,0.956869,44.998089,3841.200614
133.70,82.188782,0.956861,44.998089,3841.200614
133.72,82.188782,0.956854,44.998089,3841.200614
133.74,82.188782,0.956851,44.998089,3841.200614
133.76,82.188782,0.956851,44.998089,3841.200614
133.78,82.188782,0.956851,44.998089,3841.200614
133.80,82.188782,0.956851,44.998089,3841.200614
133.82,82.188782,0.956851,44.998089,3841.200614
133.84,82.188782,0.956851,44.998089,3841.200614
133.86,82.188782,0.956851,44.998089,3841.200614
133.88,82.188782,0.956851,44.998089,3841.200614
133.90,82.188782,0.956851,44.998089,3841.200614
133.92,82.188782,0.956851,44.998089,3841.200614
133.94,82.188782,0.956851,44.998089,3841.200614
133.96,82.188782,0.956851,44.998089,3841.200614
133.98,82.188782,0.956851,44.998089,3841.200614
134.00,82.188782,0.956851,44.998089,3841.200614
134.02,82.188782,0.956851,44.998089,3841.200614
134.04,82.188782,0.956851,44.998089,3841.200614
134.06,82.188782,0.956851,44.998089,3841.200614
134.08,82.188782,0.956851,44.998089,3841.200614
134.10,82.188782,0.956851,44.998089,3841.200614
134.12,82.353890,0.956851,44.725003,3827.107079
134.14,82.353890,0.956851,44.725003,3827.107079
134.16,82.353890,0.956851,44.725003,3827.107079
134.18,82.353890,0.956851,44.725003,3827.107079
134.20,82.353890,0.956833,44.725003,3827.107079
134.22,82.353890,0.956798,44.725003,3827.107079
134.24,82.353890,0.956756,44.725003,3827.107079
134.26,82.353890,0.956713,44.725003,3827.107079
134.28,82.353890,0.956673,44.725003,3827.107079
134.30,82.353890,0.956638,44.725003,3827.107079
134.32,82.353890,0.956608,44.725003,3827.107079
134.34,82.353890,0.956583,44.725003,3827.107079
134.36,82.353890,0.956563,44.725003,3827.107079
134.38,82.353890,0.956545,44.725003,3827.107079
134.40,82.353890,0.956531,44.725003,3827.107079
134.42,82.353890,0.956519,44.725003,3827.107079
134.44,82.353890,0.956509,44.725003,3827.107079
134.46,82.353890,0.956502,44.725003,3827.107079
134.48,82.353890,0.956502,44.725003,3827.107079
134.50,82.353890,0.956502,44.725003,3827.107079
134.52,82.353890,0.956502,44.725003,3827.107079
134.54,82.353890,0.956502,44.725003,3827.107079
134.56,82.353890,0.956502,44.725003,3827.107079
134.58,82.353890,0.956502,44.725003,3827.107079
134.60,82.353890,0.956502,44.725003,3827.107079
134.62,82.353890,0.956502,44.725003,3827.107079
134.64,82.353890,0.956502,44.725003,3827.107079
134.66,82.353890,0.956502,44.725003,3827.107079
134.68,82.353890,0.956502,44.725003,3827.107079
134.70,82.353890,0.956502,44.725003,3827.107079
134.72,82.353890,0.956502,44.725003,3827.107079
134.74,82.353890,0.956502,44.725003,3827.107079
134.76,82.353890,0.956502,44.725003,3827.107079
134.78,82.353890,0.956502,44.725003,3827.107079
134.80,82.353890,0.956502,44.725003,3827.107079
134.82,82.353890,0.956502,44.725003,3827.107079
134.84,82.524069,0.956502,44.668964,3782.430171
134.86,82.524069,0.956502,44.668964,3782.430171
134.88,82.524069,0.956502,44.668964,3782.430171
134.90,82.524069,0.956502,44.668964,3782.430171
134.92,82.524069,0.956479,44.668964,3782.430171
134.94,82.524069,0.956435,44.668964,3782.430171
134.96,82.524069,0.956381,44.668964,3782.430171
134.98,82.524069,0.956326,44.668964,3782.430171
135.00,82.524069,0.956275,44.668964,3782.430171
135.02,82.524069,0.956230,44.668964,3782.430171
135.04,82.524069,0.956192,44.668964,3782.430171
135.06,82.524069,0.956159,44.668964,3782.430171
135.08,82.524069,0.956132,44.668964,3782.430171
135.10,82.524069,0.956110,44.668964,3782.430171
135.12,82.524069,0.956091,44.668964,3782.430171
135.14,82.524069,0.956075,44.668964,3782.430171
135.16,82.524069,0.956062,44.668964,3782.430171
135.18,82.524069,0.956054,44.668964,3782.430171
135.20,82.524069,0.956053,44.668964,3782.430171
135.22,82.524069,0.956053,44.668964,3782.430171
135.24,82.524069,0.956053,44.668964,3782.430171
135.26,82.524069,0.956053,44.668964,3782.430171
135.28,82.524069,0.956053,44.668964,3782.430171
135.30,82.524069,0.956053,44.668964,3782.430171
135.32,82.524069,0.956053,44.668964,3782.430171
135.34,82.524069,0.956053,44.668964,3782.430171
135.36,82.524069,0.956053,44.668964,3782.430171
135.38,82.524069,0.956053,44.668964,3782.430171
135.40,82.524069,0.956053,44.668964,3782.430171
135.42,82.524069,0.956053,44.668964,3782.430171
135.44,82.524069,0.956053,44.668964,3782.430171
135.46,82.524069,0.956053,44.668964,3782.430171
135.48,82.524069,0.956053,44.668964,3782.430171
135.50,82.524069,0.956053,44.668964,3782.430171
135.52,82.524069,0.956053,44.668964,3782.430171
135.54,82.524069,0.956053,44.668964,3782.430171
135.56,82.700170,0.956053,44.579644,3748.626167
135.58,82.700170,0.956053,44.579644,3748.626167
135.60,82.700170,0.956053,44.579644,3748.626167
135.62,82.700170,0.956053,44.579644,3748.626167
135.64,82.700170,0.956029,44.579644,3748.626167
135.66,82.700170,0.955982,44.579644,3748.626167
135.68,82.700170,0.955925,44.579644,3748.626167
135.70,82.700170,0.955867,44.579644,3748.626167
135.72,82.700170,0.955813,44.579644,3748.626167
135.74,82.700170,0.955765,44.579644,3748.626167
135.76,82.700170,0.955723,44.579644,3748.626167
135.78,82.700170,0.955689,44.579644,3748.626167
135.80,82.700170,0.955660,44.579644,3748.626167
135.82,82.700170,0.955636,44.579644,3748.626167
135.84,82.700170,0.955616,44.579644,3748.626167
135.86,82.700170,0.955599,44.579644,3748.626167
135.88,82.700170,0.955585,44.579644,3748.626167
135.90,82.700170,0.955576,44.579644,3748.626167
135.92,82.700170,0.955576,44.579644,3748.626167
135.94,82.700170,0.955576,44.579644,3748.626167
135.96,82.700170,0.955576,44.579644,3748.626167
135.98,82.700170,0.955575,44.579644,3748.626167
136.00,82.700170,0.955575,44.579644,3748.626167
136.02,82.700170,0.955575,44.579644,3748.626167
136.04,82.700170,0.955575,44.579644,3748.626167
136.06,82.700170,0.955575,44.579644,3748.626167
136.08,82.700170,0.955575,44.579644,3748.626167
136.10,82.700170,0.955575,44.579644,3748.626167
136.12,82.700170,0.955575,44.579644,3748.626167
136.14,82.700170,0.955575,44.579644,3748.626167
136.16,82.700170,0.955575,44.579644,3748.626167
136.18,82.700170,0.955575,44.579644,3748.626167
136.20,82.700170,0.955575,44.579644,3748.626167
136.22,82.700170,0.955575,44.579644,3748.626167
136.24,82.700170,0.955575,44.579644,3748.626167
136.26,82.700170,0.955575,44.579644,3748.626167
136.28,82.882788,0.955575,44.325547,3728.735414
136.30,82.882788,0.955575,44.325547,3728.735414
136.32,82.882788,0.955575,44.325547,3728.735414
136.34,82.882788,0.955575,44.325547,3728.735414
136.36,82.882788,0.955556,44.325547,3728.735414
136.38,82.882788,0.955518,44.325547,3728.735414
136.40,82.882788,0.955472,44.325547,3728.735414
136.42,82.882788,0.955425,44.325547,3728.735414
136.44,82.882788,0.955381,44.325547,3728.735414
136.46,82.882788,0.955342,44.325547,3728.735414
136.48,82.882788,0.955309,44.325547,3728.735414
136.50,82.882788,0.955281,44.325547,3728.735414
136.52,82.882788,0.955257,44.325547,3728.735414
136.54,82.882788,0.955238,44.325547,3728.735414
136.56,82.882788,0.955221,44.325547,3728.735414
136.58,82.882788,0.955208,44.325547,3728.735414
136.60,82.882788,0.955197,44.325547,3728.735414
136.62,82.882788,0.955189,44.325547,3728.735414
136.64,82.882788,0.955189,44.325547,3728.735414
136.66,82.882788,0.955189,44.325547,3728.735414
136.68,82.882788,0.955189,44.325547,3728.735414
136.70,82.882788,0.955189,44.325547,3728.735414
136.72,82.882788,0.955189,44.325547,3728.735414
136.74,82.882788,0.955189,44.325547,3728.735414
136.76,82.882788,0.955189,44.325547,3728.735414
136.78,82.882788,0.955189,44.325547,3728.735414
136.80,82.882788,0.955189,44.325547,3728.735414
136.82,82.882788,0.955189,44.325547,3728.735414
136.84,82.882788,0.955189,44.325547,3728.735414
136.86,82.882788,0.955189,44.325547,3728.735414
136.88,82.882788,0.955189,44.325547,3728.735414
136.90,82.882788,0.955189,44.325547,3728.735414
136.92,82.882788,0.955189,44.325547,3728.735414
136.94,82.882788,0.955189,44.325547,3728.735414
136.96,82.882788,0.955188,44.325547,3728.735414
136.98,82.882788,0.955188,44.325547,3728.735414
137.00,83.071910,0.955188,44.039642,3712.448692
137.02,83.071910,0.955188,44.039642,3712.448692
137.04,83.071910,0.955188,44.039642,3712.448692
137.06,83.071910,0.955188,44.039642,3712.448692
137.08,83.071910,0.955174,44.039642,3712.448692
137.10,83.071910,0.955145,44.039642,3712.448692
137.12,83.071910,0.955109,44.039642,3712.448692
137.14,83.071910,0.955073,44.039642,3712.448692
137.16,83.071910,0.955039,44.039642,3712.448692
137.18,83.071910,0.955009,44.039642,3712.448692
137.20,83.071910,0.954983,44.039642,3712.448692
137.22,83.071910,0.954962,44.039642,3712.448692
137.24,83.071910,0.954944,44.039642,3712.448692
137.26,83.071910,0.954929,44.039642,3712.448692
137.28,83.071910,0.954916,44.039642,3712.448692
137.30,83.071910,0.954905,44.039642,3712.448692
137.32,83.071910,0.954897,44.039642,3712.448692
137.34,83.071910,0.954891,44.039642,3712.448692
137.36,83.071910,0.954891,44.039642,3712.448692
137.38,83.071910,0.954891,44.039642,3712.448692
137.40,83.071910,0.954891,44.039642,3712.448692
137.42,83.071910,0.954891,44.039642,3712.448692
137.44,83.071910,0.954891,44.039642,3712.448692
137.46,83.071910,0.954891,44.039642,3712.448692
137.48,83.071910,0.954891,44.039642,3712.448692
137.50,83.071910,0.954891,44.039642,3712.448692
137.52,83.071910,0.954891,44.039642,3712.448692
137.54,83.071910,0.954891,44.039642,3712.448692
137.56,83.071910,0.954891,44.039642,3712.448692
137.58,83.071910,0.954891,44.039642,3712.448692
137.60,83.071910,0.954891,44.039642,3712.448692
137.62,83.071910,0.954891,44.039642,3712.448692
137.64,83.071910,0.954891,44.039642,3712.448692
137.66,83.071910,0.954891,44.039642,3712.448692
137.68,83.071910,0.954891,44.039642,3712.448692
137.70,83.071910,0.954891,44.039642,3712.448692
137.72,83.267423,0.954891,43.747387,3697.009789
137.74,83.267423,0.954891,43.747387,3697.009789
137.76,83.267423,0.954891,43.747387,3697.009789
137.78,83.267423,0.954891,43.747387,3697.009789
137.80,83.267423,0.954878,43.747387,3697.009789
137.82,83.267423,0.954852,43.747387,3697.009789
137.84,83.267423,0.954820,43.747387,3697.009789
137.86,83.267423,0.954788,43.747387,3697.009789
137.88,83.267423,0.954758,43.747387,3697.009789
137.90,83.267423,0.954731,43.747387,3697.009789
137.92,83.267423,0.954708,43.747387,3697.009789
137.94,83.267423,0.954689,43.747387,3697.009789
137.96,83.267423,0.954673,43.747387,3697.009789
137.98,83.267423,0.954659,43.747387,3697.009789
138.00,83.267423,0.954648,43.747387,3697.009789
138.02,83.267423,0.954638,43.747387,3697.009789
138.04,83.267423,0.954631,43.747387,3697.009789
138.06,83.267423,0.954625,43.747387,3697.009789
138.08,83.267423,0.954625,43.747387,3697.009789
138.10,83.267423,0.954625,43.747387,3697.009789
138.12,83.267423,0.954625,43.747387,3697.009789
138.14,83.267423,0.954625,43.747387,3697.009789
138.16,83.267423,0.954625,43.747387,3697.009789
138.18,83.267423,0.954625,43.747387,3697.009789
138.20,83.267423,0.954625,43.747387,3697.009789
138.22,83.267423,0.954625,43.747387,3697.009789
138.24,83.267423,0.954625,43.747387,3697.009789
138.26,83.267423,0.954625,43.747387,3697.009789
138.28,83.267423,0.954625,43.747387,3697.009789
138.30,83.267423,0.954625,43.747387,3697.009789
138.32,83.267423,0.954625,43.747387,3697.009789
138.34,83.267423,0.954625,43.747387,3697.009789
138.36,83.267423,0.954625,43.747387,3697.009789
138.38,83.267423,0.954625,43.747387,3697.009789
138.40,83.267423,0.954625,43.747387,3697.009789
138.42,83.267423,0.954625,43.747387,3697.009789
138.44,83.469410,0.954625,43.449281,3681.133761
138.46,83.469410,0.954625,43.449281,3681.133761
138.48,83.469410,0.954625,43.449281,3681.133761
138.50,83.469410,0.954625,43.449281,3681.133761
138.52,83.469410,0.954611,43.449281,3681.133761
138.54,83.469410,0.954582,43.449281,3681.133761
138.56,83.469410,0.954547,43.449281,3681.133761
138.58,83.469410,0.954511,43.449281,3681.133761
138.60,83.469410,0.954477,43.449281,3681.133761
138.62,83.469410,0.954447,43.449281,3681.133761
138.64,83.469410,0.954422,43.449281,3681.133761
138.66,83.469410,0.954400,43.449281,3681.133761
138.68,83.469410,0.954382,43.449281,3681.133761
138.70,83.469410,0.954367,43.449281,3681.133761
138.72,83.469410,0.954354,43.449281,3681.133761
138.74,83.469410,0.954344,43.449281,3681.133761
138.76,83.469410,0.954335,43.449281,3681.133761
138.78,83.469410,0.954329,43.449281,3681.133761
138.80,83.469410,0.954329,43.449281,3681.133761
138.82,83.469410,0.954329,43.449281,3681.133761
138.84,83.469410,0.954329,43.449281,3681.133761
138.86,83.469410,0.954329,43.449281,3681.133761
138.88,83.469410,0.954329,43.449281,3681.133761
138.90,83.469410,0.954329,43.449281,3681.133761
138.92,83.469410,0.954329,43.449281,3681.133761
138.94,83.469410,0.954329,43.449281,3681.133761
138.96,83.469410,0.954329,43.449281,3681.133761
138.98,83.469410,0.954329,43.449281,3681.133761
139.00,83.469410,0.954329,43.449281,3681.133761
139.02,83.469410,0.954329,43.449281,3681.133761
139.04,83.469410,0.954329,43.449281,3681.133761
139.06,83.469410,0.954329,43.449281,3681.133761
139.08,83.469410,0.954329,43.449281,3681.133761
139.10,83.469410,0.954329,43.449281,3681.133761
139.12,83.469410,0.954329,43.449281,3681.133761
139.14,83.469410,0.954329,43.449281,3681.133761
139.16,83.678287,0.954329,43.152857,3666.378908
139.18,83.678287,0.954329,43.152857,3666.378908
139.20,83.678287,0.954329,43.152857,3666.378908
139.22,83.678287,0.954329,43.152857,3666.378908
139.24,83.678287,0.954311,43.152857,3666.378908
139.26,83.678287,0.954275,43.152857,3666.378908
139.28,83.678287,0.954231,43.152857,3666.378908
139.30,83.678287,0.954185,43.152857,3666.378908
139.32,83.678287,0.954143,43.152857,3666.378908
139.34,83.678287,0.954105,43.152857,3666.378908
139.36,83.678287,0.954072,43.152857,3666.378908
139.38,83.678287,0.954045,43.152857,3666.378908
139.40,83.678287,0.954022,43.152857,3666.378908
139.42,83.678287,0.954003,43.152857,3666.378908
139.44,83.678287,0.953987,43.152857,3666.378908
139.46,83.678287,0.953973,43.152857,3666.378908
139.48,83.678287,0.953962,43.152857,3666.378908
139.50,83.678287,0.953955,43.152857,3666.378908
139.52,83.678287,0.953954,43.152857,3666.378908
139.54,83.678287,0.953954,43.152857,3666.378908
139.56,83.678287,0.953954,43.152857,3666.378908
139.58,83.678287,0.953954,43.152857,3666.378908
139.60,83.678287,0.953954,43.152857,3666.378908
139.62,83.678287,0.953954,43.152857,3666.378908
139.64,83.678287,0.953954,43.152857,3666.378908
139.66,83.678287,0.953954,43.152857,3666.378908
139.68,83.678287,0.953954,43.152857,3666.378908
139.70,83.678287,0.953954,43.152857,3666.378908
139.72,83.678287,0.953954,43.152857,3666.378908
139.74,83.678287,0.953954,43.152857,3666.378908
139.76,83.678287,0.953954,43.152857,3666.378908
139.78,83.678287,0.953954,43.152857,3666.378908
139.80,83.678287,0.953954,43.152857,3666.378908
139.82,83.678287,0.953954,43.152857,3666.378908
139.84,83.678287,0.953954,43.152857,3666.378908
139.86,83.678287,0.953954,43.152857,3666.378908
139.88,83.894764,0.953954,42.855680,3651.632155
139.90,83.894764,0.953954,42.855680,3651.632155
139.92,83.894764,0.953954,42.855680,3651.632155
139.94,83.894764,0.953954,42.855680,3651.632155
139.96,83.894764,0.953932,42.855680,3651.632155
139.98,83.894764,0.953886,42.855680,3651.632155
140.00,83.894764,0.953830,42.855680,3651.632155
140.02,83.894764,0.953772,42.855680,3651.632155
140.04,83.894764,0.953717,42.855680,3651.632155
140.06,83.894764,0.953669,42.855680,3651.632155
140.08,83.894764,0.953628,42.855680,3651.632155
140.10,83.894764,0.953593,42.855680,3651.632155
140.12,83.894764,0.953563,42.855680,3651.632155
140.14,83.894764,0.953539,42.855680,3651.632155
140.16,83.894764,0.953518,42.855680,3651.632155
140.18,83.894764,0.953501,42.855680,3651.632155
140.20,83.894764,0.953487,42.855680,3651.632155
140.22,83.894764,0.953477,42.855680,3651.632155
140.24,83.894764,0.953477,42.855680,3651.632155
140.26,83.894764,0.953477,42.855680,3651.632155
140.28,83.894764,0.953477,42.855680,3651.632155
140.30,83.894764,0.953477,42.855680,3651.632155
140.32,83.894764,0.953477,42.855680,3651.632155
140.34,83.894764,0.953477,42.855680,3651.632155
140.36,83.894764,0.953477,42.855680,3651.632155
140.38,83.894764,0.953477,42.855680,3651.632155
140.40,83.894764,0.953477,42.855680,3651.632155
140.42,83.894764,0.953477,42.855680,3651.632155
140.44,83.894764,0.953477,42.855680,3651.632155
140.46,83.894764,0.953477,42.855680,3651.632155
140.48,83.894764,0.953477,42.855680,3651.632155
140.50,83.894764,0.953477,42.855680,3651.632155
140.52,83.894764,0.953477,42.855680,3651.632155
140.54,83.894764,0.953477,42.855680,3651.632155
140.56,83.894764,0.953477,42.855680,3651.632155
140.58,83.894764,0.953477,42.855680,3651.632155
140.60,84.109983,0.953477,42.564936,3637.077526
140.62,84.109983,0.953477,42.564936,3637.077526
140.64,84.109983,0.953477,42.564936,3637.077526
140.66,84.109983,0.953477,42.564936,3637.077526
140.68,84.109983,0.953453,42.564936,3637.077526
140.70,84.109983,0.953406,42.564936,3637.077526
140.72,84.109983,0.953348,42.564936,3637.077526
140.74,84.109983,0.953288,42.564936,3637.077526
140.76,84.109983,0.953232,42.564936,3637.077526
140.78,84.109983,0.953182,42.564936,3637.077526
140.80,84.109983,0.953140,42.564936,3637.077526
140.82,84.109983,0.953104,42.564936,3637.077526
140.84,84.109983,0.953073,42.564936,3637.077526
140.86,84.109983,0.953048,42.564936,3637.077526
140.88,84.109983,0.953027,42.564936,3637.077526
140.90,84.109983,0.953009,42.564936,3637.077526
140.92,84.109983,0.952995,42.564936,3637.077526
140.94,84.109983,0.952985,42.564936,3637.077526
140.96,84.109983,0.952984,42.564936,3637.077526
140.98,84.109983,0.952984,42.564936,3637.077526
141.00,84.109983,0.952984,42.564936,3637.077526
141.02,84.109983,0.952984,42.564936,3637.077526
141.04,84.109983,0.952984,42.564936,3637.077526
141.06,84.109983,0.952984,42.564936,3637.077526
141.08,84.109983,0.952984,42.564936,3637.077526
141.10,84.109983,0.952984,42.564936,3637.077526
141.12,84.109983,0.952984,42.564936,3637.077526
141.14,84.109983,0.952984,42.564936,3637.077526
141.16,84.109983,0.952984,42.564936,3637.077526
141.18,84.109983,0.952984,42.564936,3637.077526
141.20,84.109983,0.952984,42.564936,3637.077526
141.22,84.109983,0.952984,42.564936,3637.077526
141.24,84.109983,0.952984,42.564936,3637.077526
141.26,84.109983,0.952984,42.564936,3637.077526
141.28,84.109983,0.952984,42.564936,3637.077526
141.30,84.109983,0.952984,42.564936,3637.077526
141.32,84.324448,0.952984,42.334258,3629.881491
141.34,84.324448,0.952984,42.334258,3629.881491
141.36,84.324448,0.952984,42.334258,3629.881491
141.38,84.324448,0.952984,42.334258,3629.881491
141.40,84.324448,0.952965,42.334258,3629.881491
141.42,84.324448,0.952928,42.334258,3629.881491
141.44,84.324448,0.952881,42.334258,3629.881491
141.46,84.324448,0.952834,42.334258,3629.881491
141.48,84.324448,0.952789,42.334258,3629.881491
141.50,84.324448,0.952749,42.334258,3629.881491
141.52,84.324448,0.952715,42.334258,3629.881491
141.54,84.324448,0.952686,42.334258,3629.881491
141.56,84.324448,0.952662,42.334258,3629.881491
141.58,84.324448,0.952642,42.334258,3629.881491
141.60,84.324448,0.952625,42.334258,3629.881491
141.62,84.324448,0.952611,42.334258,3629.881491
141.64,84.324448,0.952599,42.334258,3629.881491
141.66,84.324448,0.952592,42.334258,3629.881491
141.68,84.324448,0.952591,42.334258,3629.881491
141.70,84.324448,0.952591,42.334258,3629.881491
141.72,84.324448,0.952591,42.334258,3629.881491
141.74,84.324448,0.952591,42.334258,3629.881491
141.76,84.324448,0.952591,42.334258,3629.881491
141.78,84.324448,0.952591,42.334258,3629.881491
141.80,84.324448,0.952591,42.334258,3629.881491
141.82,84.324448,0.952591,42.334258,3629.881491
141.84,84.324448,0.952591,42.334258,3629.881491
141.86,84.324448,0.952591,42.334258,3629.881491
141.88,84.324448,0.952591,42.334258,3629.881491
141.90,84.324448,0.952591,42.334258,3629.881491
141.92,84.324448,0.952591,42.334258,3629.881491
141.94,84.324448,0.952591,42.334258,3629.881491
141.96,84.324448,0.952591,42.334258,3629.881491
141.98,84.324448,0.952591,42.334258,3629.881491
142.00,84.324448,0.952591,42.334258,3629.881491
142.02,84.324448,0.952591,42.334258,3629.881491
142.04,84.537991,0.952591,42.120534,3621.317964
142.06,84.537991,0.952591,42.120534,3621.317964
142.08,84.537991,0.952591,42.120534,3621.317964
142.10,84.537991,0.952591,42.120534,3621.317964
142.12,84.537991,0.952575,42.120534,3621.317964
142.14,84.537991,0.952544,42.120534,3621.317964
142.16,84.537991,0.952507,42.120534,3621.317964
142.18,84.537991,0.952469,42.120534,3621.317964
142.20,84.537991,0.952434,42.120534,3621.317964
142.22,84.537991,0.952404,42.120534,3621.317964
142.24,84.537991,0.952377,42.120534,3621.317964
142.26,84.537991,0.952355,42.120534,3621.317964
142.28,84.537991,0.952337,42.120534,3621.317964
142.30,84.537991,0.952321,42.120534,3621.317964
142.32,84.537991,0.952308,42.120534,3621.317964
142.34,84.537991,0.952298,42.120534,3621.317964
142.36,84.537991,0.952289,42.120534,3621.317964
142.38,84.537991,0.952285,42.120534,3621.317964
142.40,84.537991,0.952285,42.120534,3621.317964
142.42,84.537991,0.952285,42.120534,3621.317964
142.44,84.537991,0.952285,42.120534,3621.317964
142.46,84.537991,0.952285,42.120534,3621.317964
142.48,84.537991,0.952285,42.120534,3621.317964
142.50,84.537991,0.952285,42.120534,3621.317964
142.52,84.537991,0.952285,42.120534,3621.317964
142.54,84.537991,0.952285,42.120534,3621.317964
142.56,84.537991,0.952285,42.120534,3621.317964
142.58,84.537991,0.952285,42.120534,3621.317964
142.60,84.537991,0.952285,42.120534,3621.317964
142.62,84.537991,0.952285,42.120534,3621.317964
142.64,84.537991,0.952285,42.120534,3621.317964
142.66,84.537991,0.952285,42.120534,3621.317964
142.68,84.537991,0.952285,42.120534,3621.317964
142.70,84.537991,0.952285,42.120534,3621.317964
142.72,84.537991,0.952285,42.120534,3621.317964
142.74,84.750410,0.952285,42.207206,3605.979367
142.76,84.750410,0.952285,42.207206,3605.979367
142.78,84.750410,0.952285,42.207206,3605.979367
142.80,84.750410,0.952285,42.207206,3605.979367
142.82,84.750410,0.952271,42.207206,3605.979367
142.84,84.750410,0.952244,42.207206,3605.979367
142.86,84.750410,0.952210,42.207206,3605.979367
142.88,84.750410,0.952176,42.207206,3605.979367
142.90,84.750410,0.952144,42.207206,3605.979367
142.92,84.750410,0.952116,42.207206,3605.979367
142.94,84.750410,0.952092,42.207206,3605.979367
142.96,84.750410,0.952072,42.207206,3605.979367
142.98,84.750410,0.952055,42.207206,3605.979367
143.00,84.750410,0.952041,42.207206,3605.979367
143.02,84.750410,0.952029,42.207206,3605.979367
143.04,84.750410,0.952019,42.207206,3605.979367
143.06,84.750410,0.952012,42.207206,3605.979367
143.08,84.750410,0.952008,42.207206,3605.979367
143.10,84.750410,0.952008,42.207206,3605.979367
143.12,84.750410,0.952008,42.207206,3605.979367
143.14,84.750410,0.952008,42.207206,3605.979367
143.16,84.750410,0.952008,42.207206,3605.979367
143.18,84.750410,0.952008,42.207206,3605.979367
143.20,84.750410,0.952008,42.207206,3605.979367
143.22,84.750410,0.952008,42.207206,3605.979367
143.24,84.750410,0.952008,42.207206,3605.979367
143.26,84.750410,0.952008,42.207206,3605.979367
143.28,84.750410,0.952008,42.207206,3605.979367
143.30,84.750410,0.952008,42.207206,3605.979367
143.32,84.750410,0.952008,42.207206,3605.979367
143.34,84.750410,0.952008,42.207206,3605.979367
143.36,84.750410,0.952008,42.207206,3605.979367
143.38,84.750410,0.952008,42.207206,3605.979367
143.40,84.750410,0.952008,42.207206,3605.979367
143.42,84.750410,0.952008,42.207206,3605.979367
143.44,84.961730,0.952008,42.218202,3570.757092
143.46,84.961730,0.952008,42.218202,3570.757092
143.48,84.961730,0.952008,42.218202,3570.757092
143.50,84.961730,0.952008,42.218202,3570.757092
143.52,84.961730,0.951992,42.218202,3570.757092
143.54,84.961730,0.951961,42.218202,3570.757092
143.56,84.961730,0.951923,42.218202,3570.757092
143.58,84.961730,0.951884,42.218202,3570.757092
143.60,84.961730,0.951848,42.218202,3570.757092
143.62,84.961730,0.951815,42.218202,3570.757092
143.64,84.961730,0.951788,42.218202,3570.757092
143.66,84.961730,0.951765,42.218202,3570.757092
143.68,84.961730,0.951745,42.218202,3570.757092
143.70,84.961730,0.951729,42.218202,3570.757092
143.72,84.961730,0.951716,42.218202,3570.757092
143.74,84.961730,0.951705,42.218202,3570.757092
143.76,84.961730,0.951696,42.218202,3570.757092
143.78,84.961730,0.951691,42.218202,3570.757092
143.80,84.961730,0.951691,42.218202,3570.757092
143.82,84.961730,0.951691,42.218202,3570.757092
143.84,84.961730,0.951691,42.218202,3570.757092
143.86,84.961730,0.951691,42.218202,3570.757092
143.88,84.961730,0.951691,42.218202,3570.757092
143.90,84.961730,0.951691,42.218202,3570.757092
143.92,84.961730,0.951691,42.218202,3570.757092
143.94,84.961730,0.951691,42.218202,3570.757092
143.96,84.961730,0.951691,42.218202,3570.757092
143.98,84.961730,0.951691,42.218202,3570.757092
144.00,84.961730,0.951691,42.218202,3570.757092
144.02,84.961730,0.951691,42.218202,3570.757092
144.04,84.961730,0.951691,42.218202,3570.757092
144.06,84.961730,0.951691,42.218202,3570.757092
144.08,84.961730,0.951691,42.218202,3570.757092
144.10,84.961730,0.951691,42.218202,3570.757092
144.12,84.961730,0.951691,42.218202,3570.757092
144.14,85.172504,0.951691,42.034998,3554.122339
144.16,85.172504,0.951691,42.034998,3554.122339
144.18,85.172504,0.951691,42.034998,3554.122339
144.20,85.172504,0.951691,42.034998,3554.122339
144.22,85.172504,0.951671,42.034998,3554.122339
144.24,85.172504,0.951632,42.034998,3554.122339
144.26,85.172504,0.951584,42.034998,3554.122339
144.28,85.172504,0.951534,42.034998,3554.122339
144.30,85.172504,0.951488,42.034998,3554.122339
144.32,85.172504,0.951447,42.034998,3554.122339
144.34,85.172504,0.951412,42.034998,3554.122339
144.36,85.172504,0.951383,42.034998,3554.122339
144.38,85.172504,0.951358,42.034998,3554.122339
144.40,85.172504,0.951338,42.034998,3554.122339
144.42,85.172504,0.951321,42.034998,3554.122339
144.44,85.172504,0.951307,42.034998,3554.122339
144.46,85.172504,0.951295,42.034998,3554.122339
144.48,85.172504,0.951290,42.034998,3554.122339
144.50,85.172504,0.951290,42.034998,3554.122339
144.52,85.172504,0.951290,42.034998,3554.122339
144.54,85.172504,0.951290,42.034998,3554.122339
144.56,85.172504,0.951290,42.034998,3554.122339
144.58,85.172504,0.951290,42.034998,3554.122339
144.60,85.172504,0.951290,42.034998,3554.122339
144.62,85.172504,0.951290,42.034998,3554.122339
144.64,85.172504,0.951290,42.034998,3554.122339
144.66,85.172504,0.951290,42.034998,3554.122339
144.68,85.172504,0.951290,42.034998,3554.122339
144.70,85.172504,0.951290,42.034998,3554.122339
144.72,85.172504,0.951290,42.034998,3554.122339
144.74,85.172504,0.951290,42.034998,3554.122339
144.76,85.172504,0.951290,42.034998,3554.122339
144.78,85.172504,0.951290,42.034998,3554.122339
144.80,85.172504,0.951290,42.034998,3554.122339
144.82,85.172504,0.951290,42.034998,3554.122339
144.84,85.383649,0.951290,41.819565,3542.302784
144.86,85.383649,0.951290,41.819565,3542.302784
144.88,85.383649,0.951290,41.819565,3542.302784
144.90,85.383649,0.951290,41.819565,3542.302784
144.92,85.383649,0.951264,41.819565,3542.302784
144.94,85.383649,0.951214,41.819565,3542.302784
144.96,85.383649,0.951153,41.819565,3542.302784
144.98,85.383649,0.951090,41.819565,3542.302784
145.00,85.383649,0.951032,41.819565,3542.302784
145.02,85.383649,0.950980,41.819565,3542.302784
145.04,85.383649,0.950936,41.819565,3542.302784
145.06,85.383649,0.950898,41.819565,3542.302784
145.08,85.383649,0.950867,41.819565,3542.302784
145.10,85.383649,0.950841,41.819565,3542.302784
145.12,85.383649,0.950819,41.819565,3542.302784
145.14,85.383649,0.950801,41.819565,3542.302784
145.16,85.383649,0.950787,41.819565,3542.302784
145.18,85.383649,0.950780,41.819565,3542.302784
145.20,85.383649,0.950780,41.819565,3542.302784
145.22,85.383649,0.950780,41.819565,3542.302784
145.24,85.383649,0.950780,41.819565,3542.302784
145.26,85.383649,0.950780,41.819565,3542.302784
145.28,85.383649,0.950780,41.819565,3542.302784
145.30,85.383649,0.950780,41.819565,3542.302784
145.32,85.383649,0.950780,41.819565,3542.302784
145.34,85.383649,0.950780,41.819565,3542.302784
145.36,85.383649,0.950780,41.819565,3542.302784
145.38,85.383649,0.950780,41.819565,3542.302784
145.40,85.383649,0.950780,41.819565,3542.302784
145.42,85.383649,0.950780,41.819565,3542.302784
145.44,85.383649,0.950780,41.819565,3542.302784
145.46,85.383649,0.950780,41.819565,3542.302784
145.48,85.383649,0.950780,41.819565,3542.302784
145.50,85.383649,0.950780,41.819565,3542.302784
145.52,85.383649,0.950780,41.819565,3542.302784
145.54,85.596318,0.950780,41.605823,3532.437979
145.56,85.596318,0.950780,41.605823,3532.437979
145.58,85.596318,0.950780,41.605823,3532.437979
145.60,85.596318,0.950780,41.605823,3532.437979
145.62,85.596318,0.950753,41.605823,3532.437979
145.64,85.596318,0.950702,41.605823,3532.437979
145.66,85.596318,0.950638,41.605823,3532.437979
145.68,85.596318,0.950573,41.605823,3532.437979
145.70,85.596318,0.950513,41.605823,3532.437979
145.72,85.596318,0.950459,41.605823,3532.437979
145.74,85.596318,0.950413,41.605823,3532.437979
145.76,85.596318,0.950374,41.605823,3532.437979
145.78,85.596318,0.950342,41.605823,3532.437979
145.80,85.596318,0.950315,41.605823,3532.437979
145.82,85.596318,0.950292,41.605823,3532.437979
145.84,85.596318,0.950274,41.605823,3532.437979
145.86,85.596318,0.950259,41.605823,3532.437979
145.88,85.596318,0.950251,41.605823,3532.437979
145.90,85.596318,0.950251,41.605823,3532.437979
145.92,85.596318,0.950251,41.605823,3532.437979
145.94,85.596318,0.950251,41.605823,3532.437979
145.96,85.596318,0.950251,41.605823,3532.437979
145.98,85.596318,0.950251,41.605823,3532.437979
146.00,85.596318,0.950251,41.605823,3532.437979
146.02,85.596318,0.950251,41.605823,3532.437979
146.04,85.596318,0.950251,41.605823,3532.437979
146.06,85.596318,0.950251,41.605823,3532.437979
146.08,85.596318,0.950251,41.605823,3532.437979
146.10,85.596318,0.950251,41.605823,3532.437979
146.12,85.596318,0.950251,41.605823,3532.437979
146.14,85.596318,0.950251,41.605823,3532.437979
146.16,85.596318,0.950251,41.605823,3532.437979
146.18,85.596318,0.950251,41.605823,3532.437979
146.20,85.596318,0.950251,41.605823,3532.437979
146.22,85.596318,0.950251,41.605823,3532.437979
146.24,85.811057,0.950251,41.394134,3522.621058
146.26,85.811057,0.950251,41.394134,3522.621058
146.28,85.811057,0.950251,41.394134,3522.621058
146.30,85.811057,0.950251,41.394134,3522.621058
146.32,85.811057,0.950230,41.394134,3522.621058
146.34,85.811057,0.950188,41.394134,3522.621058
146.36,85.811057,0.950137,41.394134,3522.621058
146.38,85.811057,0.950085,41.394134,3522.621058
146.40,85.811057,0.950036,41.394134,3522.621058
146.42,85.811057,0.949993,41.394134,3522.621058
146.44,85.811057,0.949956,41.394134,3522.621058
146.46,85.811057,0.949924,41.394134,3522.621058
146.48,85.811057,0.949898,41.394134,3522.621058
146.50,85.811057,0.949876,41.394134,3522.621058
146.52,85.811057,0.949858,41.394134,3522.621058
146.54,85.811057,0.949843,41.394134,3522.621058
146.56,85.811057,0.949831,41.394134,3522.621058
146.58,85.811057,0.949825,41.394134,3522.621058
146.60,85.811057,0.949825,41.394134,3522.621058
146.62,85.811057,0.949825,41.394134,3522.621058
146.64,85.811057,0.949825,41.394134,3522.621058
146.66,85.811057,0.949825,41.394134,3522.621058
146.68,85.811057,0.949825,41.394134,3522.621058
146.70,85.811057,0.949825,41.394134,3522.621058
146.72,85.811057,0.949825,41.394134,3522.621058
146.74,85.811057,0.949825,41.394134,3522.621058
146.76,85.811057,0.949825,41.394134,3522.621058
146.78,85.811057,0.949825,41.394134,3522.621058
146.80,85.811057,0.949825,41.394134,3522.621058
146.82,85.811057,0.949825,41.394134,3522.621058
146.84,85.811057,0.949825,41.394134,3522.621058
146.86,85.811057,0.949825,41.394134,3522.621058
146.88,85.811057,0.949825,41.394134,3522.621058
146.90,85.811057,0.949825,41.394134,3522.621058
146.92,85.811057,0.949825,41.394134,3522.621058
146.94,86.027542,0.949825,41.185741,3513.273744
146.96,86.027542,0.949825,41.185741,3513.273744
146.98,86.027542,0.949825,41.185741,3513.273744
147.00,86.027542,0.949825,41.185741,3513.273744
147.02,86.027542,0.949809,41.185741,3513.273744
147.04,86.027542,0.949776,41.185741,3513.273744
147.06,86.027542,0.949736,41.185741,3513.273744
147.08,86.027542,0.949696,41.185741,3513.273744
147.10,86.027542,0.949658,41.185741,3513.273744
147.12,86.027542,0.949624,41.185741,3513.273744
147.14,86.027542,0.949595,41.185741,3513.273744
147.16,86.027542,0.949571,41.185741,3513.273744
147.18,86.027542,0.949550,41.185741,3513.273744
147.20,86.027542,0.949533,41.185741,3513.273744
147.22,86.027542,0.949519,41.185741,3513.273744
147.24,86.027542,0.949507,41.185741,3513.273744
147.26,86.027542,0.949498,41.185741,3513.273744
147.28,86.027542,0.949493,41.185741,3513.273744
147.30,86.027542,0.949493,41.185741,3513.273744
147.32,86.027542,0.949493,41.185741,3513.273744
147.34,86.027542,0.949493,41.185741,3513.273744
147.36,86.027542,0.949493,41.185741,3513.273744
147.38,86.027542,0.949493,41.185741,3513.273744
147.40,86.027542,0.949493,41.185741,3513.273744
147.42,86.027542,0.949493,41.185741,3513.273744
147.44,86.027542,0.949493,41.185741,3513.273744
147.46,86.027542,0.949493,41.185741,3513.273744
147.48,86.027542,0.949493,41.185741,3513.273744
147.50,86.027542,0.949493,41.185741,3513.273744
147.52,86.027542,0.949493,41.185741,3513.273744
147.54,86.027542,0.949493,41.185741,3513.273744
147.56,86.027542,0.949493,41.185741,3513.273744
147.58,86.027542,0.949493,41.185741,3513.273744
147.60,86.027542,0.949493,41.185741,3513.273744
147.62,86.027542,0.949493,41.185741,3513.273744
147.64,86.245368,0.949493,40.980974,3504.306621
147.66,86.245368,0.949493,40.980974,3504.306621
147.68,86.245368,0.949493,40.980974,3504.306621
147.70,86.245368,0.949493,40.980974,3504.306621
147.72,86.245368,0.949479,40.980974,3504.306621
147.74,86.245368,0.949449,40.980974,3504.306621
147.76,86.245368,0.949414,40.980974,3504.306621
147.78,86.245368,0.949377,40.980974,3504.306621
147.80,86.245368,0.949342,40.980974,3504.306621
147.82,86.245368,0.949312,40.980974,3504.306621
147.84,86.245368,0.949286,40.980974,3504.306621
147.86,86.245368,0.949264,40.980974,3504.306621
147.88,86.245368,0.949246,40.980974,3504.306621
147.90,86.245368,0.949231,40.980974,3504.306621
147.92,86.245368,0.949218,40.980974,3504.306621
147.94,86.245368,0.949207,40.980974,3504.306621
147.96,86.245368,0.949199,40.980974,3504.306621
147.98,86.245368,0.949195,40.980974,3504.306621
148.00,86.245368,0.949195,40.980974,3504.306621
148.02,86.245368,0.949195,40.980974,3504.306621
148.04,86.245368,0.949195,40.980974,3504.306621
148.06,86.245368,0.949195,40.980974,3504.306621
148.08,86.245368,0.949195,40.980974,3504.306621
148.10,86.245368,0.949195,40.980974,3504.306621
148.12,86.245368,0.949195,40.980974,3504.306621
148.14,86.245368,0.949195,40.980974,3504.306621
148.16,86.245368,0.949195,40.980974,3504.306621
148.18,86.245368,0.949195,40.980974,3504.306621
148.20,86.245368,0.949195,40.980974,3504.306621
148.22,86.245368,0.949195,40.980974,3504.306621
148.24,86.245368,0.949195,40.980974,3504.306621
148.26,86.245368,0.949195,40.980974,3504.306621
148.28,86.245368,0.949195,40.980974,3504.306621
148.30,86.245368,0.949195,40.980974,3504.306621
148.32,86.245368,0.949195,40.980974,3504.306621
148.34,86.464541,0.949195,40.776142,3494.982168
148.36,86.464541,0.949195,40.776142,3494.982168
148.38,86.464541,0.949195,40.776142,3494.982168
148.40,86.464541,0.949195,40.776142,3494.982168
148.42,86.464541,0.949178,40.776142,3494.982168
148.44,86.464541,0.949146,40.776142,3494.982168
148.46,86.464541,0.949106,40.776142,3494.982168
148.48,86.464541,0.949065,40.776142,3494.982168
148.50,86.464541,0.949027,40.776142,3494.982168
148.52,86.464541,0.948993,40.776142,3494.982168
148.54,86.464541,0.948964,40.776142,3494.982168
148.56,86.464541,0.948940,40.776142,3494.982168
148.58,86.464541,0.948920,40.776142,3494.982168
148.60,86.464541,0.948903,40.776142,3494.982168
148.62,86.464541,0.948888,40.776142,3494.982168
148.64,86.464541,0.948877,40.776142,3494.982168
148.66,86.464541,0.948867,40.776142,3494.982168
148.68,86.464541,0.948863,40.776142,3494.982168
148.70,86.464541,0.948863,40.776142,3494.982168
148.72,86.464541,0.948863,40.776142,3494.982168
148.74,86.464541,0.948863,40.776142,3494.982168
148.76,86.464541,0.948863,40.776142,3494.982168
148.78,86.464541,0.948863,40.776142,3494.982168
148.80,86.464541,0.948863,40.776142,3494.982168
148.82,86.464541,0.948863,40.776142,3494.982168
148.84,86.464541,0.948863,40.776142,3494.982168
148.86,86.464541,0.948863,40.776142,3494.982168
148.88,86.464541,0.948863,40.776142,3494.982168
148.90,86.464541,0.948863,40.776142,3494.982168
148.92,86.464541,0.948863,40.776142,3494.982168
148.94,86.464541,0.948863,40.776142,3494.982168
148.96,86.464541,0.948863,40.776142,3494.982168
148.98,86.464541,0.948863,40.776142,3494.982168
149.00,86.464541,0.948863,40.776142,3494.982168
149.02,86.464541,0.948863,40.776142,3494.982168
149.04,86.685649,0.948863,40.577632,3486.963870
149.06,86.685649,0.948863,40.577632,3486.963870
149.08,86.685649,0.948863,40.577632,3486.963870
149.10,86.685649,0.948863,40.577632,3486.963870
149.12,86.685649,0.948842,40.577632,3486.963870
149.14,86.685649,0.948801,40.577632,3486.963870
149.16,86.685649,0.948752,40.577632,3486.963870
149.18,86.685649,0.948701,40.577632,3486.963870
149.20,86.685649,0.948653,40.577632,3486.963870
149.22,86.685649,0.948611,40.577632,3486.963870
149.24,86.685649,0.948575,40.577632,3486.963870
149.26,86.685649,0.948544,40.577632,3486.963870
149.28,86.685649,0.948519,40.577632,3486.963870
149.30,86.685649,0.948498,40.577632,3486.963870
149.32,86.685649,0.948480,40.577632,3486.963870
149.34,86.685649,0.948465,40.577632,3486.963870
149.36,86.685649,0.948454,40.577632,3486.963870
149.38,86.685649,0.948448,40.577632,3486.963870
149.40,86.685649,0.948448,40.577632,3486.963870
149.42,86.685649,0.948448,40.577632,3486.963870
149.44,86.685649,0.948448,40.577632,3486.963870
149.46,86.685649,0.948448,40.577632,3486.963870
149.48,86.685649,0.948448,40.577632,3486.963870
149.50,86.685649,0.948448,40.577632,3486.963870
149.52,86.685649,0.948448,40.577632,3486.963870
149.54,86.685649,0.948448,40.577632,3486.963870
149.56,86.685649,0.948448,40.577632,3486.963870
149.58,86.685649,0.948448,40.577632,3486.963870
149.60,86.685649,0.948448,40.577632,3486.963870
149.62,86.685649,0.948448,40.577632,3486.963870
149.64,86.685649,0.948448,40.577632,3486.963870
149.66,86.685649,0.948448,40.577632,3486.963870
149.68,86.685649,0.948448,40.577632,3486.963870
149.70,86.685649,0.948448,40.577632,3486.963870
149.72,86.685649,0.948448,40.577632,3486.963870
149.74,86.909725,0.948448,40.381496,3478.903104
149.76,86.909725,0.948448,40.381496,3478.903104
149.78,86.909725,0.948448,40.381496,3478.903104
149.80,86.909725,0.948448,40.381496,3478.903104
149.82,86.909725,0.948421,40.381496,3478.903104
149.84,86.909725,0.948370,40.381496,3478.903104
149.86,86.909725,0.948307,40.381496,3478.903104
149.88,86.909725,0.948243,40.381496,3478.903104
149.90,86.909725,0.948182,40.381496,3478.903104
149.92,86.909725,0.948129,40.381496,3478.903104
149.94,86.909725,0.948083,40.381496,3478.903104
149.96,86.909725,0.948044,40.381496,3478.903104
149.98,86.909725,0.948012,40.381496,3478.903104
150.00,86.909725,0.947985,40.381496,3478.903104
150.02,86.909725,0.947962,40.381496,3478.903104
150.04,86.909725,0.947944,40.381496,3478.903104
150.06,86.909725,0.947929,40.381496,3478.903104
150.08,86.909725,0.947921,40.381496,3478.903104
150.10,86.909725,0.947921,40.381496,3478.903104
150.12,86.909725,0.947921,40.381496,3478.903104
150.14,86.909725,0.947921,40.381496,3478.903104
150.16,86.909725,0.947921,40.381496,3478.903104
150.18,86.909725,0.947921,40.381496,3478.903104
150.20,86.909725,0.947921,40.381496,3478.903104
150.22,86.909725,0.947921,40.381496,3478.903104
150.24,86.909725,0.947921,40.381496,3478.903104
150.26,86.909725,0.947921,40.381496,3478.903104
150.28,86.909725,0.947921,40.381496,3478.903104
150.30,86.909725,0.947921,40.381496,3478.903104
150.32,86.909725,0.947921,40.381496,3478.903104
150.34,86.909725,0.947921,40.381496,3478.903104
150.36,86.909725,0.947921,40.381496,3478.903104
150.38,86.909725,0.947921,40.381496,3478.903104
150.40,86.909725,0.947921,40.381496,3478.903104
150.42,86.909725,0.947921,40.381496,3478.903104
150.44,87.138150,0.947921,40.189274,3471.587781
150.46,87.138150,0.947921,40.189274,3471.587781
150.48,87.138150,0.947921,40.189274,3471.587781
150.50,87.138150,0.947921,40.189274,3471.587781
150.52,87.138150,0.947891,40.189274,3471.587781
150.54,87.138150,0.947834,40.189274,3471.587781
150.56,87.138150,0.947766,40.189274,3471.587781
150.58,87.138150,0.947697,40.189274,3471.587781
150.60,87.138150,0.947633,40.189274,3471.587781
150.62,87.138150,0.947577,40.189274,3471.587781
150.64,87.138150,0.947529,40.189274,3471.587781
150.66,87.138150,0.947489,40.189274,3471.587781
150.68,87.138150,0.947455,40.189274,3471.587781
150.70,87.138150,0.947427,40.189274,3471.587781
150.72,87.138150,0.947404,40.189274,3471.587781
150.74,87.138150,0.947385,40.189274,3471.587781
150.76,87.138150,0.947372,40.189274,3471.587781
150.78,87.138150,0.947370,40.189274,3471.587781
150.80,87.138150,0.947370,40.189274,3471.587781
150.82,87.138150,0.947370,40.189274,3471.587781
150.84,87.138150,0.947370,40.189274,3471.587781
150.86,87.138150,0.947370,40.189274,3471.587781
150.88,87.138150,0.947370,40.189274,3471.587781
150.90,87.138150,0.947370,40.189274,3471.587781
150.92,87.138150,0.947370,40.189274,3471.587781
150.94,87.138150,0.947370,40.189274,3471.587781
150.96,87.138150,0.947370,40.189274,3471.587781
150.98,87.138150,0.947370,40.189274,3471.587781
151.00,87.138150,0.947370,40.189274,3471.587781
151.02,87.138150,0.947370,40.189274,3471.587781
151.04,87.138150,0.947370,40.189274,3471.587781
151.06,87.138150,0.947370,40.189274,3471.587781
151.08,87.138150,0.947369,40.189274,3471.587781
151.10,87.138150,0.947369,40.189274,3471.587781
151.12,87.371559,0.947369,40.207432,3438.828546
151.14,87.371559,0.947369,40.207432,3438.828546
151.16,87.371559,0.947369,40.207432,3438.828546
151.18,87.371559,0.947369,40.207432,3438.828546
151.20,87.371559,0.947346,40.207432,3438.828546
151.22,87.371559,0.947301,40.207432,3438.828546
151.24,87.371559,0.947246,40.207432,3438.828546
151.26,87.371559,0.947190,40.207432,3438.828546
151.28,87.371559,0.947138,40.207432,3438.828546
151.30,87.371559,0.947093,40.207432,3438.828546
151.32,87.371559,0.947054,40.207432,3438.828546
151.34,87.371559,0.947021,40.207432,3438.828546
151.36,87.371559,0.946994,40.207432,3438.828546
151.38,87.371559,0.946971,40.207432,3438.828546
151.40,87.371559,0.946952,40.207432,3438.828546
151.42,87.371559,0.946937,40.207432,3438.828546
151.44,87.371559,0.946926,40.207432,3438.828546
151.46,87.371559,0.946924,40.207432,3438.828546
151.48,87.371559,0.946924,40.207432,3438.828546
151.50,87.371559,0.946924,40.207432,3438.828546
151.52,87.371559,0.946924,40.207432,3438.828546
151.54,87.371559,0.946924,40.207432,3438.828546
151.56,87.371559,0.946924,40.207432,3438.828546
151.58,87.371559,0.946924,40.207432,3438.828546
151.60,87.371559,0.946924,40.207432,3438.828546
151.62,87.371559,0.946924,40.207432,3438.828546
151.64,87.371559,0.946924,40.207432,3438.828546
151.66,87.371559,0.946924,40.207432,3438.828546
151.68,87.371559,0.946924,40.207432,3438.828546
151.70,87.371559,0.946924,40.207432,3438.828546
151.72,87.371559,0.946924,40.207432,3438.828546
151.74,87.371559,0.946924,40.207432,3438.828546
151.76,87.371559,0.946924,40.207432,3438.828546
151.78,87.371559,0.946924,40.207432,3438.828546
151.80,87.609477,0.946924,40.195705,3410.290431
151.82,87.609477,0.946924,40.195705,3410.290431
151.84,87.609477,0.946924,40.195705,3410.290431
151.86,87.609477,0.946924,40.195705,3410.290431
151.88,87.609477,0.946906,40.195705,3410.290431
151.90,87.609477,0.946871,40.195705,3410.290431
151.92,87.609477,0.946829,40.195705,3410.290431
151.94,87.609477,0.946785,40.195705,3410.290431
151.96,87.609477,0.946745,40.195705,3410.290431
151.98,87.609477,0.946710,40.195705,3410.290431
152.00,87.609477,0.946680,40.195705,3410.290431
152.02,87.609477,0.946654,40.195705,3410.290431
152.04,87.609477,0.946633,40.195705,3410.290431
152.06,87.609477,0.946616,40.195705,3410.290431
152.08,87.609477,0.946601,40.195705,3410.290431
152.10,87.609477,0.946589,40.195705,3410.290431
152.12,87.609477,0.946580,40.195705,3410.290431
152.14,87.609477,0.946579,40.195705,3410.290431
152.16,87.609477,0.946579,40.195705,3410.290431
152.18,87.609477,0.946579,40.195705,3410.290431
152.20,87.609477,0.946579,40.195705,3410.290431
152.22,87.609477,0.946579,40.195705,3410.290431
152.24,87.609477,0.946579,40.195705,3410.290431
152.26,87.609477,0.946579,40.195705,3410.290431
152.28,87.609477,0.946579,40.195705,3410.290431
152.30,87.609477,0.946579,40.195705,3410.290431
152.32,87.609477,0.946579,40.195705,3410.290431
152.34,87.609477,0.946579,40.195705,3410.290431
152.36,87.609477,0.946579,40.195705,3410.290431
152.38,87.609477,0.946579,40.195705,3410.290431
152.40,87.609477,0.946579,40.195705,3410.290431
152.42,87.609477,0.946579,40.195705,3410.290431
152.44,87.609477,0.946579,40.195705,3410.290431
152.46,87.609477,0.946579,40.195705,3410.290431
152.48,87.851434,0.946579,40.022899,3396.325755
152.50,87.851434,0.946579,40.022899,3396.325755
152.52,87.851434,0.946579,40.022899,3396.325755
152.54,87.851434,0.946579,40.022899,3396.325755
152.56,87.851434,0.946563,40.022899,3396.325755
152.58,87.851434,0.946532,40.022899,3396.325755
152.60,87.851434,0.946495,40.022899,3396.325755
152.62,87.851434,0.946457,40.022899,3396.325755
152.64,87.851434,0.946422,40.022899,3396.325755
152.66,87.851434,0.946391,40.022899,3396.325755
152.68,87.851434,0.946364,40.022899,3396.325755
152.70,87.851434,0.946342,40.022899,3396.325755
152.72,87.851434,0.946323,40.022899,3396.325755
152.74,87.851434,0.946308,40.022899,3396.325755
152.76,87.851434,0.946295,40.022899,3396.325755
152.78,87.851434,0.946284,40.022899,3396.325755
152.80,87.851434,0.946277,40.022899,3396.325755
152.82,87.851434,0.946275,40.022899,3396.325755
152.84,87.851434,0.946275,40.022899,3396.325755
152.86,87.851434,0.946275,40.022899,3396.325755
152.88,87.851434,0.946275,40.022899,3396.325755
152.90,87.851434,0.946275,40.022899,3396.325755
152.92,87.851434,0.946275,40.022899,3396.325755
152.94,87.851434,0.946275,40.022899,3396.325755
152.96,87.851434,0.946275,40.022899,3396.325755
152.98,87.851434,0.946275,40.022899,3396.325755
153.00,87.851434,0.946275,40.022899,3396.325755
153.02,87.851434,0.946275,40.022899,3396.325755
153.04,87.851434,0.946275,40.022899,3396.325755
153.06,87.851434,0.946275,40.022899,3396.325755
153.08,87.851434,0.946275,40.022899,3396.325755
153.10,87.851434,0.946275,40.022899,3396.325755
153.12,87.851434,0.946275,40.022899,3396.325755
153.14,87.851434,0.946275,40.022899,3396.325755
153.16,88.097297,0.946275,39.813018,3384.966256
153.18,88.097297,0.946275,39.813018,3384.966256
153.20,88.097297,0.946275,39.813018,3384.966256
153.22,88.097297,0.946275,39.813018,3384.966256
153.24,88.097297,0.946258,39.813018,3384.966256
153.26,88.097297,0.946225,39.813018,3384.966256
153.28,88.097297,0.946185,39.813018,3384.966256
153.30,88.097297,0.946144,39.813018,3384.966256
153.32,88.097297,0.946106,39.813018,3384.966256
153.34,88.097297,0.946073,39.813018,3384.966256
153.36,88.097297,0.946044,39.813018,3384.966256
153.38,88.097297,0.946020,39.813018,3384.966256
153.40,88.097297,0.946000,39.813018,3384.966256
153.42,88.097297,0.945983,39.813018,3384.966256
153.44,88.097297,0.945969,39.813018,3384.966256
153.46,88.097297,0.945958,39.813018,3384.966256
153.48,88.097297,0.945949,39.813018,3384.966256
153.50,88.097297,0.945948,39.813018,3384.966256
153.52,88.097297,0.945948,39.813018,3384.966256
153.54,88.097297,0.945948,39.813018,3384.966256
153.56,88.097297,0.945948,39.813018,3384.966256
153.58,88.097297,0.945948,39.813018,3384.966256
153.60,88.097297,0.945948,39.813018,3384.966256
153.62,88.097297,0.945948,39.813018,3384.966256
153.64,88.097297,0.945948,39.813018,3384.966256
153.66,88.097297,0.945948,39.813018,3384.966256
153.68,88.097297,0.945948,39.813018,3384.966256
153.70,88.097297,0.945948,39.813018,3384.966256
153.72,88.097297,0.945948,39.813018,3384.966256
153.74,88.097297,0.945948,39.813018,3384.966256
153.76,88.097297,0.945948,39.813018,3384.966256
153.78,88.097297,0.945948,39.813018,3384.966256
153.80,88.097297,0.945948,39.813018,3384.966256
153.82,88.097297,0.945948,39.813018,3384.966256
153.84,88.347464,0.945948,39.604549,3376.390341
153.86,88.347464,0.945948,39.604549,3376.390341
153.88,88.347464,0.945948,39.604549,3376.390341
153.90,88.347464,0.945948,39.604549,3376.390341
153.92,88.347464,0.945927,39.604549,3376.390341
153.94,88.347464,0.945887,39.604549,3376.390341
153.96,88.347464,0.945837,39.604549,3376.390341
153.98,88.347464,0.945787,39.604549,3376.390341
154.00,88.347464,0.945740,39.604549,3376.390341
154.02,88.347464,0.945699,39.604549,3376.390341
154.04,88.347464,0.945664,39.604549,3376.390341
154.06,88.347464,0.945634,39.604549,3376.390341
154.08,88.347464,0.945609,39.604549,3376.390341
154.10,88.347464,0.945589,39.604549,3376.390341
154.12,88.347464,0.945572,39.604549,3376.390341
154.14,88.347464,0.945557,39.604549,3376.390341
154.16,88.347464,0.945548,39.604549,3376.390341
154.18,88.347464,0.945546,39.604549,3376.390341
154.20,88.347464,0.945546,39.604549,3376.390341
154.22,88.347464,0.945546,39.604549,3376.390341
154.24,88.347464,0.945546,39.604549,3376.390341
154.26,88.347464,0.945546,39.604549,3376.390341
154.28,88.347464,0.945546,39.604549,3376.390341
154.30,88.347464,0.945546,39.604549,3376.390341
154.32,88.347464,0.945546,39.604549,3376.390341
154.34,88.347464,0.945546,39.604549,3376.390341
154.36,88.347464,0.945546,39.604549,3376.390341
154.38,88.347464,0.945546,39.604549,3376.390341
154.40,88.347464,0.945546,39.604549,3376.390341
154.42,88.347464,0.945546,39.604549,3376.390341
154.44,88.347464,0.945546,39.604549,3376.390341
154.46,88.347464,0.945546,39.604549,3376.390341
154.48,88.347464,0.945546,39.604549,3376.390341
154.50,88.347464,0.945546,39.604549,3376.390341
154.52,88.602838,0.945546,39.395844,3367.500744
154.54,88.602838,0.945546,39.395844,3367.500744
154.56,88.602838,0.945546,39.395844,3367.500744
154.58,88.602838,0.945546,39.395844,3367.500744
154.60,88.602838,0.945519,39.395844,3367.500744
154.62,88.602838,0.945468,39.395844,3367.500744
154.64,88.602838,0.945406,39.395844,3367.500744
154.66,88.602838,0.945342,39.395844,3367.500744
154.68,88.602838,0.945282,39.395844,3367.500744
154.70,88.602838,0.945230,39.395844,3367.500744
154.72,88.602838,0.945185,39.395844,3367.500744
154.74,88.602838,0.945148,39.395844,3367.500744
154.76,88.602838,0.945116,39.395844,3367.500744
154.78,88.602838,0.945090,39.395844,3367.500744
154.80,88.602838,0.945068,39.395844,3367.500744
154.82,88.602838,0.945050,39.395844,3367.500744
154.84,88.602838,0.945038,39.395844,3367.500744
154.86,88.602838,0.945036,39.395844,3367.500744
154.88,88.602838,0.945036,39.395844,3367.500744
154.90,88.602838,0.945036,39.395844,3367.500744
154.92,88.602838,0.945036,39.395844,3367.500744
154.94,88.602838,0.945036,39.395844,3367.500744
154.96,88.602838,0.945036,39.395844,3367.500744
154.98,88.602838,0.945036,39.395844,3367.500744
155.00,88.602838,0.945036,39.395844,3367.500744
155.02,88.602838,0.945036,39.395844,3367.500744
155.04,88.602838,0.945036,39.395844,3367.500744
155.06,88.602838,0.945036,39.395844,3367.500744
155.08,88.602838,0.945036,39.395844,3367.500744
155.10,88.602838,0.945036,39.395844,3367.500744
155.12,88.602838,0.945036,39.395844,3367.500744
155.14,88.602838,0.945036,39.395844,3367.500744
155.16,88.602838,0.945036,39.395844,3367.500744
155.18,88.602838,0.945036,39.395844,3367.500744
155.20,88.864751,0.945036,39.189987,3359.451841
155.22,88.864751,0.945036,39.189987,3359.451841
155.24,88.864751,0.945036,39.189987,3359.451841
155.26,88.864751,0.945036,39.189987,3359.451841
155.28,88.864751,0.945006,39.189987,3359.451841
155.30,88.864751,0.944948,39.189987,3359.451841
155.32,88.864751,0.944878,39.189987,3359.451841
155.34,88.864751,0.944806,39.189987,3359.451841
155.36,88.864751,0.944739,39.189987,3359.451841
155.38,88.864751,0.944680,39.189987,3359.451841
155.40,88.864751,0.944629,39.189987,3359.451841
155.42,88.864751,0.944587,39.189987,3359.451841
155.44,88.864751,0.944552,39.189987,3359.451841
155.46,88.864751,0.944522,39.189987,3359.451841
155.48,88.864751,0.944498,39.189987,3359.451841
155.50,88.864751,0.944477,39.189987,3359.451841
155.52,88.864751,0.944463,39.189987,3359.451841
155.54,88.864751,0.944461,39.189987,3359.451841
155.56,88.864751,0.944461,39.189987,3359.451841
155.58,88.864751,0.944461,39.189987,3359.451841
155.60,88.864751,0.944461,39.189987,3359.451841
155.62,88.864751,0.944461,39.189987,3359.451841
155.64,88.864751,0.944461,39.189987,3359.451841
155.66,88.864751,0.944461,39.189987,3359.451841
155.68,88.864751,0.944461,39.189987,3359.451841
155.70,88.864751,0.944461,39.189987,3359.451841
155.72,88.864751,0.944461,39.189987,3359.451841
155.74,88.864751,0.944461,39.189987,3359.451841
155.76,88.864751,0.944461,39.189987,3359.451841
155.78,88.864751,0.944461,39.189987,3359.451841
155.80,88.864751,0.944461,39.189987,3359.451841
155.82,88.864751,0.944461,39.189987,3359.451841
155.84,88.864751,0.944461,39.189987,3359.451841
155.86,88.864751,0.944461,39.189987,3359.451841
155.88,89.134235,0.944461,38.984002,3351.321749
155.90,89.134235,0.944461,38.984002,3351.321749
155.92,89.134235,0.944461,38.984002,3351.321749
155.94,89.134235,0.944461,38.984002,3351.321749
155.96,89.134235,0.944435,38.984002,3351.321749
155.98,89.134235,0.944386,38.984002,3351.321749
156.00,89.134235,0.944326,38.984002,3351.321749
156.02,89.134235,0.944265,38.984002,3351.321749
156.04,89.134235,0.944208,38.984002,3351.321749
156.06,89.134235,0.944157,38.984002,3351.321749
156.08,89.134235,0.944114,38.984002,3351.321749
156.10,89.134235,0.944078,38.984002,3351.321749
156.12,89.134235,0.944048,38.984002,3351.321749
156.14,89.134235,0.944023,38.984002,3351.321749
156.16,89.134235,0.944002,38.984002,3351.321749
156.18,89.134235,0.943985,38.984002,3351.321749
156.20,89.134235,0.943972,38.984002,3351.321749
156.22,89.134235,0.943970,38.984002,3351.321749
156.24,89.134235,0.943970,38.984002,3351.321749
156.26,89.134235,0.943970,38.984002,3351.321749
156.28,89.134235,0.943970,38.984002,3351.321749
156.30,89.134235,0.943970,38.984002,3351.321749
156.32,89.134235,0.943970,38.984002,3351.321749
156.34,89.134235,0.943970,38.984002,3351.321749
156.36,89.134235,0.943970,38.984002,3351.321749
156.38,89.134235,0.943970,38.984002,3351.321749
156.40,89.134235,0.943970,38.984002,3351.321749
156.42,89.134235,0.943970,38.984002,3351.321749
156.44,89.134235,0.943970,38.984002,3351.321749
156.46,89.134235,0.943970,38.984002,3351.321749
156.48,89.134235,0.943970,38.984002,3351.321749
156.50,89.134235,0.943970,38.984002,3351.321749
156.52,89.134235,0.943970,38.984002,3351.321749
156.54,89.134235,0.943970,38.984002,3351.321749
156.56,89.410905,0.943970,38.779164,3343.677075
156.58,89.410905,0.943970,38.779164,3343.677075
156.60,89.410905,0.943970,38.779164,3343.677075
156.62,89.410905,0.943970,38.779164,3343.677075
156.64,89.410905,0.943951,38.779164,3343.677075
156.66,89.410905,0.943914,38.779164,3343.677075
156.68,89.410905,0.943869,38.779164,3343.677075
156.70,89.410905,0.943823,38.779164,3343.677075
156.72,89.410905,0.943780,38.779164,3343.677075
156.74,89.410905,0.943742,38.779164,3343.677075
156.76,89.410905,0.943709,38.779164,3343.677075
156.78,89.410905,0.943682,38.779164,3343.677075
156.80,89.410905,0.943659,38.779164,3343.677075
156.82,89.410905,0.943640,38.779164,3343.677075
156.84,89.410905,0.943624,38.779164,3343.677075
156.86,89.410905,0.943611,38.779164,3343.677075
156.88,89.410905,0.943602,38.779164,3343.677075
156.90,89.410905,0.943600,38.779164,3343.677075
156.92,89.410905,0.943600,38.779164,3343.677075
156.94,89.410905,0.943600,38.779164,3343.677075
156.96,89.410905,0.943600,38.779164,3343.677075
156.98,89.410905,0.943600,38.779164,3343.677075
157.00,89.410905,0.943600,38.779164,3343.677075
157.02,89.410905,0.943600,38.779164,3343.677075
157.04,89.410905,0.943600,38.779164,3343.677075
157.06,89.410905,0.943600,38.779164,3343.677075
157.08,89.410905,0.943600,38.779164,3343.677075
157.10,89.410905,0.943600,38.779164,3343.677075
157.12,89.410905,0.943600,38.779164,3343.677075
157.14,89.410905,0.943600,38.779164,3343.677075
157.16,89.410905,0.943600,38.779164,3343.677075
157.18,89.410905,0.943600,38.779164,3343.677075
157.20,89.410905,0.943600,38.779164,3343.677075
157.22,89.410905,0.943600,38.779164,3343.677075
157.24,89.693940,0.943600,38.576037,3336.432642
157.26,89.693940,0.943600,38.576037,3336.432642
157.28,89.693940,0.943600,38.576037,3336.432642
157.30,89.693940,0.943600,38.576037,3336.432642
157.32,89.693940,0.943583,38.576037,3336.432642
157.34,89.693940,0.943551,38.576037,3336.432642
157.36,89.693940,0.943512,38.576037,3336.432642
157.38,89.693940,0.943474,38.576037,3336.432642
157.40,89.693940,0.943438,38.576037,3336.432642
157.42,89.693940,0.943407,38.576037,3336.432642
157.44,89.693940,0.943380,38.576037,3336.432642
157.46,89.693940,0.943358,38.576037,3336.432642
157.48,89.693940,0.943340,38.576037,3336.432642
157.50,89.693940,0.943324,38.576037,3336.432642
157.52,89.693940,0.943311,38.576037,3336.432642
157.54,89.693940,0.943301,38.576037,3336.432642
157.56,89.693940,0.943296,38.576037,3336.432642
157.58,89.693940,0.943296,38.576037,3336.432642
157.60,89.693940,0.943296,38.576037,3336.432642
157.62,89.693940,0.943296,38.576037,3336.432642
157.64,89.693940,0.943296,38.576037,3336.432642
157.66,89.693940,0.943296,38.576037,3336.432642
157.68,89.693940,0.943296,38.576037,3336.432642
157.70,89.693940,0.943296,38.576037,3336.432642
157.72,89.693940,0.943296,38.576037,3336.432642
157.74,89.693940,0.943296,38.576037,3336.432642
157.76,89.693940,0.943296,38.576037,3336.432642
157.78,89.693940,0.943296,38.576037,3336.432642
157.80,89.693940,0.943296,38.576037,3336.432642
157.82,89.693940,0.943296,38.576037,3336.432642
157.84,89.693940,0.943296,38.576037,3336.432642
157.86,89.693940,0.943296,38.576037,3336.432642
157.88,89.693940,0.943296,38.576037,3336.432642
157.90,89.982722,0.943296,38.610919,3314.143868
157.92,89.982722,0.943296,38.610919,3314.143868
157.94,89.982722,0.943296,38.610919,3314.143868
157.96,89.982722,0.943296,38.610919,3314.143868
157.98,89.982722,0.943279,38.610919,3314.143868
158.00,89.982722,0.943247,38.610919,3314.143868
158.02,89.982722,0.943208,38.610919,3314.143868
158.04,89.982722,0.943169,38.610919,3314.143868
158.06,89.982722,0.943133,38.610919,3314.143868
158.08,89.982722,0.943101,38.610919,3314.143868
158.10,89.982722,0.943074,38.610919,3314.143868
158.12,89.982722,0.943051,38.610919,3314.143868
158.14,89.982722,0.943032,38.610919,3314.143868
158.16,89.982722,0.943017,38.610919,3314.143868
158.18,89.982722,0.943004,38.610919,3314.143868
158.20,89.982722,0.942993,38.610919,3314.143868
158.22,89.982722,0.942988,38.610919,3314.143868
158.24,89.982722,0.942988,38.610919,3314.143868
158.26,89.982722,0.942988,38.610919,3314.143868
158.28,89.982722,0.942988,38.610919,3314.143868
158.30,89.982722,0.942988,38.610919,3314.143868
158.32,89.982722,0.942988,38.610919,3314.143868
158.34,89.982722,0.942988,38.610919,3314.143868
158.36,89.982722,0.942988,38.610919,3314.143868
158.38,89.982722,0.942988,38.610919,3314.143868
158.40,89.982722,0.942988,38.610919,3314.143868
158.42,89.982722,0.942988,38.610919,3314.143868
158.44,89.982722,0.942988,38.610919,3314.143868
158.46,89.982722,0.942988,38.610919,3314.143868
158.48,89.982722,0.942988,38.610919,3314.143868
158.50,89.982722,0.942988,38.610919,3314.143868
158.52,89.982722,0.942988,38.610919,3314.143868
158.54,89.982722,0.942988,38.610919,3314.143868
158.56,90.277234,0.942988,38.616920,3285.326978
158.58,90.277234,0.942988,38.616920,3285.326978
158.60,90.277234,0.942988,38.616920,3285.326978
158.62,90.277234,0.942988,38.616920,3285.326978
158.64,90.277234,0.942967,38.616920,3285.326978
158.66,90.277234,0.942929,38.616920,3285.326978
158.68,90.277234,0.942882,38.616920,3285.326978
158.70,90.277234,0.942835,38.616920,3285.326978
158.72,90.277234,0.942790,38.616920,3285.326978
158.74,90.277234,0.942752,38.616920,3285.326978
158.76,90.277234,0.942719,38.616920,3285.326978
158.78,90.277234,0.942691,38.616920,3285.326978
158.80,90.277234,0.942668,38.616920,3285.326978
158.82,90.277234,0.942649,38.616920,3285.326978
158.84,90.277234,0.942633,38.616920,3285.326978
158.86,90.277234,0.942620,38.616920,3285.326978
158.88,90.277234,0.942613,38.616920,3285.326978
158.90,90.277234,0.942613,38.616920,3285.326978
158.92,90.277234,0.942613,38.616920,3285.326978
158.94,90.277234,0.942613,38.616920,3285.326978
158.96,90.277234,0.942613,38.616920,3285.326978
158.98,90.277234,0.942613,38.616920,3285.326978
159.00,90.277234,0.942613,38.616920,3285.326978
159.02,90.277234,0.942613,38.616920,3285.326978
159.04,90.277234,0.942613,38.616920,3285.326978
159.06,90.277234,0.942613,38.616920,3285.326978
159.08,90.277234,0.942613,38.616920,3285.326978
159.10,90.277234,0.942613,38.616920,3285.326978
159.12,90.277234,0.942613,38.616920,3285.326978
159.14,90.277234,0.942613,38.616920,3285.326978
159.16,90.277234,0.942613,38.616920,3285.326978
159.18,90.277234,0.942613,38.616920,3285.326978
159.20,90.277234,0.942613,38.616920,3285.326978
159.22,90.578343,0.942613,38.441185,3270.782406
159.24,90.578343,0.942613,38.441185,3270.782406
159.26,90.578343,0.942613,38.441185,3270.782406
159.28,90.578343,0.942613,38.441185,3270.782406
159.30,90.578343,0.942588,38.441185,3270.782406
159.32,90.578343,0.942538,38.441185,3270.782406
159.34,90.578343,0.942479,38.441185,3270.782406
159.36,90.578343,0.942418,38.441185,3270.782406
159.38,90.578343,0.942362,38.441185,3270.782406
159.40,90.578343,0.942312,38.441185,3270.782406
159.42,90.578343,0.942270,38.441185,3270.782406
159.44,90.578343,0.942234,38.441185,3270.782406
159.46,90.578343,0.942205,38.441185,3270.782406
159.48,90.578343,0.942180,38.441185,3270.782406
159.50,90.578343,0.942160,38.441185,3270.782406
159.52,90.578343,0.942144,38.441185,3270.782406
159.54,90.578343,0.942135,38.441185,3270.782406
159.56,90.578343,0.942135,38.441185,3270.782406
159.58,90.578343,0.942135,38.441185,3270.782406
159.60,90.578343,0.942135,38.441185,3270.782406
159.62,90.578343,0.942135,38.441185,3270.782406
159.64,90.578343,0.942135,38.441185,3270.782406
159.66,90.578343,0.942135,38.441185,3270.782406
159.68,90.578343,0.942135,38.441185,3270.782406
159.70,90.578343,0.942135,38.441185,3270.782406
159.72,90.578343,0.942135,38.441185,3270.782406
159.74,90.578343,0.942135,38.441185,3270.782406
159.76,90.578343,0.942135,38.441185,3270.782406
159.78,90.578343,0.942135,38.441185,3270.782406
159.80,90.578343,0.942135,38.441185,3270.782406
159.82,90.578343,0.942135,38.441185,3270.782406
159.84,90.578343,0.942135,38.441185,3270.782406
159.86,90.578343,0.942135,38.441185,3270.782406
159.88,90.887431,0.942135,38.232360,3261.711363
159.90,90.887431,0.942135,38.232360,3261.711363
159.92,90.887431,0.942135,38.232360,3261.711363
159.94,90.887431,0.942135,38.232360,3261.711363
159.96,90.887431,0.942104,38.232360,3261.711363
159.98,90.887431,0.942044,38.232360,3261.711363
160.00,90.887431,0.941972,38.232360,3261.711363
160.02,90.887431,0.941898,38.232360,3261.711363
160.04,90.887431,0.941829,38.232360,3261.711363
160.06,90.887431,0.941769,38.232360,3261.711363
160.08,90.887431,0.941718,38.232360,3261.711363
160.10,90.887431,0.941675,38.232360,3261.711363
160.12,90.887431,0.941639,38.232360,3261.711363
160.14,90.887431,0.941609,38.232360,3261.711363
160.16,90.887431,0.941584,38.232360,3261.711363
160.18,90.887431,0.941565,38.232360,3261.711363
160.20,90.887431,0.941554,38.232360,3261.711363
160.22,90.887431,0.941554,38.232360,3261.711363
160.24,90.887431,0.941554,38.232360,3261.711363
160.26,90.887431,0.941553,38.232360,3261.711363
160.28,90.887431,0.941553,38.232360,3261.711363
160.30,90.887431,0.941553,38.232360,3261.711363
160.32,90.887431,0.941553,38.232360,3261.711363
160.34,90.887431,0.941553,38.232360,3261.711363
160.36,90.887431,0.941553,38.232360,3261.711363
160.38,90.887431,0.941553,38.232360,3261.711363
160.40,90.887431,0.941553,38.232360,3261.711363
160.42,90.887431,0.941553,38.232360,3261.711363
160.44,90.887431,0.941553,38.232360,3261.711363
160.46,90.887431,0.941553,38.232360,3261.711363
160.48,90.887431,0.941553,38.232360,3261.711363
160.50,90.887431,0.941553,38.232360,3261.711363
160.52,90.887431,0.941553,38.232360,3261.711363
160.54,91.205973,0.941553,38.019374,3253.919817
160.56,91.205973,0.941553,38.019374,3253.919817
160.58,91.205973,0.941553,38.019374,3253.919817
160.60,91.205973,0.941553,38.019374,3253.919817
160.62,91.205973,0.941524,38.019374,3253.919817
160.64,91.205973,0.941468,38.019374,3253.919817
160.66,91.205973,0.941400,38.019374,3253.919817
160.68,91.205973,0.941330,38.019374,3253.919817
160.70,91.205973,0.941266,38.019374,3253.919817
160.72,91.205973,0.941209,38.019374,3253.919817
160.74,91.205973,0.941160,38.019374,3253.919817
160.76,91.205973,0.941119,38.019374,3253.919817
160.78,91.205973,0.941086,38.019374,3253.919817
160.80,91.205973,0.941057,38.019374,3253.919817
160.82,91.205973,0.941034,38.019374,3253.919817
160.84,91.205973,0.941015,38.019374,3253.919817
160.86,91.205973,0.941005,38.019374,3253.919817
160.88,91.205973,0.941005,38.019374,3253.919817
160.90,91.205973,0.941005,38.019374,3253.919817
160.92,91.205973,0.941005,38.019374,3253.919817
160.94,91.205973,0.941005,38.019374,3253.919817
160.96,91.205973,0.941005,38.019374,3253.919817
160.98,91.205973,0.941005,38.019374,3253.919817
161.00,91.205973,0.941005,38.019374,3253.919817
161.02,91.205973,0.941005,38.019374,3253.919817
161.04,91.205973,0.941005,38.019374,3253.919817
161.06,91.205973,0.941005,38.019374,3253.919817
161.08,91.205973,0.941005,38.019374,3253.919817
161.10,91.205973,0.941005,38.019374,3253.919817
161.12,91.205973,0.941005,38.019374,3253.919817
161.14,91.205973,0.941005,38.019374,3253.919817
161.16,91.205973,0.941005,38.019374,3253.919817
161.18,91.205973,0.941005,38.019374,3253.919817
161.20,91.533926,0.941005,37.807752,3246.861318
161.22,91.533926,0.941005,37.807752,3246.861318
161.24,91.533926,0.941005,37.807752,3246.861318
161.26,91.533926,0.941005,37.807752,3246.861318
161.28,91.533926,0.940983,37.807752,3246.861318
161.30,91.533926,0.940940,37.807752,3246.861318
161.32,91.533926,0.940888,37.807752,3246.861318
161.34,91.533926,0.940835,37.807752,3246.861318
161.36,91.533926,0.940786,37.807752,3246.861318
161.38,91.533926,0.940743,37.807752,3246.861318
161.40,91.533926,0.940706,37.807752,3246.861318
161.42,91.533926,0.940675,37.807752,3246.861318
161.44,91.533926,0.940649,37.807752,3246.861318
161.46,91.533926,0.940628,37.807752,3246.861318
161.48,91.533926,0.940610,37.807752,3246.861318
161.50,91.533926,0.940596,37.807752,3246.861318
161.52,91.533926,0.940588,37.807752,3246.861318
161.54,91.533926,0.940588,37.807752,3246.861318
161.56,91.533926,0.940588,37.807752,3246.861318
161.58,91.533926,0.940588,37.807752,3246.861318
161.60,91.533926,0.940588,37.807752,3246.861318
161.62,91.533926,0.940588,37.807752,3246.861318
161.64,91.533926,0.940588,37.807752,3246.861318
161.66,91.533926,0.940588,37.807752,3246.861318
161.68,91.533926,0.940588,37.807752,3246.861318
161.70,91.533926,0.940588,37.807752,3246.861318
161.72,91.533926,0.940588,37.807752,3246.861318
161.74,91.533926,0.940588,37.807752,3246.861318
161.76,91.533926,0.940588,37.807752,3246.861318
161.78,91.533926,0.940588,37.807752,3246.861318
161.80,91.533926,0.940588,37.807752,3246.861318
161.82,91.533926,0.940588,37.807752,3246.861318
161.84,91.533926,0.940588,37.807752,3246.861318
161.86,91.870194,0.940588,37.598297,3240.301066
161.88,91.870194,0.940588,37.598297,3240.301066
161.90,91.870194,0.940588,37.598297,3240.301066
161.92,91.870194,0.940588,37.598297,3240.301066
161.94,91.870194,0.940571,37.598297,3240.301066
161.96,91.870194,0.940538,37.598297,3240.301066
161.98,91.870194,0.940498,37.598297,3240.301066
162.00,91.870194,0.940458,37.598297,3240.301066
162.02,91.870194,0.940420,37.598297,3240.301066
162.04,91.870194,0.940387,37.598297,3240.301066
162.06,91.870194,0.940359,37.598297,3240.301066
162.08,91.870194,0.940335,37.598297,3240.301066
162.10,91.870194,0.940315,37.598297,3240.301066
162.12,91.870194,0.940299,37.598297,3240.301066
162.14,91.870194,0.940285,37.598297,3240.301066
162.16,91.870194,0.940274,37.598297,3240.301066
162.18,91.870194,0.940268,37.598297,3240.301066
162.20,91.870194,0.940268,37.598297,3240.301066
162.22,91.870194,0.940268,37.598297,3240.301066
162.24,91.870194,0.940268,37.598297,3240.301066
162.26,91.870194,0.940268,37.598297,3240.301066
162.28,91.870194,0.940268,37.598297,3240.301066
162.30,91.870194,0.940268,37.598297,3240.301066
162.32,91.870194,0.940268,37.598297,3240.301066
162.34,91.870194,0.940268,37.598297,3240.301066
162.36,91.870194,0.940268,37.598297,3240.301066
162.38,91.870194,0.940268,37.598297,3240.301066
162.40,91.870194,0.940268,37.598297,3240.301066
162.42,91.870194,0.940268,37.598297,3240.301066
162.44,91.870194,0.940268,37.598297,3240.301066
162.46,91.870194,0.940268,37.598297,3240.301066
162.48,91.870194,0.940268,37.598297,3240.301066
162.50,91.870194,0.940268,37.598297,3240.301066
162.52,92.213801,0.940268,37.390956,3234.149327
162.54,92.213801,0.940268,37.390956,3234.149327
162.56,92.213801,0.940268,37.390956,3234.149327
162.58,92.213801,0.940268,37.390956,3234.149327
162.60,92.213801,0.940253,37.390956,3234.149327
162.62,92.213801,0.940223,37.390956,3234.149327
162.64,92.213801,0.940186,37.390956,3234.149327
162.66,92.213801,0.940149,37.390956,3234.149327
162.68,92.213801,0.940115,37.390956,3234.149327
162.70,92.213801,0.940084,37.390956,3234.149327
162.72,92.213801,0.940058,37.390956,3234.149327
162.74,92.213801,0.940036,37.390956,3234.149327
162.76,92.213801,0.940018,37.390956,3234.149327
162.78,92.213801,0.940003,37.390956,3234.149327
162.80,92.213801,0.939990,37.390956,3234.149327
162.82,92.213801,0.939980,37.390956,3234.149327
162.84,92.213801,0.939975,37.390956,3234.149327
162.86,92.213801,0.939975,37.390956,3234.149327
162.88,92.213801,0.939975,37.390956,3234.149327
162.90,92.213801,0.939975,37.390956,3234.149327
162.92,92.213801,0.939975,37.390956,3234.149327
162.94,92.213801,0.939975,37.390956,3234.149327
162.96,92.213801,0.939975,37.390956,3234.149327
162.98,92.213801,0.939975,37.390956,3234.149327
163.00,92.213801,0.939975,37.390956,3234.149327
163.02,92.213801,0.939975,37.390956,3234.149327
163.04,92.213801,0.939975,37.390956,3234.149327
163.06,92.213801,0.939975,37.390956,3234.149327
163.08,92.213801,0.939975,37.390956,3234.149327
163.10,92.213801,0.939975,37.390956,3234.149327
163.12,92.213801,0.939975,37.390956,3234.149327
163.14,92.213801,0.939975,37.390956,3234.149327
163.16,92.213801,0.939975,37.390956,3234.149327
163.18,92.564342,0.939975,37.182444,3227.716322
163.20,92.564342,0.939975,37.182444,3227.716322
163.22,92.564342,0.939975,37.182444,3227.716322
163.24,92.564342,0.939975,37.182444,3227.716322
163.26,92.564342,0.939955,37.182444,3227.716322
163.28,92.564342,0.939919,37.182444,3227.716322
163.30,92.564342,0.939877,37.182444,3227.716322
163.32,92.564342,0.939834,37.182444,3227.716322
163.34,92.564342,0.939794,37.182444,3227.716322
163.36,92.564342,0.939760,37.182444,3227.716322
163.38,92.564342,0.939731,37.182444,3227.716322
163.40,92.564342,0.939706,37.182444,3227.716322
163.42,92.564342,0.939686,37.182444,3227.716322
163.44,92.564342,0.939669,37.182444,3227.716322
163.46,92.564342,0.939655,37.182444,3227.716322
163.48,92.564342,0.939645,37.182444,3227.716322
163.50,92.564342,0.939642,37.182444,3227.716322
163.52,92.564342,0.939642,37.182444,3227.716322
163.54,92.564342,0.939642,37.182444,3227.716322
163.56,92.564342,0.939642,37.182444,3227.716322
163.58,92.564342,0.939642,37.182444,3227.716322
163.60,92.564342,0.939642,37.182444,3227.716322
163.62,92.564342,0.939642,37.182444,3227.716322
163.64,92.564342,0.939642,37.182444,3227.716322
163.66,92.564342,0.939642,37.182444,3227.716322
163.68,92.564342,0.939642,37.182444,3227.716322
163.70,92.564342,0.939642,37.182444,3227.716322
163.72,92.564342,0.939642,37.182444,3227.716322
163.74,92.564342,0.939642,37.182444,3227.716322
163.76,92.564342,0.939642,37.182444,3227.716322
163.78,92.564342,0.939642,37.182444,3227.716322
163.80,92.564342,0.939642,37.182444,3227.716322
163.82,92.921975,0.939642,37.189310,3202.007465
163.84,92.921975,0.939642,37.189310,3202.007465
163.86,92.921975,0.939642,37.189310,3202.007465
163.88,92.921975,0.939642,37.189310,3202.007465
163.90,92.921975,0.939619,37.189310,3202.007465
163.92,92.921975,0.939575,37.189310,3202.007465
163.94,92.921975,0.939523,37.189310,3202.007465
163.96,92.921975,0.939469,37.189310,3202.007465
163.98,92.921975,0.939420,37.189310,3202.007465
164.00,92.921975,0.939377,37.189310,3202.007465
164.02,92.921975,0.939340,37.189310,3202.007465
164.04,92.921975,0.939309,37.189310,3202.007465
164.06,92.921975,0.939284,37.189310,3202.007465
164.08,92.921975,0.939263,37.189310,3202.007465
164.10,92.921975,0.939245,37.189310,3202.007465
164.12,92.921975,0.939232,37.189310,3202.007465
164.14,92.921975,0.939229,37.189310,3202.007465
164.16,92.921975,0.939229,37.189310,3202.007465
164.18,92.921975,0.939229,37.189310,3202.007465
164.20,92.921975,0.939229,37.189310,3202.007465
164.22,92.921975,0.939229,37.189310,3202.007465
164.24,92.921975,0.939229,37.189310,3202.007465
164.26,92.921975,0.939229,37.189310,3202.007465
164.28,92.921975,0.939229,37.189310,3202.007465
164.30,92.921975,0.939229,37.189310,3202.007465
164.32,92.921975,0.939229,37.189310,3202.007465
164.34,92.921975,0.939229,37.189310,3202.007465
164.36,92.921975,0.939229,37.189310,3202.007465
164.38,92.921975,0.939229,37.189310,3202.007465
164.40,92.921975,0.939229,37.189310,3202.007465
164.42,92.921975,0.939229,37.189310,3202.007465
164.44,92.921975,0.939229,37.189310,3202.007465
164.46,93.287428,0.939229,37.173011,3174.183797
164.48,93.287428,0.939229,37.173011,3174.183797
164.50,93.287428,0.939229,37.173011,3174.183797
164.52,93.287428,0.939229,37.173011,3174.183797
164.54,93.287428,0.939200,37.173011,3174.183797
164.56,93.287428,0.939145,37.173011,3174.183797
164.58,93.287428,0.939078,37.173011,3174.183797
164.60,93.287428,0.939011,37.173011,3174.183797
164.62,93.287428,0.938948,37.173011,3174.183797
164.64,93.287428,0.938894,37.173011,3174.183797
164.66,93.287428,0.938847,37.173011,3174.183797
164.68,93.287428,0.938808,37.173011,3174.183797
164.70,93.287428,0.938775,37.173011,3174.183797
164.72,93.287428,0.938748,37.173011,3174.183797
164.74,93.287428,0.938726,37.173011,3174.183797
164.76,93.287428,0.938710,37.173011,3174.183797
164.78,93.287428,0.938706,37.173011,3174.183797
164.80,93.287428,0.938706,37.173011,3174.183797
164.82,93.287428,0.938706,37.173011,3174.183797
164.84,93.287428,0.938706,37.173011,3174.183797
164.86,93.287428,0.938706,37.173011,3174.183797
164.88,93.287428,0.938706,37.173011,3174.183797
164.90,93.287428,0.938706,37.173011,3174.183797
164.92,93.287428,0.938706,37.173011,3174.183797
164.94,93.287428,0.938706,37.173011,3174.183797
164.96,93.287428,0.938706,37.173011,3174.183797
164.98,93.287428,0.938706,37.173011,3174.183797
165.00,93.287428,0.938706,37.173011,3174.183797
165.02,93.287428,0.938706,37.173011,3174.183797
165.04,93.287428,0.938706,37.173011,3174.183797
165.06,93.287428,0.938706,37.173011,3174.183797
165.08,93.287428,0.938706,37.173011,3174.183797
165.10,93.662080,0.938706,36.994394,3162.126707
165.12,93.662080,0.938706,36.994394,3162.126707
165.14,93.662080,0.938706,36.994394,3162.126707
165.16,93.662080,0.938706,36.994394,3162.126707
165.18,93.662080,0.938674,36.994394,3162.126707
165.20,93.662080,0.938613,36.994394,3162.126707
165.22,93.662080,0.938540,36.994394,3162.126707
165.24,93.662080,0.938466,36.994394,3162.126707
165.26,93.662080,0.938397,36.994394,3162.126707
165.28,93.662080,0.938336,36.994394,3162.126707
165.30,93.662080,0.938285,36.994394,3162.126707
165.32,93.662080,0.938242,36.994394,3162.126707
165.34,93.662080,0.938206,36.994394,3162.126707
165.36,93.662080,0.938176,36.994394,3162.126707
165.38,93.662080,0.938151,36.994394,3162.126707
165.40,93.662080,0.938133,36.994394,3162.126707
165.42,93.662080,0.938129,36.994394,3162.126707
165.44,93.662080,0.938129,36.994394,3162.126707
165.46,93.662080,0.938129,36.994394,3162.126707
165.48,93.662080,0.938129,36.994394,3162.126707
165.50,93.662080,0.938129,36.994394,3162.126707
165.52,93.662080,0.938129,36.994394,3162.126707
165.54,93.662080,0.938129,36.994394,3162.126707
165.56,93.662080,0.938129,36.994394,3162.126707
165.58,93.662080,0.938129,36.994394,3162.126707
165.60,93.662080,0.938129,36.994394,3162.126707
165.62,93.662080,0.938129,36.994394,3162.126707
165.64,93.662080,0.938129,36.994394,3162.126707
165.66,93.662080,0.938129,36.994394,3162.126707
165.68,93.662080,0.938129,36.994394,3162.126707
165.70,93.662080,0.938129,36.994394,3162.126707
165.72,93.662080,0.938129,36.994394,3162.126707
165.74,94.046729,0.938129,36.780077,3153.746133
165.76,94.046729,0.938129,36.780077,3153.746133
165.78,94.046729,0.938129,36.780077,3153.746133
165.80,94.046729,0.938129,36.780077,3153.746133
165.82,94.046729,0.938103,36.780077,3153.746133
165.84,94.046729,0.938052,36.780077,3153.746133
165.86,94.046729,0.937992,36.780077,3153.746133
165.88,94.046729,0.937930,36.780077,3153.746133
165.90,94.046729,0.937873,36.780077,3153.746133
165.92,94.046729,0.937823,36.780077,3153.746133
165.94,94.046729,0.937780,36.780077,3153.746133
165.96,94.046729,0.937745,36.780077,3153.746133
165.98,94.046729,0.937715,36.780077,3153.746133
166.00,94.046729,0.937690,36.780077,3153.746133
166.02,94.046729,0.937670,36.780077,3153.746133
166.04,94.046729,0.937655,36.780077,3153.746133
166.06,94.046729,0.937651,36.780077,3153.746133
166.08,94.046729,0.937651,36.780077,3153.746133
166.10,94.046729,0.937651,36.780077,3153.746133
166.12,94.046729,0.937651,36.780077,3153.746133
166.14,94.046729,0.937651,36.780077,3153.746133
166.16,94.046729,0.937651,36.780077,3153.746133
166.18,94.046729,0.937651,36.780077,3153.746133
166.20,94.046729,0.937651,36.780077,3153.746133
166.22,94.046729,0.937651,36.780077,3153.746133
166.24,94.046729,0.937651,36.780077,3153.746133
166.26,94.046729,0.937651,36.780077,3153.746133
166.28,94.046729,0.937651,36.780077,3153.746133
166.30,94.046729,0.937651,36.780077,3153.746133
166.32,94.046729,0.937651,36.780077,3153.746133
166.34,94.046729,0.937651,36.780077,3153.746133
166.36,94.046729,0.937651,36.780077,3153.746133
166.38,94.440395,0.937651,36.559864,3146.735147
166.40,94.440395,0.937651,36.559864,3146.735147
166.42,94.440395,0.937651,36.559864,3146.735147
166.44,94.440395,0.937651,36.559864,3146.735147
166.46,94.440395,0.937632,36.559864,3146.735147
166.48,94.440395,0.937596,36.559864,3146.735147
166.50,94.440395,0.937553,36.559864,3146.735147
166.52,94.440395,0.937509,36.559864,3146.735147
166.54,94.440395,0.937467,36.559864,3146.735147
166.56,94.440395,0.937431,36.559864,3146.735147
166.58,94.440395,0.937401,36.559864,3146.735147
166.60,94.440395,0.937375,36.559864,3146.735147
166.62,94.440395,0.937354,36.559864,3146.735147
166.64,94.440395,0.937336,36.559864,3146.735147
166.66,94.440395,0.937321,36.559864,3146.735147
166.68,94.440395,0.937310,36.559864,3146.735147
166.70,94.440395,0.937308,36.559864,3146.735147
166.72,94.440395,0.937308,36.559864,3146.735147
166.74,94.440395,0.937308,36.559864,3146.735147
166.76,94.440395,0.937308,36.559864,3146.735147
166.78,94.440395,0.937308,36.559864,3146.735147
166.80,94.440395,0.937308,36.559864,3146.735147
166.82,94.440395,0.937307,36.559864,3146.735147
166.84,94.440395,0.937307,36.559864,3146.735147
166.86,94.440395,0.937307,36.559864,3146.735147
166.88,94.440395,0.937307,36.559864,3146.735147
166.90,94.440395,0.937307,36.559864,3146.735147
166.92,94.440395,0.937307,36.559864,3146.735147
166.94,94.440395,0.937307,36.559864,3146.735147
166.96,94.440395,0.937307,36.559864,3146.735147
166.98,94.440395,0.937307,36.559864,3146.735147
167.00,94.440395,0.937307,36.559864,3146.735147
167.02,94.841644,0.937307,36.340201,3140.306871
167.04,94.841644,0.937307,36.340201,3140.306871
167.06,94.841644,0.937307,36.340201,3140.306871
167.08,94.841644,0.937307,36.340201,3140.306871
167.10,94.841644,0.937293,36.340201,3140.306871
167.12,94.841644,0.937265,36.340201,3140.306871
167.14,94.841644,0.937231,36.340201,3140.306871
167.16,94.841644,0.937196,36.340201,3140.306871
167.18,94.841644,0.937164,36.340201,3140.306871
167.20,94.841644,0.937135,36.340201,3140.306871
167.22,94.841644,0.937111,36.340201,3140.306871
167.24,94.841644,0.937091,36.340201,3140.306871
167.26,94.841644,0.937074,36.340201,3140.306871
167.28,94.841644,0.937060,36.340201,3140.306871
167.30,94.841644,0.937049,36.340201,3140.306871
167.32,94.841644,0.937040,36.340201,3140.306871
167.34,94.841644,0.937038,36.340201,3140.306871
167.36,94.841644,0.937038,36.340201,3140.306871
167.38,94.841644,0.937038,36.340201,3140.306871
167.40,94.841644,0.937038,36.340201,3140.306871
167.42,94.841644,0.937038,36.340201,3140.306871
167.44,94.841644,0.937038,36.340201,3140.306871
167.46,94.841644,0.937038,36.340201,3140.306871
167.48,94.841644,0.937038,36.340201,3140.306871
167.50,94.841644,0.937038,36.340201,3140.306871
167.52,94.841644,0.937038,36.340201,3140.306871
167.54,94.841644,0.937038,36.340201,3140.306871
167.56,94.841644,0.937038,36.340201,3140.306871
167.58,94.841644,0.937038,36.340201,3140.306871
167.60,94.841644,0.937038,36.340201,3140.306871
167.62,94.841644,0.937038,36.340201,3140.306871
167.64,94.841644,0.937038,36.340201,3140.306871
167.66,95.249454,0.937038,36.114636,3132.631757
167.68,95.249454,0.937038,36.114636,3132.631757
167.70,95.249454,0.937038,36.114636,3132.631757
167.72,95.249454,0.937038,36.114636,3132.631757
167.74,95.249454,0.937022,36.114636,3132.631757
167.76,95.249454,0.936992,36.114636,3132.631757
167.78,95.249454,0.936957,36.114636,3132.631757
167.80,95.249454,0.936922,36.114636,3132.631757
167.82,95.249454,0.936890,36.114636,3132.631757
167.84,95.249454,0.936862,36.114636,3132.631757
167.86,95.249454,0.936838,36.114636,3132.631757
167.88,95.249454,0.936818,36.114636,3132.631757
167.90,95.249454,0.936801,36.114636,3132.631757
167.92,95.249454,0.936788,36.114636,3132.631757
167.94,95.249454,0.936777,36.114636,3132.631757
167.96,95.249454,0.936770,36.114636,3132.631757
167.98,95.249454,0.936770,36.114636,3132.631757
168.00,95.249454,0.936770,36.114636,3132.631757
168.02,95.249454,0.936770,36.114636,3132.631757
168.04,95.249454,0.936770,36.114636,3132.631757
168.06,95.249454,0.936770,36.114636,3132.631757
168.08,95.249454,0.936770,36.114636,3132.631757
168.10,95.249454,0.936770,36.114636,3132.631757
168.12,95.249454,0.936770,36.114636,3132.631757
168.14,95.249454,0.936770,36.114636,3132.631757
168.16,95.249454,0.936770,36.114636,3132.631757
168.18,95.249454,0.936770,36.114636,3132.631757
168.20,95.249454,0.936770,36.114636,3132.631757
168.22,95.249454,0.936770,36.114636,3132.631757
168.24,95.249454,0.936770,36.114636,3132.631757
168.26,95.249454,0.936770,36.114636,3132.631757
168.28,95.663317,0.936770,36.104470,3106.764657
168.30,95.663317,0.936770,36.104470,3106.764657
168.32,95.663317,0.936770,36.104470,3106.764657
168.34,95.663317,0.936770,36.104470,3106.764657
168.36,95.663317,0.936752,36.104470,3106.764657
168.38,95.663317,0.936717,36.104470,3106.764657
168.40,95.663317,0.936675,36.104470,3106.764657
168.42,95.663317,0.936633,36.104470,3106.764657
168.44,95.663317,0.936594,36.104470,3106.764657
168.46,95.663317,0.936561,36.104470,3106.764657
168.48,95.663317,0.936532,36.104470,3106.764657
168.50,95.663317,0.936508,36.104470,3106.764657
168.52,95.663317,0.936488,36.104470,3106.764657
168.54,95.663317,0.936471,36.104470,3106.764657
168.56,95.663317,0.936458,36.104470,3106.764657
168.58,95.663317,0.936450,36.104470,3106.764657
168.60,95.663317,0.936450,36.104470,3106.764657
168.62,95.663317,0.936450,36.104470,3106.764657
168.64,95.663317,0.936450,36.104470,3106.764657
168.66,95.663317,0.936450,36.104470,3106.764657
168.68,95.663317,0.936450,36.104470,3106.764657
168.70,95.663317,0.936450,36.104470,3106.764657
168.72,95.663317,0.936450,36.104470,3106.764657
168.74,95.663317,0.936450,36.104470,3106.764657
168.76,95.663317,0.936450,36.104470,3106.764657
168.78,95.663317,0.936450,36.104470,3106.764657
168.80,95.663317,0.936450,36.104470,3106.764657
168.82,95.663317,0.936450,36.104470,3106.764657
168.84,95.663317,0.936450,36.104470,3106.764657
168.86,95.663317,0.936450,36.104470,3106.764657
168.88,95.663317,0.936450,36.104470,3106.764657
168.90,96.083485,0.936450,36.077801,3079.106465
168.92,96.083485,0.936450,36.077801,3079.106465
168.94,96.083485,0.936450,36.077801,3079.106465
168.96,96.083485,0.936450,36.077801,3079.106465
168.98,96.083485,0.936426,36.077801,3079.106465
169.00,96.083485,0.936381,36.077801,3079.106465
169.02,96.083485,0.936327,36.077801,3079.106465
169.04,96.083485,0.936273,36.077801,3079.106465
169.06,96.083485,0.936222,36.077801,3079.106465
169.08,96.083485,0.936178,36.077801,3079.106465
169.10,96.083485,0.936141,36.077801,3079.106465
169.12,96.083485,0.936109,36.077801,3079.106465
169.14,96.083485,0.936083,36.077801,3079.106465
169.16,96.083485,0.936062,36.077801,3079.106465
169.18,96.083485,0.936044,36.077801,3079.106465
169.20,96.083485,0.936034,36.077801,3079.106465
169.22,96.083485,0.936034,36.077801,3079.106465
169.24,96.083485,0.936034,36.077801,3079.106465
169.26,96.083485,0.936034,36.077801,3079.106465
169.28,96.083485,0.936034,36.077801,3079.106465
169.30,96.083485,0.936034,36.077801,3079.106465
169.32,96.083485,0.936034,36.077801,3079.106465
169.34,96.083485,0.936034,36.077801,3079.106465
169.36,96.083485,0.936034,36.077801,3079.106465
169.38,96.083485,0.936034,36.077801,3079.106465
169.40,96.083485,0.936034,36.077801,3079.106465
169.42,96.083485,0.936034,36.077801,3079.106465
169.44,96.083485,0.936034,36.077801,3079.106465
169.46,96.083485,0.936034,36.077801,3079.106465
169.48,96.083485,0.936034,36.077801,3079.106465
169.50,96.083485,0.936034,36.077801,3079.106465
169.52,96.511117,0.936034,35.892743,3067.156370
169.54,96.511117,0.936034,35.892743,3067.156370
169.56,96.511117,0.936034,35.892743,3067.156370
169.58,96.511117,0.936034,35.892743,3067.156370
169.60,96.511117,0.936004,35.892743,3067.156370
169.62,96.511117,0.935947,35.892743,3067.156370
169.64,96.511117,0.935879,35.892743,3067.156370
169.66,96.511117,0.935810,35.892743,3067.156370
169.68,96.511117,0.935746,35.892743,3067.156370
169.70,96.511117,0.935690,35.892743,3067.156370
169.72,96.511117,0.935642,35.892743,3067.156370
169.74,96.511117,0.935602,35.892743,3067.156370
169.76,96.511117,0.935569,35.892743,3067.156370
169.78,96.511117,0.935541,35.892743,3067.156370
169.80,96.511117,0.935519,35.892743,3067.156370
169.82,96.511117,0.935506,35.892743,3067.156370
169.84,96.511117,0.935506,35.892743,3067.156370
169.86,96.511117,0.935506,35.892743,3067.156370
169.88,96.511117,0.935506,35.892743,3067.156370
169.90,96.511117,0.935506,35.892743,3067.156370
169.92,96.511117,0.935506,35.892743,3067.156370
169.94,96.511117,0.935506,35.892743,3067.156370
169.96,96.511117,0.935506,35.892743,3067.156370
169.98,96.511117,0.935506,35.892743,3067.156370
170.00,96.511117,0.935506,35.892743,3067.156370
170.02,96.511117,0.935506,35.892743,3067.156370
170.04,96.511117,0.935506,35.892743,3067.156370
170.06,96.511117,0.935506,35.892743,3067.156370
170.08,96.511117,0.935506,35.892743,3067.156370
170.10,96.511117,0.935506,35.892743,3067.156370
170.12,96.511117,0.935506,35.892743,3067.156370
170.14,96.947764,0.935506,35.680168,3060.600830
170.16,96.947764,0.935506,35.680168,3060.600830
170.18,96.947764,0.935506,35.680168,3060.600830
170.20,96.947764,0.935506,35.680168,3060.600830
170.22,96.947764,0.935475,35.680168,3060.600830
170.24,96.947764,0.935416,35.680168,3060.600830
170.26,96.947764,0.935345,35.680168,3060.600830
170.28,96.947764,0.935273,35.680168,3060.600830
170.30,96.947764,0.935206,35.680168,3060.600830
170.32,96.947764,0.935148,35.680168,3060.600830
170.34,96.947764,0.935098,35.680168,3060.600830
170.36,96.947764,0.935057,35.680168,3060.600830
170.38,96.947764,0.935022,35.680168,3060.600830
170.40,96.947764,0.934994,35.680168,3060.600830
170.42,96.947764,0.934971,35.680168,3060.600830
170.44,96.947764,0.934957,35.680168,3060.600830
170.46,96.947764,0.934957,35.680168,3060.600830
170.48,96.947764,0.934957,35.680168,3060.600830
170.50,96.947764,0.934957,35.680168,3060.600830
170.52,96.947764,0.934957,35.680168,3060.600830
170.54,96.947764,0.934957,35.680168,3060.600830
170.56,96.947764,0.934957,35.680168,3060.600830
170.58,96.947764,0.934957,35.680168,3060.600830
170.60,96.947764,0.934957,35.680168,3060.600830
170.62,96.947764,0.934957,35.680168,3060.600830
170.64,96.947764,0.934957,35.680168,3060.600830
170.66,96.947764,0.934957,35.680168,3060.600830
170.68,96.947764,0.934957,35.680168,3060.600830
170.70,96.947764,0.934957,35.680168,3060.600830
170.72,96.947764,0.934957,35.680168,3060.600830
170.74,96.947764,0.934957,35.680168,3060.600830
170.76,97.393855,0.934957,35.465006,3055.265854
170.78,97.393855,0.934957,35.465006,3055.265854
170.80,97.393855,0.934957,35.465006,3055.265854
170.82,97.393855,0.934957,35.465006,3055.265854
170.84,97.393855,0.934933,35.465006,3055.265854
170.86,97.393855,0.934887,35.465006,3055.265854
170.88,97.393855,0.934832,35.465006,3055.265854
170.90,97.393855,0.934775,35.465006,3055.265854
170.92,97.393855,0.934723,35.465006,3055.265854
170.94,97.393855,0.934678,35.465006,3055.265854
170.96,97.393855,0.934639,35.465006,3055.265854
170.98,97.393855,0.934607,35.465006,3055.265854
171.00,97.393855,0.934580,35.465006,3055.265854
171.02,97.393855,0.934557,35.465006,3055.265854
171.04,97.393855,0.934539,35.465006,3055.265854
171.06,97.393855,0.934528,35.465006,3055.265854
171.08,97.393855,0.934528,35.465006,3055.265854
171.10,97.393855,0.934528,35.465006,3055.265854
171.12,97.393855,0.934528,35.465006,3055.265854
171.14,97.393855,0.934528,35.465006,3055.265854
171.16,97.393855,0.934528,35.465006,3055.265854
171.18,97.393855,0.934528,35.465006,3055.265854
171.20,97.393855,0.934528,35.465006,3055.265854
171.22,97.393855,0.934528,35.465006,3055.265854
171.24,97.393855,0.934528,35.465006,3055.265854
171.26,97.393855,0.934528,35.465006,3055.265854
171.28,97.393855,0.934528,35.465006,3055.265854
171.30,97.393855,0.934528,35.465006,3055.265854
171.32,97.393855,0.934528,35.465006,3055.265854
171.34,97.393855,0.934528,35.465006,3055.265854
171.36,97.393855,0.934528,35.465006,3055.265854
171.38,97.848234,0.934528,35.252500,3050.716582
171.40,97.848234,0.934528,35.252500,3050.716582
171.42,97.848234,0.934528,35.252500,3050.716582
171.44,97.848234,0.934528,35.252500,3050.716582
171.46,97.848234,0.934512,35.252500,3050.716582
171.48,97.848234,0.934479,35.252500,3050.716582
171.50,97.848234,0.934441,35.252500,3050.716582
171.52,97.848234,0.934401,35.252500,3050.716582
171.54,97.848234,0.934364,35.252500,3050.716582
171.56,97.848234,0.934332,35.252500,3050.716582
171.58,97.848234,0.934305,35.252500,3050.716582
171.60,97.848234,0.934282,35.252500,3050.716582
171.62,97.848234,0.934263,35.252500,3050.716582
171.64,97.848234,0.934247,35.252500,3050.716582
171.66,97.848234,0.934235,35.252500,3050.716582
171.68,97.848234,0.934227,35.252500,3050.716582
171.70,97.848234,0.934227,35.252500,3050.716582
171.72,97.848234,0.934227,35.252500,3050.716582
171.74,97.848234,0.934227,35.252500,3050.716582
171.76,97.848234,0.934227,35.252500,3050.716582
171.78,97.848234,0.934227,35.252500,3050.716582
171.80,97.848234,0.934227,35.252500,3050.716582
171.82,97.848234,0.934227,35.252500,3050.716582
171.84,97.848234,0.934227,35.252500,3050.716582
171.86,97.848234,0.934227,35.252500,3050.716582
171.88,97.848234,0.934227,35.252500,3050.716582
171.90,97.848234,0.934227,35.252500,3050.716582
171.92,97.848234,0.934227,35.252500,3050.716582
171.94,97.848234,0.934227,35.252500,3050.716582
171.96,97.848234,0.934227,35.252500,3050.716582
171.98,97.848234,0.934227,35.252500,3050.716582
172.00,98.309541,0.934227,35.043165,3046.630533
172.02,98.309541,0.934227,35.043165,3046.630533
172.04,98.309541,0.934227,35.043165,3046.630533
172.06,98.309541,0.934227,35.043165,3046.630533
172.08,98.309541,0.934214,35.043165,3046.630533
172.10,98.309541,0.934188,35.043165,3046.630533
172.12,98.309541,0.934157,35.043165,3046.630533
172.14,98.309541,0.934125,35.043165,3046.630533
172.16,98.309541,0.934096,35.043165,3046.630533
172.18,98.309541,0.934070,35.043165,3046.630533
172.20,98.309541,0.934048,35.043165,3046.630533
172.22,98.309541,0.934029,35.043165,3046.630533
172.24,98.309541,0.934014,35.043165,3046.630533
172.26,98.309541,0.934001,35.043165,3046.630533
172.28,98.309541,0.933991,35.043165,3046.630533
172.30,98.309541,0.933985,35.043165,3046.630533
172.32,98.309541,0.933985,35.043165,3046.630533
172.34,98.309541,0.933985,35.043165,3046.630533
172.36,98.309541,0.933985,35.043165,3046.630533
172.38,98.309541,0.933985,35.043165,3046.630533
172.40,98.309541,0.933985,35.043165,3046.630533
172.42,98.309541,0.933985,35.043165,3046.630533
172.44,98.309541,0.933985,35.043165,3046.630533
172.46,98.309541,0.933985,35.043165,3046.630533
172.48,98.309541,0.933985,35.043165,3046.630533
172.50,98.309541,0.933985,35.043165,3046.630533
172.52,98.309541,0.933985,35.043165,3046.630533
172.54,98.309541,0.933985,35.043165,3046.630533
172.56,98.309541,0.933985,35.043165,3046.630533
172.58,98.309541,0.933985,35.043165,3046.630533
172.60,98.309541,0.933985,35.043165,3046.630533
172.62,98.776836,0.933985,34.826478,3040.673153
172.64,98.776836,0.933985,34.826478,3040.673153
172.66,98.776836,0.933985,34.826478,3040.673153
172.68,98.776836,0.933985,34.826478,3040.673153
172.70,98.776836,0.933969,34.826478,3040.673153
172.72,98.776836,0.933941,34.826478,3040.673153
172.74,98.776836,0.933908,34.826478,3040.673153
172.76,98.776836,0.933874,34.826478,3040.673153
172.78,98.776836,0.933843,34.826478,3040.673153
172.80,98.776836,0.933817,34.826478,3040.673153
172.82,98.776836,0.933794,34.826478,3040.673153
172.84,98.776836,0.933775,34.826478,3040.673153
172.86,98.776836,0.933759,34.826478,3040.673153
172.88,98.776836,0.933746,34.826478,3040.673153
172.90,98.776836,0.933737,34.826478,3040.673153
172.92,98.776836,0.933733,34.826478,3040.673153
172.94,98.776836,0.933733,34.826478,3040.673153
172.96,98.776836,0.933733,34.826478,3040.673153
172.98,98.776836,0.933733,34.826478,3040.673153
173.00,98.776836,0.933733,34.826478,3040.673153
173.02,98.776836,0.933733,34.826478,3040.673153
173.04,98.776836,0.933733,34.826478,3040.673153
173.06,98.776836,0.933733,34.826478,3040.673153
173.08,98.776836,0.933733,34.826478,3040.673153
173.10,98.776836,0.933733,34.826478,3040.673153
173.12,98.776836,0.933733,34.826478,3040.673153
173.14,98.776836,0.933733,34.826478,3040.673153
173.16,98.776836,0.933733,34.826478,3040.673153
173.18,98.776836,0.933733,34.826478,3040.673153
173.20,98.776836,0.933733,34.826478,3040.673153
173.22,99.249634,0.933733,34.842178,3023.954569
173.24,99.249634,0.933733,34.842178,3023.954569
173.26,99.249634,0.933733,34.842178,3023.954569
173.28,99.249634,0.933733,34.842178,3023.954569
173.30,99.249634,0.933715,34.842178,3023.954569
173.32,99.249634,0.933681,34.842178,3023.954569
173.34,99.249634,0.933640,34.842178,3023.954569
173.36,99.249634,0.933599,34.842178,3023.954569
173.38,99.249634,0.933561,34.842178,3023.954569
173.40,99.249634,0.933528,34.842178,3023.954569
173.42,99.249634,0.933500,34.842178,3023.954569
173.44,99.249634,0.933476,34.842178,3023.954569
173.46,99.249634,0.933457,34.842178,3023.954569
173.48,99.249634,0.933441,34.842178,3023.954569
173.50,99.249634,0.933429,34.842178,3023.954569
173.52,99.249634,0.933425,34.842178,3023.954569
173.54,99.249634,0.933425,34.842178,3023.954569
173.56,99.249634,0.933425,34.842178,3023.954569
173.58,99.249634,0.933425,34.842178,3023.954569
173.60,99.249634,0.933425,34.842178,3023.954569
173.62,99.249634,0.933425,34.842178,3023.954569
173.64,99.249634,0.933425,34.842178,3023.954569
173.66,99.249634,0.933425,34.842178,3023.954569
173.68,99.249634,0.933425,34.842178,3023.954569
173.70,99.249634,0.933425,34.842178,3023.954569
173.72,99.249634,0.933425,34.842178,3023.954569
173.74,99.249634,0.933425,34.842178,3023.954569
173.76,99.249634,0.933425,34.842178,3023.954569
173.78,99.249634,0.933425,34.842178,3023.954569
173.80,99.249634,0.933425,34.842178,3023.954569
173.82,99.728060,0.933425,34.836946,2995.605798
173.84,99.728060,0.933425,34.836946,2995.605798
173.86,99.728060,0.933425,34.836946,2995.605798
173.88,99.728060,0.933425,34.836946,2995.605798
173.90,99.728060,0.933402,34.836946,2995.605798
173.92,99.728060,0.933358,34.836946,2995.605798
173.94,99.728060,0.933305,34.836946,2995.605798
173.96,99.728060,0.933252,34.836946,2995.605798
173.98,99.728060,0.933202,34.836946,2995.605798
174.00,99.728060,0.933159,34.836946,2995.605798
174.02,99.728060,0.933123,34.836946,2995.605798
174.04,99.728060,0.933092,34.836946,2995.605798
174.06,99.728060,0.933067,34.836946,2995.605798
174.08,99.728060,0.933046,34.836946,2995.605798
174.10,99.728060,0.933030,34.836946,2995.605798
174.12,99.728060,0.933025,34.836946,2995.605798
174.14,99.728060,0.933025,34.836946,2995.605798
174.16,99.728060,0.933025,34.836946,2995.605798
174.18,99.728060,0.933025,34.836946,2995.605798
174.20,99.728060,0.933025,34.836946,2995.605798
174.22,99.728060,0.933025,34.836946,2995.605798
174.24,99.728060,0.933025,34.836946,2995.605798
174.26,99.728060,0.933025,34.836946,2995.605798
174.28,99.728060,0.933025,34.836946,2995.605798
174.30,99.728060,0.933024,34.836946,2995.605798
174.32,99.728060,0.933024,34.836946,2995.605798
174.34,99.728060,0.933024,34.836946,2995.605798
174.36,99.728060,0.933024,34.836946,2995.605798
174.38,99.728060,0.933024,34.836946,2995.605798
174.40,99.728060,0.933024,34.836946,2995.605798
174.42,100.212954,0.933024,34.659077,2983.688404
174.44,100.212954,0.933024,34.659077,2983.688404
174.46,100.212954,0.933024,34.659077,2983.688404
174.48,100.212954,0.933024,34.659077,2983.688404
174.50,100.212954,0.932996,34.659077,2983.688404
174.52,100.212954,0.932941,34.659077,2983.688404
174.54,100.212954,0.932874,34.659077,2983.688404
174.56,100.212954,0.932807,34.659077,2983.688404
174.58,100.212954,0.932745,34.659077,2983.688404
174.60,100.212954,0.932691,34.659077,2983.688404
174.62,100.212954,0.932645,34.659077,2983.688404
174.64,100.212954,0.932606,34.659077,2983.688404
174.66,100.212954,0.932574,34.659077,2983.688404
174.68,100.212954,0.932548,34.659077,2983.688404
174.70,100.212954,0.932528,34.659077,2983.688404
174.72,100.212954,0.932521,34.659077,2983.688404
174.74,100.212954,0.932521,34.659077,2983.688404
174.76,100.212954,0.932521,34.659077,2983.688404
174.78,100.212954,0.932521,34.659077,2983.688404
174.80,100.212954,0.932521,34.659077,2983.688404
174.82,100.212954,0.932521,34.659077,2983.688404
174.84,100.212954,0.932521,34.659077,2983.688404
174.86,100.212954,0.932521,34.659077,2983.688404
174.88,100.212954,0.932521,34.659077,2983.688404
174.90,100.212954,0.932521,34.659077,2983.688404
174.92,100.212954,0.932521,34.659077,2983.688404
174.94,100.212954,0.932521,34.659077,2983.688404
174.96,100.212954,0.932521,34.659077,2983.688404
174.98,100.212954,0.932521,34.659077,2983.688404
175.00,100.212954,0.932521,34.659077,2983.688404
175.02,100.705319,0.932521,34.445583,2976.911893
175.04,100.705319,0.932521,34.445583,2976.911893
175.06,100.705319,0.932521,34.445583,2976.911893
175.08,100.705319,0.932521,34.445583,2976.911893
175.10,100.705319,0.932491,34.445583,2976.911893
175.12,100.705319,0.932434,34.445583,2976.911893
175.14,100.705319,0.932365,34.445583,2976.911893
175.16,100.705319,0.932296,34.445583,2976.911893
175.18,100.705319,0.932231,34.445583,2976.911893
175.20,100.705319,0.932175,34.445583,2976.911893
175.22,100.705319,0.932127,34.445583,2976.911893
175.24,100.705319,0.932087,34.445583,2976.911893
175.26,100.705319,0.932053,34.445583,2976.911893
175.28,100.705319,0.932026,34.445583,2976.911893
175.30,100.705319,0.932005,34.445583,2976.911893
175.32,100.705319,0.931998,34.445583,2976.911893
175.34,100.705319,0.931998,34.445583,2976.911893
175.36,100.705319,0.931998,34.445583,2976.911893
175.38,100.705319,0.931998,34.445583,2976.911893
175.40,100.705319,0.931998,34.445583,2976.911893
175.42,100.705319,0.931998,34.445583,2976.911893
175.44,100.705319,0.931998,34.445583,2976.911893
175.46,100.705319,0.931998,34.445583,2976.911893
175.48,100.705319,0.931998,34.445583,2976.911893
175.50,100.705319,0.931998,34.445583,2976.911893
175.52,100.705319,0.931998,34.445583,2976.911893
175.54,100.705319,0.931998,34.445583,2976.911893
175.56,100.705319,0.931998,34.445583,2976.911893
175.58,100.705319,0.931998,34.445583,2976.911893
175.60,100.705319,0.931998,34.445583,2976.911893
175.62,101.205368,0.931998,34.225036,2971.097590
175.64,101.205368,0.931998,34.225036,2971.097590
175.66,101.205368,0.931998,34.225036,2971.097590
175.68,101.205368,0.931998,34.225036,2971.097590
175.70,101.205368,0.931975,34.225036,2971.097590
175.72,101.205368,0.931931,34.225036,2971.097590
175.74,101.205368,0.931878,34.225036,2971.097590
175.76,101.205368,0.931824,34.225036,2971.097590
175.78,101.205368,0.931774,34.225036,2971.097590
175.80,101.205368,0.931730,34.225036,2971.097590
175.82,101.205368,0.931693,34.225036,2971.097590
175.84,101.205368,0.931661,34.225036,2971.097590
175.86,101.205368,0.931635,34.225036,2971.097590
175.88,101.205368,0.931614,34.225036,2971.097590
175.90,101.205368,0.931598,34.225036,2971.097590
175.92,101.205368,0.931592,34.225036,2971.097590
175.94,101.205368,0.931592,34.225036,2971.097590
175.96,101.205368,0.931592,34.225036,2971.097590
175.98,101.205368,0.931592,34.225036,2971.097590
176.00,101.205368,0.931592,34.225036,2971.097590
176.02,101.205368,0.931592,34.225036,2971.097590
176.04,101.205368,0.931592,34.225036,2971.097590
176.06,101.205368,0.931592,34.225036,2971.097590
176.08,101.205368,0.931592,34.225036,2971.097590
176.10,101.205368,0.931592,34.225036,2971.097590
176.12,101.205368,0.931592,34.225036,2971.097590
176.14,101.205368,0.931592,34.225036,2971.097590
176.16,101.205368,0.931592,34.225036,2971.097590
176.18,101.205368,0.931592,34.225036,2971.097590
176.20,101.205368,0.931592,34.225036,2971.097590
176.22,101.712560,0.931592,34.004870,2965.935331
176.24,101.712560,0.931592,34.004870,2965.935331
176.26,101.712560,0.931592,34.004870,2965.935331
176.28,101.712560,0.931592,34.004870,2965.935331
176.30,101.712560,0.931574,34.004870,2965.935331
176.32,101.712560,0.931542,34.004870,2965.935331
176.34,101.712560,0.931505,34.004870,2965.935331
176.36,101.712560,0.931467,34.004870,2965.935331
176.38,101.712560,0.931432,34.004870,2965.935331
176.40,101.712560,0.931402,34.004870,2965.935331
176.42,101.712560,0.931377,34.004870,2965.935331
176.44,101.712560,0.931356,34.004870,2965.935331
176.46,101.712560,0.931338,34.004870,2965.935331
176.48,101.712560,0.931324,34.004870,2965.935331
176.50,101.712560,0.931315,34.004870,2965.935331
176.52,101.712560,0.931315,34.004870,2965.935331
176.54,101.712560,0.931315,34.004870,2965.935331
176.56,101.712560,0.931315,34.004870,2965.935331
176.58,101.712560,0.931315,34.004870,2965.935331
176.60,101.712560,0.931315,34.004870,2965.935331
176.62,101.712560,0.931315,34.004870,2965.935331
176.64,101.712560,0.931315,34.004870,2965.935331
176.66,101.712560,0.931315,34.004870,2965.935331
176.68,101.712560,0.931315,34.004870,2965.935331
176.70,101.712560,0.931315,34.004870,2965.935331
176.72,101.712560,0.931315,34.004870,2965.935331
176.74,101.712560,0.931315,34.004870,2965.935331
176.76,101.712560,0.931315,34.004870,2965.935331
176.78,101.712560,0.931315,34.004870,2965.935331
176.80,102.225769,0.931315,33.938298,2927.666605
176.82,102.225769,0.931315,33.938298,2927.666605
176.84,102.225769,0.931315,33.938298,2927.666605
176.86,102.225769,0.931315,33.938298,2927.666605
176.88,102.225769,0.931301,33.938298,2927.666605
176.90,102.225769,0.931277,33.938298,2927.666605
176.92,102.225769,0.931247,33.938298,2927.666605
176.94,102.225769,0.931217,33.938298,2927.666605
176.96,102.225769,0.931190,33.938298,2927.666605
176.98,102.225769,0.931166,33.938298,2927.666605
177.00,102.225769,0.931146,33.938298,2927.666605
177.02,102.225769,0.931129,33.938298,2927.666605
177.04,102.225769,0.931115,33.938298,2927.666605
177.06,102.225769,0.931104,33.938298,2927.666605
177.08,102.225769,0.931097,33.938298,2927.666605
177.10,102.225769,0.931097,33.938298,2927.666605
177.12,102.225769,0.931097,33.938298,2927.666605
177.14,102.225769,0.931097,33.938298,2927.666605
177.16,102.225769,0.931097,33.938298,2927.666605
177.18,102.225769,0.931097,33.938298,2927.666605
177.20,102.225769,0.931097,33.938298,2927.666605
177.22,102.225769,0.931097,33.938298,2927.666605
177.24,102.225769,0.931097,33.938298,2927.666605
177.26,102.225769,0.931097,33.938298,2927.666605
177.28,102.225769,0.931097,33.938298,2927.666605
177.30,102.225769,0.931097,33.938298,2927.666605
177.32,102.225769,0.931097,33.938298,2927.666605
177.34,102.225769,0.931097,33.938298,2927.666605
177.36,102.225769,0.931097,33.938298,2927.666605
177.38,102.743907,0.931097,33.883062,2902.722233
177.40,102.743907,0.931097,33.883062,2902.722233
177.42,102.743907,0.931097,33.883062,2902.722233
177.44,102.743907,0.931097,33.883062,2902.722233
177.46,102.743907,0.931083,33.883062,2902.722233
177.48,102.743907,0.931058,33.883062,2902.722233
177.50,102.743907,0.931027,33.883062,2902.722233
177.52,102.743907,0.930996,33.883062,2902.722233
177.54,102.743907,0.930968,33.883062,2902.722233
177.56,102.743907,0.930943,33.883062,2902.722233
177.58,102.743907,0.930922,33.883062,2902.722233
177.60,102.743907,0.930905,33.883062,2902.722233
177.62,102.743907,0.930890,33.883062,2902.722233
177.64,102.743907,0.930878,33.883062,2902.722233
177.66,102.743907,0.930871,33.883062,2902.722233
177.68,102.743907,0.930871,33.883062,2902.722233
177.70,102.743907,0.930871,33.883062,2902.722233
177.72,102.743907,0.930871,33.883062,2902.722233
177.74,102.743907,0.930871,33.883062,2902.722233
177.76,102.743907,0.930871,33.883062,2902.722233
177.78,102.743907,0.930871,33.883062,2902.722233
177.80,102.743907,0.930871,33.883062,2902.722233
177.82,102.743907,0.930871,33.883062,2902.722233
177.84,102.743907,0.930871,33.883062,2902.722233
177.86,102.743907,0.930871,33.883062,2902.722233
177.88,102.743907,0.930871,33.883062,2902.722233
177.90,102.743907,0.930871,33.883062,2902.722233
177.92,102.743907,0.930871,33.883062,2902.722233
177.94,102.743907,0.930871,33.883062,2902.722233
177.96,103.266339,0.930871,33.695885,2892.533429
177.98,103.266339,0.930871,33.695885,2892.533429
178.00,103.266339,0.930871,33.695885,2892.533429
178.02,103.266339,0.930871,33.695885,2892.533429
178.04,103.266339,0.930854,33.695885,2892.533429
178.06,103.266339,0.930823,33.695885,2892.533429
178.08,103.266339,0.930785,33.695885,2892.533429
178.10,103.266339,0.930747,33.695885,2892.533429
178.12,103.266339,0.930712,33.695885,2892.533429
178.14,103.266339,0.930682,33.695885,2892.533429
178.16,103.266339,0.930656,33.695885,2892.533429
178.18,103.266339,0.930634,33.695885,2892.533429
178.20,103.266339,0.930616,33.695885,2892.533429
178.22,103.266339,0.930601,33.695885,2892.533429
178.24,103.266339,0.930592,33.695885,2892.533429
178.26,103.266339,0.930592,33.695885,2892.533429
178.28,103.266339,0.930592,33.695885,2892.533429
178.30,103.266339,0.930592,33.695885,2892.533429
178.32,103.266339,0.930592,33.695885,2892.533429
178.34,103.266339,0.930592,33.695885,2892.533429
178.36,103.266339,0.930592,33.695885,2892.533429
178.38,103.266339,0.930592,33.695885,2892.533429
178.40,103.266339,0.930592,33.695885,2892.533429
178.42,103.266339,0.930592,33.695885,2892.533429
178.44,103.266339,0.930592,33.695885,2892.533429
178.46,103.266339,0.930592,33.695885,2892.533429
178.48,103.266339,0.930592,33.695885,2892.533429
178.50,103.266339,0.930592,33.695885,2892.533429
178.52,103.266339,0.930592,33.695885,2892.533429
178.54,103.792759,0.930592,33.483745,2886.697242
178.56,103.792759,0.930592,33.483745,2886.697242
178.58,103.792759,0.930592,33.483745,2886.697242
178.60,103.792759,0.930592,33.483745,2886.697242
178.62,103.792759,0.930571,33.483745,2886.697242
178.64,103.792759,0.930530,33.483745,2886.697242
178.66,103.792759,0.930482,33.483745,2886.697242
178.68,103.792759,0.930433,33.483745,2886.697242
178.70,103.792759,0.930388,33.483745,2886.697242
178.72,103.792759,0.930349,33.483745,2886.697242
178.74,103.792759,0.930316,33.483745,2886.697242
178.76,103.792759,0.930287,33.483745,2886.697242
178.78,103.792759,0.930264,33.483745,2886.697242
178.80,103.792759,0.930246,33.483745,2886.697242
178.82,103.792759,0.930233,33.483745,2886.697242
178.84,103.792759,0.930233,33.483745,2886.697242
178.86,103.792759,0.930233,33.483745,2886.697242
178.88,103.792759,0.930233,33.483745,2886.697242
178.90,103.792759,0.930233,33.483745,2886.697242
178.92,103.792759,0.930233,33.483745,2886.697242
178.94,103.792759,0.930233,33.483745,2886.697242
178.96,103.792759,0.930233,33.483745,2886.697242
178.98,103.792759,0.930233,33.483745,2886.697242
179.00,103.792759,0.930233,33.483745,2886.697242
179.02,103.792759,0.930233,33.483745,2886.697242
179.04,103.792759,0.930233,33.483745,2886.697242
179.06,103.792759,0.930233,33.483745,2886.697242
179.08,103.792759,0.930233,33.483745,2886.697242
179.10,103.792759,0.930233,33.483745,2886.697242
179.12,104.323170,0.930233,33.269872,2882.099519
179.14,104.323170,0.930233,33.269872,2882.099519
179.16,104.323170,0.930233,33.269872,2882.099519
179.18,104.323170,0.930233,33.269872,2882.099519
179.20,104.323170,0.930207,33.269872,2882.099519
179.22,104.323170,0.930156,33.269872,2882.099519
179.24,104.323170,0.930095,33.269872,2882.099519
179.26,104.323170,0.930034,33.269872,2882.099519
179.28,104.323170,0.929977,33.269872,2882.099519
179.30,104.323170,0.929928,33.269872,2882.099519
179.32,104.323170,0.929885,33.269872,2882.099519
179.34,104.323170,0.929850,33.269872,2882.099519
179.36,104.323170,0.929821,33.269872,2882.099519
179.38,104.323170,0.929797,33.269872,2882.099519
179.40,104.323170,0.929781,33.269872,2882.099519
179.42,104.323170,0.929781,33.269872,2882.099519
179.44,104.323170,0.929781,33.269872,2882.099519
179.46,104.323170,0.929781,33.269872,2882.099519
179.48,104.323170,0.929781,33.269872,2882.099519
179.50,104.323170,0.929781,33.269872,2882.099519
179.52,104.323170,0.929781,33.269872,2882.099519
179.54,104.323170,0.929781,33.269872,2882.099519
179.56,104.323170,0.929781,33.269872,2882.099519
179.58,104.323170,0.929781,33.269872,2882.099519
179.60,104.323170,0.929781,33.269872,2882.099519
179.62,104.323170,0.929781,33.269872,2882.099519
179.64,104.323170,0.929781,33.269872,2882.099519
179.66,104.323170,0.929781,33.269872,2882.099519
179.68,104.323170,0.929781,33.269872,2882.099519
179.70,104.857937,0.929781,33.060514,2878.474513
179.72,104.857937,0.929781,33.060514,2878.474513
179.74,104.857937,0.929781,33.060514,2878.474513
179.76,104.857937,0.929781,33.060514,2878.474513
179.78,104.857937,0.929752,33.060514,2878.474513
179.80,104.857937,0.929695,33.060514,2878.474513
179.82,104.857937,0.929626,33.060514,2878.474513
179.84,104.857937,0.929557,33.060514,2878.474513
179.86,104.857937,0.929493,33.060514,2878.474513
179.88,104.857937,0.929437,33.060514,2878.474513
179.90,104.857937,0.929389,33.060514,2878.474513
179.92,104.857937,0.929349,33.060514,2878.474513
179.94,104.857937,0.929316,33.060514,2878.474513
179.96,104.857937,0.929289,33.060514,2878.474513
179.98,104.857937,0.929271,33.060514,2878.474513
180.00,104.857937,0.929271,33.060514,2878.474513
180.02,104.857937,0.929271,33.060514,2878.474513
180.04,104.857937,0.929271,33.060514,2878.474513
180.06,104.857937,0.929271,33.060514,2878.474513
180.08,104.857937,0.929271,33.060514,2878.474513
180.10,104.857937,0.929271,33.060514,2878.474513
180.12,104.857937,0.929271,33.060514,2878.474513
180.14,104.857937,0.929271,33.060514,2878.474513
180.16,104.857937,0.929271,33.060514,2878.474513
180.18,104.857937,0.929271,33.060514,2878.474513
180.20,104.857937,0.929271,33.060514,2878.474513
180.22,104.857937,0.929271,33.060514,2878.474513
180.24,104.857937,0.929271,33.060514,2878.474513
180.26,104.857937,0.929271,33.060514,2878.474513
180.28,105.397478,0.929271,32.852858,2874.644302
180.30,105.397478,0.929271,32.852858,2874.644302
180.32,105.397478,0.929271,32.852858,2874.644302
180.34,105.397478,0.929271,32.852858,2874.644302
180.36,105.397478,0.929243,32.852858,2874.644302
180.38,105.397478,0.929192,32.852858,2874.644302
180.40,105.397478,0.929133,32.852858,2874.644302
180.42,105.397478,0.929073,32.852858,2874.644302
180.44,105.397478,0.929019,32.852858,2874.644302
180.46,105.397478,0.928972,32.852858,2874.644302
180.48,105.397478,0.928932,32.852858,2874.644302
180.50,105.397478,0.928899,32.852858,2874.644302
180.52,105.397478,0.928871,32.852858,2874.644302
180.54,105.397478,0.928850,32.852858,2874.644302
180.56,105.397478,0.928841,32.852858,2874.644302
180.58,105.397478,0.928841,32.852858,2874.644302
180.60,105.397478,0.928841,32.852858,2874.644302
180.62,105.397478,0.928841,32.852858,2874.644302
180.64,105.397478,0.928841,32.852858,2874.644302
180.66,105.397478,0.928841,32.852858,2874.644302
180.68,105.397478,0.928841,32.852858,2874.644302
180.70,105.397478,0.928841,32.852858,2874.644302
180.72,105.397478,0.928841,32.852858,2874.644302
180.74,105.397478,0.928841,32.852858,2874.644302
180.76,105.397478,0.928841,32.852858,2874.644302
180.78,105.397478,0.928841,32.852858,2874.644302
180.80,105.397478,0.928841,32.852858,2874.644302
180.82,105.397478,0.928841,32.852858,2874.644302
180.84,105.941314,0.928840,32.870091,2861.631543
180.86,105.941314,0.928840,32.870091,2861.631543
180.88,105.941314,0.928840,32.870091,2861.631543
180.90,105.941314,0.928840,32.870091,2861.631543
180.92,105.941314,0.928822,32.870091,2861.631543
180.94,105.941314,0.928787,32.870091,2861.631543
180.96,105.941314,0.928745,32.870091,2861.631543
180.98,105.941314,0.928703,32.870091,2861.631543
181.00,105.941314,0.928664,32.870091,2861.631543
181.02,105.941314,0.928630,32.870091,2861.631543
181.04,105.941314,0.928601,32.870091,2861.631543
181.06,105.941314,0.928577,32.870091,2861.631543
181.08,105.941314,0.928558,32.870091,2861.631543
181.10,105.941314,0.928543,32.870091,2861.631543
181.12,105.941314,0.928536,32.870091,2861.631543
181.14,105.941314,0.928536,32.870091,2861.631543
181.16,105.941314,0.928536,32.870091,2861.631543
181.18,105.941314,0.928536,32.870091,2861.631543
181.20,105.941314,0.928536,32.870091,2861.631543
181.22,105.941314,0.928536,32.870091,2861.631543
181.24,105.941314,0.928536,32.870091,2861.631543
181.26,105.941314,0.928536,32.870091,2861.631543
181.28,105.941314,0.928536,32.870091,2861.631543
181.30,105.941314,0.928536,32.870091,2861.631543
181.32,105.941314,0.928536,32.870091,2861.631543
181.34,105.941314,0.928536,32.870091,2861.631543
181.36,105.941314,0.928536,32.870091,2861.631543
181.38,105.941314,0.928536,32.870091,2861.631543
181.40,106.489388,0.928536,32.872765,2830.494372
181.42,106.489388,0.928536,32.872765,2830.494372
181.44,106.489388,0.928536,32.872765,2830.494372
181.46,106.489388,0.928536,32.872765,2830.494372
181.48,106.489388,0.928522,32.872765,2830.494372
181.50,106.489388,0.928495,32.872765,2830.494372
181.52,106.489388,0.928463,32.872765,2830.494372
181.54,106.489388,0.928431,32.872765,2830.494372
181.56,106.489388,0.928402,32.872765,2830.494372
181.58,106.489388,0.928376,32.872765,2830.494372
181.60,106.489388,0.928354,32.872765,2830.494372
181.62,106.489388,0.928335,32.872765,2830.494372
181.64,106.489388,0.928320,32.872765,2830.494372
181.66,106.489388,0.928309,32.872765,2830.494372
181.68,106.489388,0.928303,32.872765,2830.494372
181.70,106.489388,0.928303,32.872765,2830.494372
181.72,106.489388,0.928303,32.872765,2830.494372
181.74,106.489388,0.928303,32.872765,2830.494372
181.76,106.489388,0.928303,32.872765,2830.494372
181.78,106.489388,0.928303,32.872765,2830.494372
181.80,106.489388,0.928303,32.872765,2830.494372
181.82,106.489388,0.928303,32.872765,2830.494372
181.84,106.489388,0.928303,32.872765,2830.494372
181.86,106.489388,0.928303,32.872765,2830.494372
181.88,106.489388,0.928303,32.872765,2830.494372
181.90,106.489388,0.928303,32.872765,2830.494372
181.92,106.489388,0.928303,32.872765,2830.494372
181.94,106.489388,0.928303,32.872765,2830.494372
181.96,107.041220,0.928303,32.695870,2817.170886
181.98,107.041220,0.928303,32.695870,2817.170886
182.00,107.041220,0.928303,32.695870,2817.170886
182.02,107.041220,0.928303,32.695870,2817.170886
182.04,107.041220,0.928291,32.695870,2817.170886
182.06,107.041220,0.928266,32.695870,2817.170886
182.08,107.041220,0.928237,32.695870,2817.170886
182.10,107.041220,0.928207,32.695870,2817.170886
182.12,107.041220,0.928180,32.695870,2817.170886
182.14,107.041220,0.928156,32.695870,2817.170886
182.16,107.041220,0.928136,32.695870,2817.170886
182.18,107.041220,0.928119,32.695870,2817.170886
182.20,107.041220,0.928105,32.695870,2817.170886
182.22,107.041220,0.928094,32.695870,2817.170886
182.24,107.041220,0.928090,32.695870,2817.170886
182.26,107.041220,0.928090,32.695870,2817.170886
182.28,107.041220,0.928090,32.695870,2817.170886
182.30,107.041220,0.928090,32.695870,2817.170886
182.32,107.041220,0.928090,32.695870,2817.170886
182.34,107.041220,0.928090,32.695870,2817.170886
182.36,107.041220,0.928090,32.695870,2817.170886
182.38,107.041220,0.928090,32.695870,2817.170886
182.40,107.041220,0.928089,32.695870,2817.170886
182.42,107.041220,0.928089,32.695870,2817.170886
182.44,107.041220,0.928089,32.695870,2817.170886
182.46,107.041220,0.928089,32.695870,2817.170886
182.48,107.041220,0.928089,32.695870,2817.170886
182.50,107.041220,0.928089,32.695870,2817.170886
182.52,107.595759,0.928089,32.469087,2806.936276
182.54,107.595759,0.928089,32.469087,2806.936276
182.56,107.595759,0.928089,32.469087,2806.936276
182.58,107.595759,0.928089,32.469087,2806.936276
182.60,107.595759,0.928076,32.469087,2806.936276
182.62,107.595759,0.928049,32.469087,2806.936276
182.64,107.595759,0.928016,32.469087,2806.936276
182.66,107.595759,0.927983,32.469087,2806.936276
182.68,107.595759,0.927953,32.469087,2806.936276
182.70,107.595759,0.927926,32.469087,2806.936276
182.72,107.595759,0.927904,32.469087,2806.936276
182.74,107.595759,0.927885,32.469087,2806.936276
182.76,107.595759,0.927869,32.469087,2806.936276
182.78,107.595759,0.927857,32.469087,2806.936276
182.80,107.595759,0.927852,32.469087,2806.936276
182.82,107.595759,0.927852,32.469087,2806.936276
182.84,107.595759,0.927852,32.469087,2806.936276
182.86,107.595759,0.927852,32.469087,2806.936276
182.88,107.595759,0.927852,32.469087,2806.936276
182.90,107.595759,0.927852,32.469087,2806.936276
182.92,107.595759,0.927852,32.469087,2806.936276
182.94,107.595759,0.927852,32.469087,2806.936276
182.96,107.595759,0.927852,32.469087,2806.936276
182.98,107.595759,0.927852,32.469087,2806.936276
183.00,107.595759,0.927852,32.469087,2806.936276
183.02,107.595759,0.927852,32.469087,2806.936276
183.04,107.595759,0.927852,32.469087,2806.936276
183.06,107.595759,0.927852,32.469087,2806.936276
183.08,108.152018,0.927852,32.248132,2802.366926
183.10,108.152018,0.927852,32.248132,2802.366926
183.12,108.152018,0.927852,32.248132,2802.366926
183.14,108.152018,0.927852,32.248132,2802.366926
183.16,108.152018,0.927835,32.248132,2802.366926
183.18,108.152018,0.927802,32.248132,2802.366926
183.20,108.152018,0.927762,32.248132,2802.366926
183.22,108.152018,0.927722,32.248132,2802.366926
183.24,108.152018,0.927684,32.248132,2802.366926
183.26,108.152018,0.927652,32.248132,2802.366926
183.28,108.152018,0.927624,32.248132,2802.366926
183.30,108.152018,0.927601,32.248132,2802.366926
183.32,108.152018,0.927581,32.248132,2802.366926
183.34,108.152018,0.927566,32.248132,2802.366926
183.36,108.152018,0.927560,32.248132,2802.366926
183.38,108.152018,0.927560,32.248132,2802.366926
183.40,108.152018,0.927560,32.248132,2802.366926
183.42,108.152018,0.927560,32.248132,2802.366926
183.44,108.152018,0.927560,32.248132,2802.366926
183.46,108.152018,0.927560,32.248132,2802.366926
183.48,108.152018,0.927560,32.248132,2802.366926
183.50,108.152018,0.927560,32.248132,2802.366926
183.52,108.152018,0.927560,32.248132,2802.366926
183.54,108.152018,0.927560,32.248132,2802.366926
183.56,108.152018,0.927560,32.248132,2802.366926
183.58,108.152018,0.927560,32.248132,2802.366926
183.60,108.152018,0.927560,32.248132,2802.366926
183.62,108.152018,0.927560,32.248132,2802.366926
183.64,108.709342,0.927560,32.026793,2796.080718
183.66,108.709342,0.927560,32.026793,2796.080718
183.68,108.709342,0.927560,32.026793,2796.080718
183.70,108.709342,0.927560,32.026793,2796.080718
183.72,108.709342,0.927539,32.026793,2796.080718
183.74,108.709342,0.927498,32.026793,2796.080718
183.76,108.709342,0.927448,32.026793,2796.080718
183.78,108.709342,0.927398,32.026793,2796.080718
183.80,108.709342,0.927351,32.026793,2796.080718
183.82,108.709342,0.927310,32.026793,2796.080718
183.84,108.709342,0.927275,32.026793,2796.080718
183.86,108.709342,0.927246,32.026793,2796.080718
183.88,108.709342,0.927222,32.026793,2796.080718
183.90,108.709342,0.927203,32.026793,2796.080718
183.92,108.709342,0.927194,32.026793,2796.080718
183.94,108.709342,0.927194,32.026793,2796.080718
183.96,108.709342,0.927194,32.026793,2796.080718
183.98,108.709342,0.927194,32.026793,2796.080718
184.00,108.709342,0.927194,32.026793,2796.080718
184.02,108.709342,0.927194,32.026793,2796.080718
184.04,108.709342,0.927194,32.026793,2796.080718
184.06,108.709342,0.927194,32.026793,2796.080718
184.08,108.709342,0.927194,32.026793,2796.080718
184.10,108.709342,0.927194,32.026793,2796.080718
184.12,108.709342,0.927194,32.026793,2796.080718
184.14,108.709342,0.927194,32.026793,2796.080718
184.16,108.709342,0.927194,32.026793,2796.080718
184.18,108.709342,0.927194,32.026793,2796.080718
184.20,109.267565,0.927194,31.806258,2790.131683
184.22,109.267565,0.927194,31.806258,2790.131683
184.24,109.267565,0.927194,31.806258,2790.131683
184.26,109.267565,0.927194,31.806258,2790.131683
184.28,109.267565,0.927165,31.806258,2790.131683
184.30,109.267565,0.927113,31.806258,2790.131683
184.32,109.267565,0.927050,31.806258,2790.131683
184.34,109.267565,0.926988,31.806258,2790.131683
184.36,109.267565,0.926931,31.806258,2790.131683
184.38,109.267565,0.926881,31.806258,2790.131683
184.40,109.267565,0.926839,31.806258,2790.131683
184.42,109.267565,0.926804,31.806258,2790.131683
184.44,109.267565,0.926775,31.806258,2790.131683
184.46,109.267565,0.926756,31.806258,2790.131683
184.48,109.267565,0.926756,31.806258,2790.131683
184.50,109.267565,0.926756,31.806258,2790.131683
184.52,109.267565,0.926756,31.806258,2790.131683
184.54,109.267565,0.926756,31.806258,2790.131683
184.56,109.267565,0.926756,31.806258,2790.131683
184.58,109.267565,0.926756,31.806258,2790.131683
184.60,109.267565,0.926756,31.806258,2790.131683
184.62,109.267565,0.926756,31.806258,2790.131683
184.64,109.267565,0.926756,31.806258,2790.131683
184.66,109.267565,0.926756,31.806258,2790.131683
184.68,109.267565,0.926756,31.806258,2790.131683
184.70,109.267565,0.926756,31.806258,2790.131683
184.72,109.267565,0.926756,31.806258,2790.131683
184.74,109.826568,0.926756,31.681575,2735.777004
184.76,109.826568,0.926756,31.681575,2735.777004
184.78,109.826568,0.926756,31.681575,2735.777004
184.80,109.826568,0.926756,31.681575,2735.777004
184.82,109.826568,0.926727,31.681575,2735.777004
184.84,109.826568,0.926674,31.681575,2735.777004
184.86,109.826568,0.926611,31.681575,2735.777004
184.88,109.826568,0.926547,31.681575,2735.777004
184.90,109.826568,0.926489,31.681575,2735.777004
184.92,109.826568,0.926438,31.681575,2735.777004
184.94,109.826568,0.926395,31.681575,2735.777004
184.96,109.826568,0.926358,31.681575,2735.777004
184.98,109.826568,0.926329,31.681575,2735.777004
185.00,109.826568,0.926308,31.681575,2735.777004
185.02,109.826568,0.926308,31.681575,2735.777004
185.04,109.826568,0.926308,31.681575,2735.777004
185.06,109.826568,0.926308,31.681575,2735.777004
185.08,109.826568,0.926308,31.681575,2735.777004
185.10,109.826568,0.926308,31.681575,2735.777004
185.12,109.826568,0.926308,31.681575,2735.777004
185.14,109.826568,0.926308,31.681575,2735.777004
185.16,109.826568,0.926308,31.681575,2735.777004
185.18,109.826568,0.926308,31.681575,2735.777004
185.20,109.826568,0.926308,31.681575,2735.777004
185.22,109.826568,0.926308,31.681575,2735.777004
185.24,109.826568,0.926308,31.681575,2735.777004
185.26,109.826568,0.926308,31.681575,2735.777004
185.28,110.386410,0.926308,31.598446,2713.761207
185.30,110.386410,0.926308,31.598446,2713.761207
185.32,110.386410,0.926308,31.598446,2713.761207
185.34,110.386410,0.926308,31.598446,2713.761207
185.36,110.386410,0.926285,31.598446,2713.761207
185.38,110.386410,0.926241,31.598446,2713.761207
185.40,110.386410,0.926189,31.598446,2713.761207
185.42,110.386410,0.926136,31.598446,2713.761207
185.44,110.386410,0.926088,31.598446,2713.761207
185.46,110.386410,0.926045,31.598446,2713.761207
185.48,110.386410,0.926009,31.598446,2713.761207
185.50,110.386410,0.925979,31.598446,2713.761207
185.52,110.386410,0.925955,31.598446,2713.761207
185.54,110.386410,0.925938,31.598446,2713.761207
185.56,110.386410,0.925937,31.598446,2713.761207
185.58,110.386410,0.925937,31.598446,2713.761207
185.60,110.386410,0.925937,31.598446,2713.761207
185.62,110.386410,0.925937,31.598446,2713.761207
185.64,110.386410,0.925937,31.598446,2713.761207
185.66,110.386410,0.925937,31.598446,2713.761207
185.68,110.386410,0.925937,31.598446,2713.761207
185.70,110.386410,0.925937,31.598446,2713.761207
185.72,110.386410,0.925937,31.598446,2713.761207
185.74,110.386410,0.925937,31.598446,2713.761207
185.76,110.386410,0.925937,31.598446,2713.761207
185.78,110.386410,0.925937,31.598446,2713.761207
185.80,110.386410,0.925937,31.598446,2713.761207
185.82,110.948538,0.925937,31.411629,2703.757580
185.84,110.948538,0.925937,31.411629,2703.757580
185.86,110.948538,0.925937,31.411629,2703.757580
185.88,110.948538,0.925937,31.411629,2703.757580
185.90,110.948538,0.925920,31.411629,2703.757580
185.92,110.948538,0.925885,31.411629,2703.757580
185.94,110.948538,0.925844,31.411629,2703.757580
185.96,110.948538,0.925803,31.411629,2703.757580
185.98,110.948538,0.925765,31.411629,2703.757580
186.00,110.948538,0.925731,31.411629,2703.757580
186.02,110.948538,0.925703,31.411629,2703.757580
186.04,110.948538,0.925679,31.411629,2703.757580
186.06,110.948538,0.925659,31.411629,2703.757580
186.08,110.948538,0.925646,31.411629,2703.757580
186.10,110.948538,0.925646,31.411629,2703.757580
186.12,110.948538,0.925646,31.411629,2703.757580
186.14,110.948538,0.925646,31.411629,2703.757580
186.16,110.948538,0.925646,31.411629,2703.757580
186.18,110.948538,0.925646,31.411629,2703.757580
186.20,110.948538,0.925646,31.411629,2703.757580
186.22,110.948538,0.925646,31.411629,2703.757580
186.24,110.948538,0.925646,31.411629,2703.757580
186.26,110.948538,0.925646,31.411629,2703.757580
186.28,110.948538,0.925646,31.411629,2703.757580
186.30,110.948538,0.925646,31.411629,2703.757580
186.32,110.948538,0.925646,31.411629,2703.757580
186.34,110.948538,0.925646,31.411629,2703.757580
186.36,111.514679,0.925646,31.203207,2697.247917
186.38,111.514679,0.925646,31.203207,2697.247917
186.40,111.514679,0.925646,31.203207,2697.247917
186.42,111.514679,0.925646,31.203207,2697.247917
186.44,111.514679,0.925631,31.203207,2697.247917
186.46,111.514679,0.925602,31.203207,2697.247917
186.48,111.514679,0.925567,31.203207,2697.247917
186.50,111.514679,0.925532,31.203207,2697.247917
186.52,111.514679,0.925500,31.203207,2697.247917
186.54,111.514679,0.925471,31.203207,2697.247917
186.56,111.514679,0.925447,31.203207,2697.247917
186.58,111.514679,0.925427,31.203207,2697.247917
186.60,111.514679,0.925410,31.203207,2697.247917
186.62,111.514679,0.925399,31.203207,2697.247917
186.64,111.514679,0.925399,31.203207,2697.247917
186.66,111.514679,0.925399,31.203207,2697.247917
186.68,111.514679,0.925399,31.203207,2697.247917
186.70,111.514679,0.925399,31.203207,2697.247917
186.72,111.514679,0.925399,31.203207,2697.247917
186.74,111.514679,0.925399,31.203207,2697.247917
186.76,111.514679,0.925399,31.203207,2697.247917
186.78,111.514679,0.925399,31.203207,2697.247917
186.80,111.514679,0.925399,31.203207,2697.247917
186.82,111.514679,0.925399,31.203207,2697.247917
186.84,111.514679,0.925399,31.203207,2697.247917
186.86,111.514679,0.925399,31.203207,2697.247917
186.88,111.514679,0.925399,31.203207,2697.247917
186.90,112.084862,0.925399,30.992451,2691.773024
186.92,112.084862,0.925399,30.992451,2691.773024
186.94,112.084862,0.925399,30.992451,2691.773024
186.96,112.084862,0.925399,30.992451,2691.773024
186.98,112.084862,0.925385,30.992451,2691.773024
187.00,112.084862,0.925357,30.992451,2691.773024
187.02,112.084862,0.925324,30.992451,2691.773024
187.04,112.084862,0.925290,30.992451,2691.773024
187.06,112.084862,0.925259,30.992451,2691.773024
187.08,112.084862,0.925232,30.992451,2691.773024
187.10,112.084862,0.925209,30.992451,2691.773024
187.12,112.084862,0.925189,30.992451,2691.773024
187.14,112.084862,0.925174,30.992451,2691.773024
187.16,112.084862,0.925162,30.992451,2691.773024
187.18,112.084862,0.925162,30.992451,2691.773024
187.20,112.084862,0.925162,30.992451,2691.773024
187.22,112.084862,0.925162,30.992451,2691.773024
187.24,112.084862,0.925162,30.992451,2691.773024
187.26,112.084862,0.925162,30.992451,2691.773024
187.28,112.084862,0.925162,30.992451,2691.773024
187.28,112.084862,0.925162,30.992451,2691.773024
